filename,saved_path
0002c9d5-dc98-49c8-a519-66959cbf995b.jpg,c:\Users\IMG_PRO\Desktop\Image-Processing-Course-2025\Lab6_Hyperparameter-Tuning\data\denoised_lab6_top1\0002c9d5-dc98-49c8-a519-66959cbf995b.jpg
0016e096-cdf6-459e-9d40-6955d3d310d8.jpg,c:\Users\IMG_PRO\Desktop\Image-Processing-Course-2025\Lab6_Hyperparameter-Tuning\data\denoised_lab6_top1\0016e096-cdf6-459e-9d40-6955d3d310d8.jpg
003610c3-3e7b-40e5-8b08-7321ea22b680.jpg,c:\Users\IMG_PRO\Desktop\Image-Processing-Course-2025\Lab6_Hyperparameter-Tuning\data\denoised_lab6_top1\003610c3-3e7b-40e5-8b08-7321ea22b680.jpg
008cb17a-6bd2-4146-bdda-d08d31d9bc97.jpg,c:\Users\IMG_PRO\Desktop\Image-Processing-Course-2025\Lab6_Hyperparameter-Tuning\data\denoised_lab6_top1\008cb17a-6bd2-4146-bdda-d08d31d9bc97.jpg
008e3815-e5ec-4a32-b3bc-b4449bb8f3fa.jpg,c:\Users\IMG_PRO\Desktop\Image-Processing-Course-2025\Lab6_Hyperparameter-Tuning\data\denoised_lab6_top1\008e3815-e5ec-4a32-b3bc-b4449bb8f3fa.jpg
009371a7-cc8e-4835-9916-9128d8cd0574.jpg,c:\Users\IMG_PRO\Desktop\Image-Processing-Course-2025\Lab6_Hyperparameter-Tuning\data\denoised_lab6_top1\009371a7-cc8e-4835-9916-9128d8cd0574.jpg
00a62fb6-9f93-441e-995c-a1a3ef6b2dd3.jpg,c:\Users\IMG_PRO\Desktop\Image-Processing-Course-2025\Lab6_Hyperparameter-Tuning\data\denoised_lab6_top1\00a62fb6-9f93-441e-995c-a1a3ef6b2dd3.jpg
00d43227-8d38-4f42-af89-70da04ff5db4.jpg,c:\Users\IMG_PRO\Desktop\Image-Processing-Course-2025\Lab6_Hyperparameter-Tuning\data\denoised_lab6_top1\00d43227-8d38-4f42-af89-70da04ff5db4.jpg
012cb0f0-5313-4b0d-8a7b-6a50981c669d.jpg,c:\Users\IMG_PRO\Desktop\Image-Processing-Course-2025\Lab6_Hyperparameter-Tuning\data\denoised_lab6_top1\012cb0f0-5313-4b0d-8a7b-6a50981c669d.jpg
016bbe0d-030d-44b0-962a-df6a5f0313b7.jpg,c:\Users\IMG_PRO\Desktop\Image-Processing-Course-2025\Lab6_Hyperparameter-Tuning\data\denoised_lab6_top1\016bbe0d-030d-44b0-962a-df6a5f0313b7.jpg
017a969c-0e53-4970-b6b1-9daa3d8e8e96.jpg,c:\Users\IMG_PRO\Desktop\Image-Processing-Course-2025\Lab6_Hyperparameter-Tuning\data\denoised_lab6_top1\017a969c-0e53-4970-b6b1-9daa3d8e8e96.jpg
017f89f9-2174-4cc0-8ad0-b6c38e5b5762.jpg,c:\Users\IMG_PRO\Desktop\Image-Processing-Course-2025\Lab6_Hyperparameter-Tuning\data\denoised_lab6_top1\017f89f9-2174-4cc0-8ad0-b6c38e5b5762.jpg
01cb5481-f010-436e-850d-94a799d64379.jpg,c:\Users\IMG_PRO\Desktop\Image-Processing-Course-2025\Lab6_Hyperparameter-Tuning\data\denoised_lab6_top1\01cb5481-f010-436e-850d-94a799d64379.jpg
01f1c877-85a7-4d37-bd74-825695d74523.jpg,c:\Users\IMG_PRO\Desktop\Image-Processing-Course-2025\Lab6_Hyperparameter-Tuning\data\denoised_lab6_top1\01f1c877-85a7-4d37-bd74-825695d74523.jpg
0214ff58-f549-490b-a54f-9219ac620aed.jpg,c:\Users\IMG_PRO\Desktop\Image-Processing-Course-2025\Lab6_Hyperparameter-Tuning\data\denoised_lab6_top1\0214ff58-f549-490b-a54f-9219ac620aed.jpg
024c463b-cd8c-4210-a9e2-9687f26da51c.jpg,c:\Users\IMG_PRO\Desktop\Image-Processing-Course-2025\Lab6_Hyperparameter-Tuning\data\denoised_lab6_top1\024c463b-cd8c-4210-a9e2-9687f26da51c.jpg
028dab14-ecd1-482b-9db4-7f129f31a732.jpg,c:\Users\IMG_PRO\Desktop\Image-Processing-Course-2025\Lab6_Hyperparameter-Tuning\data\denoised_lab6_top1\028dab14-ecd1-482b-9db4-7f129f31a732.jpg
02b4cee5-fde0-4925-af59-bd1d7cf8fa8a.jpg,c:\Users\IMG_PRO\Desktop\Image-Processing-Course-2025\Lab6_Hyperparameter-Tuning\data\denoised_lab6_top1\02b4cee5-fde0-4925-af59-bd1d7cf8fa8a.jpg
03069df5-48e5-4994-8e7d-3f2f49393069.jpg,c:\Users\IMG_PRO\Desktop\Image-Processing-Course-2025\Lab6_Hyperparameter-Tuning\data\denoised_lab6_top1\03069df5-48e5-4994-8e7d-3f2f49393069.jpg
037b8999-7709-441b-adea-d577f809877c.jpg,c:\Users\IMG_PRO\Desktop\Image-Processing-Course-2025\Lab6_Hyperparameter-Tuning\data\denoised_lab6_top1\037b8999-7709-441b-adea-d577f809877c.jpg
0380ecef-78e6-4b02-a1e7-5f08ee188586.jpg,c:\Users\IMG_PRO\Desktop\Image-Processing-Course-2025\Lab6_Hyperparameter-Tuning\data\denoised_lab6_top1\0380ecef-78e6-4b02-a1e7-5f08ee188586.jpg
03b7f8bd-9727-4b12-a61a-502365670235.jpg,c:\Users\IMG_PRO\Desktop\Image-Processing-Course-2025\Lab6_Hyperparameter-Tuning\data\denoised_lab6_top1\03b7f8bd-9727-4b12-a61a-502365670235.jpg
03c9ba79-34db-4c0e-93f9-c80e0c503e54.jpg,c:\Users\IMG_PRO\Desktop\Image-Processing-Course-2025\Lab6_Hyperparameter-Tuning\data\denoised_lab6_top1\03c9ba79-34db-4c0e-93f9-c80e0c503e54.jpg
045c7b21-2416-4cb4-b0f6-69201966099a.jpg,c:\Users\IMG_PRO\Desktop\Image-Processing-Course-2025\Lab6_Hyperparameter-Tuning\data\denoised_lab6_top1\045c7b21-2416-4cb4-b0f6-69201966099a.jpg
0490fdd3-633c-42bf-bfb3-32bb8ce5e176.jpg,c:\Users\IMG_PRO\Desktop\Image-Processing-Course-2025\Lab6_Hyperparameter-Tuning\data\denoised_lab6_top1\0490fdd3-633c-42bf-bfb3-32bb8ce5e176.jpg
0491e4d8-d90d-4557-a192-827ec21c974d.jpg,c:\Users\IMG_PRO\Desktop\Image-Processing-Course-2025\Lab6_Hyperparameter-Tuning\data\denoised_lab6_top1\0491e4d8-d90d-4557-a192-827ec21c974d.jpg
049bd19f-ab32-47e2-9fa5-17294d32c405.jpg,c:\Users\IMG_PRO\Desktop\Image-Processing-Course-2025\Lab6_Hyperparameter-Tuning\data\denoised_lab6_top1\049bd19f-ab32-47e2-9fa5-17294d32c405.jpg
04b37788-bc30-4256-a0fc-160dafdc2163.jpg,c:\Users\IMG_PRO\Desktop\Image-Processing-Course-2025\Lab6_Hyperparameter-Tuning\data\denoised_lab6_top1\04b37788-bc30-4256-a0fc-160dafdc2163.jpg
04c8c43b-5c2a-418e-9ffe-f5a0874dceb6.jpg,c:\Users\IMG_PRO\Desktop\Image-Processing-Course-2025\Lab6_Hyperparameter-Tuning\data\denoised_lab6_top1\04c8c43b-5c2a-418e-9ffe-f5a0874dceb6.jpg
04d6af54-b6f8-46a2-bd00-a5723b316883.jpg,c:\Users\IMG_PRO\Desktop\Image-Processing-Course-2025\Lab6_Hyperparameter-Tuning\data\denoised_lab6_top1\04d6af54-b6f8-46a2-bd00-a5723b316883.jpg
05024d3c-5734-412c-b494-dca51a3fffa7.jpg,c:\Users\IMG_PRO\Desktop\Image-Processing-Course-2025\Lab6_Hyperparameter-Tuning\data\denoised_lab6_top1\05024d3c-5734-412c-b494-dca51a3fffa7.jpg
05076ae5-639c-416c-8ffb-32fec42c2c64.jpg,c:\Users\IMG_PRO\Desktop\Image-Processing-Course-2025\Lab6_Hyperparameter-Tuning\data\denoised_lab6_top1\05076ae5-639c-416c-8ffb-32fec42c2c64.jpg
0526d0a3-3dbe-4f93-a37c-7c077fd88e86.jpg,c:\Users\IMG_PRO\Desktop\Image-Processing-Course-2025\Lab6_Hyperparameter-Tuning\data\denoised_lab6_top1\0526d0a3-3dbe-4f93-a37c-7c077fd88e86.jpg
053f277c-66bd-4984-965d-8fbfbc2dc464.jpg,c:\Users\IMG_PRO\Desktop\Image-Processing-Course-2025\Lab6_Hyperparameter-Tuning\data\denoised_lab6_top1\053f277c-66bd-4984-965d-8fbfbc2dc464.jpg
0541563d-4f4f-4588-9e07-b0c4fe58bac3.jpg,c:\Users\IMG_PRO\Desktop\Image-Processing-Course-2025\Lab6_Hyperparameter-Tuning\data\denoised_lab6_top1\0541563d-4f4f-4588-9e07-b0c4fe58bac3.jpg
05448d53-5b95-4a2c-867d-0cee307fb670.jpg,c:\Users\IMG_PRO\Desktop\Image-Processing-Course-2025\Lab6_Hyperparameter-Tuning\data\denoised_lab6_top1\05448d53-5b95-4a2c-867d-0cee307fb670.jpg
055e52a7-21f0-45ce-a18a-53845dfbf521.jpg,c:\Users\IMG_PRO\Desktop\Image-Processing-Course-2025\Lab6_Hyperparameter-Tuning\data\denoised_lab6_top1\055e52a7-21f0-45ce-a18a-53845dfbf521.jpg
058cb373-616e-4be1-b15d-f913a21f95d8.jpg,c:\Users\IMG_PRO\Desktop\Image-Processing-Course-2025\Lab6_Hyperparameter-Tuning\data\denoised_lab6_top1\058cb373-616e-4be1-b15d-f913a21f95d8.jpg
05a37e0a-675c-4462-b601-9c1a74a0afcb.jpg,c:\Users\IMG_PRO\Desktop\Image-Processing-Course-2025\Lab6_Hyperparameter-Tuning\data\denoised_lab6_top1\05a37e0a-675c-4462-b601-9c1a74a0afcb.jpg
05b11570-b904-46ae-91f4-61a595c4214b.jpg,c:\Users\IMG_PRO\Desktop\Image-Processing-Course-2025\Lab6_Hyperparameter-Tuning\data\denoised_lab6_top1\05b11570-b904-46ae-91f4-61a595c4214b.jpg
05bd1a7c-20f0-4127-ba50-eee01dde624d.jpg,c:\Users\IMG_PRO\Desktop\Image-Processing-Course-2025\Lab6_Hyperparameter-Tuning\data\denoised_lab6_top1\05bd1a7c-20f0-4127-ba50-eee01dde624d.jpg
05c3c18f-2f4e-4ae1-834f-6e31be41cba5.jpg,c:\Users\IMG_PRO\Desktop\Image-Processing-Course-2025\Lab6_Hyperparameter-Tuning\data\denoised_lab6_top1\05c3c18f-2f4e-4ae1-834f-6e31be41cba5.jpg
05c40d8a-c5df-414a-ba5a-86c261a1a2af.jpg,c:\Users\IMG_PRO\Desktop\Image-Processing-Course-2025\Lab6_Hyperparameter-Tuning\data\denoised_lab6_top1\05c40d8a-c5df-414a-ba5a-86c261a1a2af.jpg
05d6022e-c58d-4d7f-b6d1-d969cf45bc19.jpg,c:\Users\IMG_PRO\Desktop\Image-Processing-Course-2025\Lab6_Hyperparameter-Tuning\data\denoised_lab6_top1\05d6022e-c58d-4d7f-b6d1-d969cf45bc19.jpg
05e19b88-ad39-45d5-8f47-0026ed00d954.jpg,c:\Users\IMG_PRO\Desktop\Image-Processing-Course-2025\Lab6_Hyperparameter-Tuning\data\denoised_lab6_top1\05e19b88-ad39-45d5-8f47-0026ed00d954.jpg
060687f8-dfef-420b-9a16-89a3c0b2c351.jpg,c:\Users\IMG_PRO\Desktop\Image-Processing-Course-2025\Lab6_Hyperparameter-Tuning\data\denoised_lab6_top1\060687f8-dfef-420b-9a16-89a3c0b2c351.jpg
060b2312-ff11-4676-8d1f-e402bd6e6097.jpg,c:\Users\IMG_PRO\Desktop\Image-Processing-Course-2025\Lab6_Hyperparameter-Tuning\data\denoised_lab6_top1\060b2312-ff11-4676-8d1f-e402bd6e6097.jpg
0626ca05-15c0-4daf-b91e-c875b428648a.jpg,c:\Users\IMG_PRO\Desktop\Image-Processing-Course-2025\Lab6_Hyperparameter-Tuning\data\denoised_lab6_top1\0626ca05-15c0-4daf-b91e-c875b428648a.jpg
062ee47d-d2bc-44f1-9d3c-65cdffe387f4.jpg,c:\Users\IMG_PRO\Desktop\Image-Processing-Course-2025\Lab6_Hyperparameter-Tuning\data\denoised_lab6_top1\062ee47d-d2bc-44f1-9d3c-65cdffe387f4.jpg
063633b9-44a7-4e61-a9e7-4d7e4d7e4f93.jpg,c:\Users\IMG_PRO\Desktop\Image-Processing-Course-2025\Lab6_Hyperparameter-Tuning\data\denoised_lab6_top1\063633b9-44a7-4e61-a9e7-4d7e4d7e4f93.jpg
066f8bdd-9e0c-4839-9573-b7797954e627.jpg,c:\Users\IMG_PRO\Desktop\Image-Processing-Course-2025\Lab6_Hyperparameter-Tuning\data\denoised_lab6_top1\066f8bdd-9e0c-4839-9573-b7797954e627.jpg
06a83562-893b-4d45-a556-54c849d2b218.jpg,c:\Users\IMG_PRO\Desktop\Image-Processing-Course-2025\Lab6_Hyperparameter-Tuning\data\denoised_lab6_top1\06a83562-893b-4d45-a556-54c849d2b218.jpg
07605004-e6ab-414a-91aa-2d4fee80d12c.jpg,c:\Users\IMG_PRO\Desktop\Image-Processing-Course-2025\Lab6_Hyperparameter-Tuning\data\denoised_lab6_top1\07605004-e6ab-414a-91aa-2d4fee80d12c.jpg
07721c76-ecd2-4124-87b9-219d4767ff0e.jpg,c:\Users\IMG_PRO\Desktop\Image-Processing-Course-2025\Lab6_Hyperparameter-Tuning\data\denoised_lab6_top1\07721c76-ecd2-4124-87b9-219d4767ff0e.jpg
077df9ff-2b0b-4e0e-9814-bdf0f29cd7fd.jpg,c:\Users\IMG_PRO\Desktop\Image-Processing-Course-2025\Lab6_Hyperparameter-Tuning\data\denoised_lab6_top1\077df9ff-2b0b-4e0e-9814-bdf0f29cd7fd.jpg
080adea2-8bca-4eed-bc84-2c64992136c4.jpg,c:\Users\IMG_PRO\Desktop\Image-Processing-Course-2025\Lab6_Hyperparameter-Tuning\data\denoised_lab6_top1\080adea2-8bca-4eed-bc84-2c64992136c4.jpg
0812df83-990a-4ec7-9ccf-b5a89bfce764.jpg,c:\Users\IMG_PRO\Desktop\Image-Processing-Course-2025\Lab6_Hyperparameter-Tuning\data\denoised_lab6_top1\0812df83-990a-4ec7-9ccf-b5a89bfce764.jpg
083fcbba-e7a1-49b4-94d0-9de6aba26423.jpg,c:\Users\IMG_PRO\Desktop\Image-Processing-Course-2025\Lab6_Hyperparameter-Tuning\data\denoised_lab6_top1\083fcbba-e7a1-49b4-94d0-9de6aba26423.jpg
084b9b40-e916-43e0-96a2-6493a618ad03.jpg,c:\Users\IMG_PRO\Desktop\Image-Processing-Course-2025\Lab6_Hyperparameter-Tuning\data\denoised_lab6_top1\084b9b40-e916-43e0-96a2-6493a618ad03.jpg
085af449-6428-48a7-9c46-a6b49bfae148.jpg,c:\Users\IMG_PRO\Desktop\Image-Processing-Course-2025\Lab6_Hyperparameter-Tuning\data\denoised_lab6_top1\085af449-6428-48a7-9c46-a6b49bfae148.jpg
08a683c1-d12f-4b7b-afa5-eb37213adabf.jpg,c:\Users\IMG_PRO\Desktop\Image-Processing-Course-2025\Lab6_Hyperparameter-Tuning\data\denoised_lab6_top1\08a683c1-d12f-4b7b-afa5-eb37213adabf.jpg
08e1babf-3e3e-4dfb-b539-c0465f0d9e57.jpg,c:\Users\IMG_PRO\Desktop\Image-Processing-Course-2025\Lab6_Hyperparameter-Tuning\data\denoised_lab6_top1\08e1babf-3e3e-4dfb-b539-c0465f0d9e57.jpg
0906b938-e0e7-42ab-b86b-1559a5d667e8.jpg,c:\Users\IMG_PRO\Desktop\Image-Processing-Course-2025\Lab6_Hyperparameter-Tuning\data\denoised_lab6_top1\0906b938-e0e7-42ab-b86b-1559a5d667e8.jpg
09377072-ce17-4c71-9f6f-d18af1610281.jpg,c:\Users\IMG_PRO\Desktop\Image-Processing-Course-2025\Lab6_Hyperparameter-Tuning\data\denoised_lab6_top1\09377072-ce17-4c71-9f6f-d18af1610281.jpg
09521182-3c96-4bf0-bdcd-88a83b66c81d.jpg,c:\Users\IMG_PRO\Desktop\Image-Processing-Course-2025\Lab6_Hyperparameter-Tuning\data\denoised_lab6_top1\09521182-3c96-4bf0-bdcd-88a83b66c81d.jpg
0977dbd7-d97c-4fc4-80e5-58926ac207a4.jpg,c:\Users\IMG_PRO\Desktop\Image-Processing-Course-2025\Lab6_Hyperparameter-Tuning\data\denoised_lab6_top1\0977dbd7-d97c-4fc4-80e5-58926ac207a4.jpg
09acd267-9be4-4a92-a8e6-db04aedccbe6.jpg,c:\Users\IMG_PRO\Desktop\Image-Processing-Course-2025\Lab6_Hyperparameter-Tuning\data\denoised_lab6_top1\09acd267-9be4-4a92-a8e6-db04aedccbe6.jpg
09cc8346-13f9-476c-a0ad-32c3b4caa970.jpg,c:\Users\IMG_PRO\Desktop\Image-Processing-Course-2025\Lab6_Hyperparameter-Tuning\data\denoised_lab6_top1\09cc8346-13f9-476c-a0ad-32c3b4caa970.jpg
0a92d5cc-7d24-42ee-a96b-85f15bc8debe.jpg,c:\Users\IMG_PRO\Desktop\Image-Processing-Course-2025\Lab6_Hyperparameter-Tuning\data\denoised_lab6_top1\0a92d5cc-7d24-42ee-a96b-85f15bc8debe.jpg
0aaaff7a-4436-4a7c-b1c5-b3c55b0ab270.jpg,c:\Users\IMG_PRO\Desktop\Image-Processing-Course-2025\Lab6_Hyperparameter-Tuning\data\denoised_lab6_top1\0aaaff7a-4436-4a7c-b1c5-b3c55b0ab270.jpg
0b02fe0d-5565-4f74-8024-81d1472b5aad.jpg,c:\Users\IMG_PRO\Desktop\Image-Processing-Course-2025\Lab6_Hyperparameter-Tuning\data\denoised_lab6_top1\0b02fe0d-5565-4f74-8024-81d1472b5aad.jpg
0b1a2b4a-3997-4ac8-ab3b-5914620008d4.jpg,c:\Users\IMG_PRO\Desktop\Image-Processing-Course-2025\Lab6_Hyperparameter-Tuning\data\denoised_lab6_top1\0b1a2b4a-3997-4ac8-ab3b-5914620008d4.jpg
0b4e4401-7d82-40e6-b8f6-b871ab573213.jpg,c:\Users\IMG_PRO\Desktop\Image-Processing-Course-2025\Lab6_Hyperparameter-Tuning\data\denoised_lab6_top1\0b4e4401-7d82-40e6-b8f6-b871ab573213.jpg
0b7572ec-eb8f-4fac-830b-70ebc2d01295.jpg,c:\Users\IMG_PRO\Desktop\Image-Processing-Course-2025\Lab6_Hyperparameter-Tuning\data\denoised_lab6_top1\0b7572ec-eb8f-4fac-830b-70ebc2d01295.jpg
0ba9617a-78fd-4941-8067-ac855016fa09.jpg,c:\Users\IMG_PRO\Desktop\Image-Processing-Course-2025\Lab6_Hyperparameter-Tuning\data\denoised_lab6_top1\0ba9617a-78fd-4941-8067-ac855016fa09.jpg
0c67664d-1f09-4c62-86b6-d3d6ab07378d.jpg,c:\Users\IMG_PRO\Desktop\Image-Processing-Course-2025\Lab6_Hyperparameter-Tuning\data\denoised_lab6_top1\0c67664d-1f09-4c62-86b6-d3d6ab07378d.jpg
0c86fac7-421d-4f50-9001-574ce63a360d.jpg,c:\Users\IMG_PRO\Desktop\Image-Processing-Course-2025\Lab6_Hyperparameter-Tuning\data\denoised_lab6_top1\0c86fac7-421d-4f50-9001-574ce63a360d.jpg
0cb76d7c-90dd-4751-8bed-da79657490b7.jpg,c:\Users\IMG_PRO\Desktop\Image-Processing-Course-2025\Lab6_Hyperparameter-Tuning\data\denoised_lab6_top1\0cb76d7c-90dd-4751-8bed-da79657490b7.jpg
0cb92bc9-29b9-43be-9b76-e009345bb6e6.jpg,c:\Users\IMG_PRO\Desktop\Image-Processing-Course-2025\Lab6_Hyperparameter-Tuning\data\denoised_lab6_top1\0cb92bc9-29b9-43be-9b76-e009345bb6e6.jpg
0cd79d98-7dff-43be-98f3-70cf2e9d8e55.jpg,c:\Users\IMG_PRO\Desktop\Image-Processing-Course-2025\Lab6_Hyperparameter-Tuning\data\denoised_lab6_top1\0cd79d98-7dff-43be-98f3-70cf2e9d8e55.jpg
0cdc32f7-43bb-4591-ad6d-9ffb21046523.jpg,c:\Users\IMG_PRO\Desktop\Image-Processing-Course-2025\Lab6_Hyperparameter-Tuning\data\denoised_lab6_top1\0cdc32f7-43bb-4591-ad6d-9ffb21046523.jpg
0cffe6ba-53b2-4ad2-8db1-b751423a9242.jpg,c:\Users\IMG_PRO\Desktop\Image-Processing-Course-2025\Lab6_Hyperparameter-Tuning\data\denoised_lab6_top1\0cffe6ba-53b2-4ad2-8db1-b751423a9242.jpg
0d031d1a-5e5b-4f76-bda7-037ea19633ac.jpg,c:\Users\IMG_PRO\Desktop\Image-Processing-Course-2025\Lab6_Hyperparameter-Tuning\data\denoised_lab6_top1\0d031d1a-5e5b-4f76-bda7-037ea19633ac.jpg
0d7ff048-dca6-46b8-b79a-67fe3e473c99.jpg,c:\Users\IMG_PRO\Desktop\Image-Processing-Course-2025\Lab6_Hyperparameter-Tuning\data\denoised_lab6_top1\0d7ff048-dca6-46b8-b79a-67fe3e473c99.jpg
0db716a0-f9f0-460e-b12e-1823fc2a85f4.jpg,c:\Users\IMG_PRO\Desktop\Image-Processing-Course-2025\Lab6_Hyperparameter-Tuning\data\denoised_lab6_top1\0db716a0-f9f0-460e-b12e-1823fc2a85f4.jpg
0e297dba-2309-41cc-bd13-73772742b0c1.jpg,c:\Users\IMG_PRO\Desktop\Image-Processing-Course-2025\Lab6_Hyperparameter-Tuning\data\denoised_lab6_top1\0e297dba-2309-41cc-bd13-73772742b0c1.jpg
0e3953a7-83be-443c-84b1-76291f493083.jpg,c:\Users\IMG_PRO\Desktop\Image-Processing-Course-2025\Lab6_Hyperparameter-Tuning\data\denoised_lab6_top1\0e3953a7-83be-443c-84b1-76291f493083.jpg
0e47dff3-c57f-4d91-82ca-7c04799e2e7e.jpg,c:\Users\IMG_PRO\Desktop\Image-Processing-Course-2025\Lab6_Hyperparameter-Tuning\data\denoised_lab6_top1\0e47dff3-c57f-4d91-82ca-7c04799e2e7e.jpg
0e5bb360-d580-46a0-9a0b-b8b0a5550f30.jpg,c:\Users\IMG_PRO\Desktop\Image-Processing-Course-2025\Lab6_Hyperparameter-Tuning\data\denoised_lab6_top1\0e5bb360-d580-46a0-9a0b-b8b0a5550f30.jpg
0eaac92e-0c7d-4c0e-9b6b-d77c6cf52bdb.jpg,c:\Users\IMG_PRO\Desktop\Image-Processing-Course-2025\Lab6_Hyperparameter-Tuning\data\denoised_lab6_top1\0eaac92e-0c7d-4c0e-9b6b-d77c6cf52bdb.jpg
0ecaa781-0031-44f4-8143-0ef6b4fcd411.jpg,c:\Users\IMG_PRO\Desktop\Image-Processing-Course-2025\Lab6_Hyperparameter-Tuning\data\denoised_lab6_top1\0ecaa781-0031-44f4-8143-0ef6b4fcd411.jpg
0edb2e88-d910-49e3-b4de-9390ef11e834.jpg,c:\Users\IMG_PRO\Desktop\Image-Processing-Course-2025\Lab6_Hyperparameter-Tuning\data\denoised_lab6_top1\0edb2e88-d910-49e3-b4de-9390ef11e834.jpg
0edb4154-264e-484f-b255-2ccc8a6dacc1.jpg,c:\Users\IMG_PRO\Desktop\Image-Processing-Course-2025\Lab6_Hyperparameter-Tuning\data\denoised_lab6_top1\0edb4154-264e-484f-b255-2ccc8a6dacc1.jpg
0ee70880-53f4-44a5-aa31-3b5f5370d5f7.jpg,c:\Users\IMG_PRO\Desktop\Image-Processing-Course-2025\Lab6_Hyperparameter-Tuning\data\denoised_lab6_top1\0ee70880-53f4-44a5-aa31-3b5f5370d5f7.jpg
0ef03313-a125-4df2-ada4-885ede908dab.jpg,c:\Users\IMG_PRO\Desktop\Image-Processing-Course-2025\Lab6_Hyperparameter-Tuning\data\denoised_lab6_top1\0ef03313-a125-4df2-ada4-885ede908dab.jpg
0f095585-9829-4a46-868c-f1cb1cf275e4.jpg,c:\Users\IMG_PRO\Desktop\Image-Processing-Course-2025\Lab6_Hyperparameter-Tuning\data\denoised_lab6_top1\0f095585-9829-4a46-868c-f1cb1cf275e4.jpg
0f13e069-b59e-4513-8d89-ca670d8bca6a.jpg,c:\Users\IMG_PRO\Desktop\Image-Processing-Course-2025\Lab6_Hyperparameter-Tuning\data\denoised_lab6_top1\0f13e069-b59e-4513-8d89-ca670d8bca6a.jpg
0f13fb5c-02ad-4eaa-b4d0-079bd54f7922.jpg,c:\Users\IMG_PRO\Desktop\Image-Processing-Course-2025\Lab6_Hyperparameter-Tuning\data\denoised_lab6_top1\0f13fb5c-02ad-4eaa-b4d0-079bd54f7922.jpg
0f51e6bd-eb62-4eb0-b8f8-96417598504f.jpg,c:\Users\IMG_PRO\Desktop\Image-Processing-Course-2025\Lab6_Hyperparameter-Tuning\data\denoised_lab6_top1\0f51e6bd-eb62-4eb0-b8f8-96417598504f.jpg
0f5a9149-1720-49ad-8172-67c8fb8fa6bb.jpg,c:\Users\IMG_PRO\Desktop\Image-Processing-Course-2025\Lab6_Hyperparameter-Tuning\data\denoised_lab6_top1\0f5a9149-1720-49ad-8172-67c8fb8fa6bb.jpg
0f78802c-e1c7-48f2-8204-940c74a4ecd1.jpg,c:\Users\IMG_PRO\Desktop\Image-Processing-Course-2025\Lab6_Hyperparameter-Tuning\data\denoised_lab6_top1\0f78802c-e1c7-48f2-8204-940c74a4ecd1.jpg
0f8e1f5f-48d8-452e-bd95-0ca1a09db430.jpg,c:\Users\IMG_PRO\Desktop\Image-Processing-Course-2025\Lab6_Hyperparameter-Tuning\data\denoised_lab6_top1\0f8e1f5f-48d8-452e-bd95-0ca1a09db430.jpg
1033a298-e1b0-4378-b2f8-d0729ebe4a48.jpg,c:\Users\IMG_PRO\Desktop\Image-Processing-Course-2025\Lab6_Hyperparameter-Tuning\data\denoised_lab6_top1\1033a298-e1b0-4378-b2f8-d0729ebe4a48.jpg
104dd56b-92d7-434c-9797-f0a138f149ed.jpg,c:\Users\IMG_PRO\Desktop\Image-Processing-Course-2025\Lab6_Hyperparameter-Tuning\data\denoised_lab6_top1\104dd56b-92d7-434c-9797-f0a138f149ed.jpg
107c001a-1693-4d5b-a459-6f0c0bb22847.jpg,c:\Users\IMG_PRO\Desktop\Image-Processing-Course-2025\Lab6_Hyperparameter-Tuning\data\denoised_lab6_top1\107c001a-1693-4d5b-a459-6f0c0bb22847.jpg
10b20ad1-1454-47af-868a-b69f01b2b245.jpg,c:\Users\IMG_PRO\Desktop\Image-Processing-Course-2025\Lab6_Hyperparameter-Tuning\data\denoised_lab6_top1\10b20ad1-1454-47af-868a-b69f01b2b245.jpg
10c5ffec-8aac-4261-9264-d32e674402b3.jpg,c:\Users\IMG_PRO\Desktop\Image-Processing-Course-2025\Lab6_Hyperparameter-Tuning\data\denoised_lab6_top1\10c5ffec-8aac-4261-9264-d32e674402b3.jpg
10c62616-5c5c-4a91-a766-575e68464cb9.jpg,c:\Users\IMG_PRO\Desktop\Image-Processing-Course-2025\Lab6_Hyperparameter-Tuning\data\denoised_lab6_top1\10c62616-5c5c-4a91-a766-575e68464cb9.jpg
10fa66a0-719f-494d-9d78-845d7289ee47.jpg,c:\Users\IMG_PRO\Desktop\Image-Processing-Course-2025\Lab6_Hyperparameter-Tuning\data\denoised_lab6_top1\10fa66a0-719f-494d-9d78-845d7289ee47.jpg
1108ed39-bed6-43be-8854-dc46f6adf605.jpg,c:\Users\IMG_PRO\Desktop\Image-Processing-Course-2025\Lab6_Hyperparameter-Tuning\data\denoised_lab6_top1\1108ed39-bed6-43be-8854-dc46f6adf605.jpg
110dc6b5-b4c4-420d-8265-e3ef91cfe38e.jpg,c:\Users\IMG_PRO\Desktop\Image-Processing-Course-2025\Lab6_Hyperparameter-Tuning\data\denoised_lab6_top1\110dc6b5-b4c4-420d-8265-e3ef91cfe38e.jpg
111f9370-2dda-4dbc-a256-41b5c86e3a88.jpg,c:\Users\IMG_PRO\Desktop\Image-Processing-Course-2025\Lab6_Hyperparameter-Tuning\data\denoised_lab6_top1\111f9370-2dda-4dbc-a256-41b5c86e3a88.jpg
11c037d6-a40b-4bb8-8853-b16208c29d19.jpg,c:\Users\IMG_PRO\Desktop\Image-Processing-Course-2025\Lab6_Hyperparameter-Tuning\data\denoised_lab6_top1\11c037d6-a40b-4bb8-8853-b16208c29d19.jpg
11c5d95a-7131-4c48-83c3-9b845e5190ec.jpg,c:\Users\IMG_PRO\Desktop\Image-Processing-Course-2025\Lab6_Hyperparameter-Tuning\data\denoised_lab6_top1\11c5d95a-7131-4c48-83c3-9b845e5190ec.jpg
11ca8d37-8c8b-4985-b35e-d8837be36a06.jpg,c:\Users\IMG_PRO\Desktop\Image-Processing-Course-2025\Lab6_Hyperparameter-Tuning\data\denoised_lab6_top1\11ca8d37-8c8b-4985-b35e-d8837be36a06.jpg
11d5427b-1bdc-4e07-a293-ca1ac88088e2.jpg,c:\Users\IMG_PRO\Desktop\Image-Processing-Course-2025\Lab6_Hyperparameter-Tuning\data\denoised_lab6_top1\11d5427b-1bdc-4e07-a293-ca1ac88088e2.jpg
11e9c7f4-6c8d-4bb6-b797-e6249f4e39e1.jpg,c:\Users\IMG_PRO\Desktop\Image-Processing-Course-2025\Lab6_Hyperparameter-Tuning\data\denoised_lab6_top1\11e9c7f4-6c8d-4bb6-b797-e6249f4e39e1.jpg
11f2c9ab-6f72-4d90-86ea-7cdcb41f86d0.jpg,c:\Users\IMG_PRO\Desktop\Image-Processing-Course-2025\Lab6_Hyperparameter-Tuning\data\denoised_lab6_top1\11f2c9ab-6f72-4d90-86ea-7cdcb41f86d0.jpg
125213ac-dc80-4ee6-b76f-f9a118901bc6.jpg,c:\Users\IMG_PRO\Desktop\Image-Processing-Course-2025\Lab6_Hyperparameter-Tuning\data\denoised_lab6_top1\125213ac-dc80-4ee6-b76f-f9a118901bc6.jpg
12898716-cf40-417c-af3e-013d73cc3d91.jpg,c:\Users\IMG_PRO\Desktop\Image-Processing-Course-2025\Lab6_Hyperparameter-Tuning\data\denoised_lab6_top1\12898716-cf40-417c-af3e-013d73cc3d91.jpg
1290e530-af29-4f82-8b55-b57ab98ac942.jpg,c:\Users\IMG_PRO\Desktop\Image-Processing-Course-2025\Lab6_Hyperparameter-Tuning\data\denoised_lab6_top1\1290e530-af29-4f82-8b55-b57ab98ac942.jpg
1348c11a-ae93-459f-b5a2-7afc219c3154.jpg,c:\Users\IMG_PRO\Desktop\Image-Processing-Course-2025\Lab6_Hyperparameter-Tuning\data\denoised_lab6_top1\1348c11a-ae93-459f-b5a2-7afc219c3154.jpg
13618a24-453b-47c4-b061-4338b2f0f0df.jpg,c:\Users\IMG_PRO\Desktop\Image-Processing-Course-2025\Lab6_Hyperparameter-Tuning\data\denoised_lab6_top1\13618a24-453b-47c4-b061-4338b2f0f0df.jpg
13710481-38a5-4443-a3e2-6f8081a4e9b2.jpg,c:\Users\IMG_PRO\Desktop\Image-Processing-Course-2025\Lab6_Hyperparameter-Tuning\data\denoised_lab6_top1\13710481-38a5-4443-a3e2-6f8081a4e9b2.jpg
1385fb4c-011e-4eda-ba11-774618d000d1.jpg,c:\Users\IMG_PRO\Desktop\Image-Processing-Course-2025\Lab6_Hyperparameter-Tuning\data\denoised_lab6_top1\1385fb4c-011e-4eda-ba11-774618d000d1.jpg
138e4924-2ac3-4f76-ac29-059861f516b8.jpg,c:\Users\IMG_PRO\Desktop\Image-Processing-Course-2025\Lab6_Hyperparameter-Tuning\data\denoised_lab6_top1\138e4924-2ac3-4f76-ac29-059861f516b8.jpg
13b4bb69-e864-498b-b3db-c858e13b0f72.jpg,c:\Users\IMG_PRO\Desktop\Image-Processing-Course-2025\Lab6_Hyperparameter-Tuning\data\denoised_lab6_top1\13b4bb69-e864-498b-b3db-c858e13b0f72.jpg
13e7915b-c0fa-455c-9ea0-524e4b474688.jpg,c:\Users\IMG_PRO\Desktop\Image-Processing-Course-2025\Lab6_Hyperparameter-Tuning\data\denoised_lab6_top1\13e7915b-c0fa-455c-9ea0-524e4b474688.jpg
142746a9-a730-4fd5-b141-56bdb068e6ba.jpg,c:\Users\IMG_PRO\Desktop\Image-Processing-Course-2025\Lab6_Hyperparameter-Tuning\data\denoised_lab6_top1\142746a9-a730-4fd5-b141-56bdb068e6ba.jpg
143e7520-e014-4fdb-b0aa-76ff00d4ed87.jpg,c:\Users\IMG_PRO\Desktop\Image-Processing-Course-2025\Lab6_Hyperparameter-Tuning\data\denoised_lab6_top1\143e7520-e014-4fdb-b0aa-76ff00d4ed87.jpg
14403eca-de6e-450c-8c77-5c40008d473c.jpg,c:\Users\IMG_PRO\Desktop\Image-Processing-Course-2025\Lab6_Hyperparameter-Tuning\data\denoised_lab6_top1\14403eca-de6e-450c-8c77-5c40008d473c.jpg
14b64849-afd5-41fe-a3ab-ccab240da491.jpg,c:\Users\IMG_PRO\Desktop\Image-Processing-Course-2025\Lab6_Hyperparameter-Tuning\data\denoised_lab6_top1\14b64849-afd5-41fe-a3ab-ccab240da491.jpg
14b821fa-82b6-4995-ab93-c19dafad2c6a.jpg,c:\Users\IMG_PRO\Desktop\Image-Processing-Course-2025\Lab6_Hyperparameter-Tuning\data\denoised_lab6_top1\14b821fa-82b6-4995-ab93-c19dafad2c6a.jpg
1528fa4e-793b-4a55-81c5-e508e098ffbf.jpg,c:\Users\IMG_PRO\Desktop\Image-Processing-Course-2025\Lab6_Hyperparameter-Tuning\data\denoised_lab6_top1\1528fa4e-793b-4a55-81c5-e508e098ffbf.jpg
154f9fc4-7750-43ef-8bf2-fee41cc59a26.jpg,c:\Users\IMG_PRO\Desktop\Image-Processing-Course-2025\Lab6_Hyperparameter-Tuning\data\denoised_lab6_top1\154f9fc4-7750-43ef-8bf2-fee41cc59a26.jpg
156b4585-5f4f-4f45-8eae-24268f21b774.jpg,c:\Users\IMG_PRO\Desktop\Image-Processing-Course-2025\Lab6_Hyperparameter-Tuning\data\denoised_lab6_top1\156b4585-5f4f-4f45-8eae-24268f21b774.jpg
157c5438-31b6-4127-8c05-68c20ee9e95d.jpg,c:\Users\IMG_PRO\Desktop\Image-Processing-Course-2025\Lab6_Hyperparameter-Tuning\data\denoised_lab6_top1\157c5438-31b6-4127-8c05-68c20ee9e95d.jpg
15d3c3bb-78d8-40ab-a5e9-f39524837968.jpg,c:\Users\IMG_PRO\Desktop\Image-Processing-Course-2025\Lab6_Hyperparameter-Tuning\data\denoised_lab6_top1\15d3c3bb-78d8-40ab-a5e9-f39524837968.jpg
15f4af04-454c-4c44-a02c-b9ae4112368e.jpg,c:\Users\IMG_PRO\Desktop\Image-Processing-Course-2025\Lab6_Hyperparameter-Tuning\data\denoised_lab6_top1\15f4af04-454c-4c44-a02c-b9ae4112368e.jpg
1631f5e8-7348-4448-8d75-8f5d72731562.jpg,c:\Users\IMG_PRO\Desktop\Image-Processing-Course-2025\Lab6_Hyperparameter-Tuning\data\denoised_lab6_top1\1631f5e8-7348-4448-8d75-8f5d72731562.jpg
163685f5-202d-4125-b23a-58d8928e4847.jpg,c:\Users\IMG_PRO\Desktop\Image-Processing-Course-2025\Lab6_Hyperparameter-Tuning\data\denoised_lab6_top1\163685f5-202d-4125-b23a-58d8928e4847.jpg
1660acba-f8a9-4874-9afd-6d9ad1cf58e7.jpg,c:\Users\IMG_PRO\Desktop\Image-Processing-Course-2025\Lab6_Hyperparameter-Tuning\data\denoised_lab6_top1\1660acba-f8a9-4874-9afd-6d9ad1cf58e7.jpg
168b5d78-f136-4860-944f-2b8c84d9fa59.jpg,c:\Users\IMG_PRO\Desktop\Image-Processing-Course-2025\Lab6_Hyperparameter-Tuning\data\denoised_lab6_top1\168b5d78-f136-4860-944f-2b8c84d9fa59.jpg
16963a7e-2068-4386-a3b9-9a47602cc4f6.jpg,c:\Users\IMG_PRO\Desktop\Image-Processing-Course-2025\Lab6_Hyperparameter-Tuning\data\denoised_lab6_top1\16963a7e-2068-4386-a3b9-9a47602cc4f6.jpg
1766869f-7386-4595-9023-5d2cf12997a8.jpg,c:\Users\IMG_PRO\Desktop\Image-Processing-Course-2025\Lab6_Hyperparameter-Tuning\data\denoised_lab6_top1\1766869f-7386-4595-9023-5d2cf12997a8.jpg
176d5d79-420b-43a2-8047-fb7e338cb6eb.jpg,c:\Users\IMG_PRO\Desktop\Image-Processing-Course-2025\Lab6_Hyperparameter-Tuning\data\denoised_lab6_top1\176d5d79-420b-43a2-8047-fb7e338cb6eb.jpg
177b096d-0172-4ce4-a1cf-72cc433d340f.jpg,c:\Users\IMG_PRO\Desktop\Image-Processing-Course-2025\Lab6_Hyperparameter-Tuning\data\denoised_lab6_top1\177b096d-0172-4ce4-a1cf-72cc433d340f.jpg
178e668e-a085-4f57-905c-2b485046d1ac.jpg,c:\Users\IMG_PRO\Desktop\Image-Processing-Course-2025\Lab6_Hyperparameter-Tuning\data\denoised_lab6_top1\178e668e-a085-4f57-905c-2b485046d1ac.jpg
178eeedf-9feb-410b-bdd3-4fc392247171.jpg,c:\Users\IMG_PRO\Desktop\Image-Processing-Course-2025\Lab6_Hyperparameter-Tuning\data\denoised_lab6_top1\178eeedf-9feb-410b-bdd3-4fc392247171.jpg
17a3b613-a43f-4baf-9f7c-29642250f437.jpg,c:\Users\IMG_PRO\Desktop\Image-Processing-Course-2025\Lab6_Hyperparameter-Tuning\data\denoised_lab6_top1\17a3b613-a43f-4baf-9f7c-29642250f437.jpg
17b6a924-a3c8-4750-bcbd-e7412cc3ffff.jpg,c:\Users\IMG_PRO\Desktop\Image-Processing-Course-2025\Lab6_Hyperparameter-Tuning\data\denoised_lab6_top1\17b6a924-a3c8-4750-bcbd-e7412cc3ffff.jpg
17f8f627-bb2d-4976-91aa-23860a0a49d1.jpg,c:\Users\IMG_PRO\Desktop\Image-Processing-Course-2025\Lab6_Hyperparameter-Tuning\data\denoised_lab6_top1\17f8f627-bb2d-4976-91aa-23860a0a49d1.jpg
180ab99f-bf78-4848-9458-73a24133cecb.jpg,c:\Users\IMG_PRO\Desktop\Image-Processing-Course-2025\Lab6_Hyperparameter-Tuning\data\denoised_lab6_top1\180ab99f-bf78-4848-9458-73a24133cecb.jpg
1810d823-b9f2-4f20-9695-36a52ce05936.jpg,c:\Users\IMG_PRO\Desktop\Image-Processing-Course-2025\Lab6_Hyperparameter-Tuning\data\denoised_lab6_top1\1810d823-b9f2-4f20-9695-36a52ce05936.jpg
18133705-9459-441c-b690-4915f864334d.jpg,c:\Users\IMG_PRO\Desktop\Image-Processing-Course-2025\Lab6_Hyperparameter-Tuning\data\denoised_lab6_top1\18133705-9459-441c-b690-4915f864334d.jpg
1820efd2-9cfd-4292-9488-4d12953a7b1d.jpg,c:\Users\IMG_PRO\Desktop\Image-Processing-Course-2025\Lab6_Hyperparameter-Tuning\data\denoised_lab6_top1\1820efd2-9cfd-4292-9488-4d12953a7b1d.jpg
18343a3b-df74-452f-b368-d665a3aa8dea.jpg,c:\Users\IMG_PRO\Desktop\Image-Processing-Course-2025\Lab6_Hyperparameter-Tuning\data\denoised_lab6_top1\18343a3b-df74-452f-b368-d665a3aa8dea.jpg
18371b9f-b837-4328-882f-7b6078a1a60d.jpg,c:\Users\IMG_PRO\Desktop\Image-Processing-Course-2025\Lab6_Hyperparameter-Tuning\data\denoised_lab6_top1\18371b9f-b837-4328-882f-7b6078a1a60d.jpg
183903ff-65ac-4f60-918a-d406d436e92f.jpg,c:\Users\IMG_PRO\Desktop\Image-Processing-Course-2025\Lab6_Hyperparameter-Tuning\data\denoised_lab6_top1\183903ff-65ac-4f60-918a-d406d436e92f.jpg
1864b410-3321-4379-a877-ea68d5296433.jpg,c:\Users\IMG_PRO\Desktop\Image-Processing-Course-2025\Lab6_Hyperparameter-Tuning\data\denoised_lab6_top1\1864b410-3321-4379-a877-ea68d5296433.jpg
186c8f54-d45c-4c72-90db-b178f74db58b.jpg,c:\Users\IMG_PRO\Desktop\Image-Processing-Course-2025\Lab6_Hyperparameter-Tuning\data\denoised_lab6_top1\186c8f54-d45c-4c72-90db-b178f74db58b.jpg
187f5035-43bf-44db-b07f-5d6fed7dc48a.jpg,c:\Users\IMG_PRO\Desktop\Image-Processing-Course-2025\Lab6_Hyperparameter-Tuning\data\denoised_lab6_top1\187f5035-43bf-44db-b07f-5d6fed7dc48a.jpg
187fb21e-ec7f-428a-a415-1614010f3335.jpg,c:\Users\IMG_PRO\Desktop\Image-Processing-Course-2025\Lab6_Hyperparameter-Tuning\data\denoised_lab6_top1\187fb21e-ec7f-428a-a415-1614010f3335.jpg
18d4077a-8600-4128-92a4-b70816c5bcb0.jpg,c:\Users\IMG_PRO\Desktop\Image-Processing-Course-2025\Lab6_Hyperparameter-Tuning\data\denoised_lab6_top1\18d4077a-8600-4128-92a4-b70816c5bcb0.jpg
18e11acd-f9ce-49ed-b947-9a616b36a048.jpg,c:\Users\IMG_PRO\Desktop\Image-Processing-Course-2025\Lab6_Hyperparameter-Tuning\data\denoised_lab6_top1\18e11acd-f9ce-49ed-b947-9a616b36a048.jpg
18f0783d-9d51-4b39-8902-5d6201c13b3c.jpg,c:\Users\IMG_PRO\Desktop\Image-Processing-Course-2025\Lab6_Hyperparameter-Tuning\data\denoised_lab6_top1\18f0783d-9d51-4b39-8902-5d6201c13b3c.jpg
194e2153-7abf-48da-ae66-04dad224c499.jpg,c:\Users\IMG_PRO\Desktop\Image-Processing-Course-2025\Lab6_Hyperparameter-Tuning\data\denoised_lab6_top1\194e2153-7abf-48da-ae66-04dad224c499.jpg
19607a70-77fe-4a10-8128-704fbfc794e8.jpg,c:\Users\IMG_PRO\Desktop\Image-Processing-Course-2025\Lab6_Hyperparameter-Tuning\data\denoised_lab6_top1\19607a70-77fe-4a10-8128-704fbfc794e8.jpg
19754676-5b20-4ee9-8f45-d0f3b7b582e1.jpg,c:\Users\IMG_PRO\Desktop\Image-Processing-Course-2025\Lab6_Hyperparameter-Tuning\data\denoised_lab6_top1\19754676-5b20-4ee9-8f45-d0f3b7b582e1.jpg
197bda6e-dccb-499a-8423-e098e1c42e18.jpg,c:\Users\IMG_PRO\Desktop\Image-Processing-Course-2025\Lab6_Hyperparameter-Tuning\data\denoised_lab6_top1\197bda6e-dccb-499a-8423-e098e1c42e18.jpg
19e4dbce-de8e-4b24-84f4-a563b21793bb.jpg,c:\Users\IMG_PRO\Desktop\Image-Processing-Course-2025\Lab6_Hyperparameter-Tuning\data\denoised_lab6_top1\19e4dbce-de8e-4b24-84f4-a563b21793bb.jpg
19f8316a-d02f-4ba3-b637-015be9523d4c.jpg,c:\Users\IMG_PRO\Desktop\Image-Processing-Course-2025\Lab6_Hyperparameter-Tuning\data\denoised_lab6_top1\19f8316a-d02f-4ba3-b637-015be9523d4c.jpg
1a0192b8-73e7-4b29-bc08-7798de569228.jpg,c:\Users\IMG_PRO\Desktop\Image-Processing-Course-2025\Lab6_Hyperparameter-Tuning\data\denoised_lab6_top1\1a0192b8-73e7-4b29-bc08-7798de569228.jpg
1a23846b-6327-4024-a1bc-511afe7d1e39.jpg,c:\Users\IMG_PRO\Desktop\Image-Processing-Course-2025\Lab6_Hyperparameter-Tuning\data\denoised_lab6_top1\1a23846b-6327-4024-a1bc-511afe7d1e39.jpg
1a32435e-a78c-4cdc-b792-d39a4fb979e8.jpg,c:\Users\IMG_PRO\Desktop\Image-Processing-Course-2025\Lab6_Hyperparameter-Tuning\data\denoised_lab6_top1\1a32435e-a78c-4cdc-b792-d39a4fb979e8.jpg
1b73c426-b9be-46c2-92f6-657cef483137.jpg,c:\Users\IMG_PRO\Desktop\Image-Processing-Course-2025\Lab6_Hyperparameter-Tuning\data\denoised_lab6_top1\1b73c426-b9be-46c2-92f6-657cef483137.jpg
1b80b659-709e-4aa4-be48-babdc5aaec79.jpg,c:\Users\IMG_PRO\Desktop\Image-Processing-Course-2025\Lab6_Hyperparameter-Tuning\data\denoised_lab6_top1\1b80b659-709e-4aa4-be48-babdc5aaec79.jpg
1bbdd907-ecf9-4996-859d-763d750d7830.jpg,c:\Users\IMG_PRO\Desktop\Image-Processing-Course-2025\Lab6_Hyperparameter-Tuning\data\denoised_lab6_top1\1bbdd907-ecf9-4996-859d-763d750d7830.jpg
1bda1280-6045-493f-b58a-2198053055e9.jpg,c:\Users\IMG_PRO\Desktop\Image-Processing-Course-2025\Lab6_Hyperparameter-Tuning\data\denoised_lab6_top1\1bda1280-6045-493f-b58a-2198053055e9.jpg
1be0ba94-4468-4493-980a-a1161525e920.jpg,c:\Users\IMG_PRO\Desktop\Image-Processing-Course-2025\Lab6_Hyperparameter-Tuning\data\denoised_lab6_top1\1be0ba94-4468-4493-980a-a1161525e920.jpg
1be0f927-687e-4850-9764-2526f36259f5.jpg,c:\Users\IMG_PRO\Desktop\Image-Processing-Course-2025\Lab6_Hyperparameter-Tuning\data\denoised_lab6_top1\1be0f927-687e-4850-9764-2526f36259f5.jpg
1be33226-bdb9-43fd-9d6f-b9697cf3de62.jpg,c:\Users\IMG_PRO\Desktop\Image-Processing-Course-2025\Lab6_Hyperparameter-Tuning\data\denoised_lab6_top1\1be33226-bdb9-43fd-9d6f-b9697cf3de62.jpg
1c30c0fa-d7d4-40a1-98e4-56202dffc804.jpg,c:\Users\IMG_PRO\Desktop\Image-Processing-Course-2025\Lab6_Hyperparameter-Tuning\data\denoised_lab6_top1\1c30c0fa-d7d4-40a1-98e4-56202dffc804.jpg
1c53837b-e9ac-4712-9a65-024d0aafcddc.jpg,c:\Users\IMG_PRO\Desktop\Image-Processing-Course-2025\Lab6_Hyperparameter-Tuning\data\denoised_lab6_top1\1c53837b-e9ac-4712-9a65-024d0aafcddc.jpg
1c7a09cf-89aa-4293-8b56-dd33f3dd4218.jpg,c:\Users\IMG_PRO\Desktop\Image-Processing-Course-2025\Lab6_Hyperparameter-Tuning\data\denoised_lab6_top1\1c7a09cf-89aa-4293-8b56-dd33f3dd4218.jpg
1c84eecd-9287-44b6-bab3-7cb79f19d73e.jpg,c:\Users\IMG_PRO\Desktop\Image-Processing-Course-2025\Lab6_Hyperparameter-Tuning\data\denoised_lab6_top1\1c84eecd-9287-44b6-bab3-7cb79f19d73e.jpg
1c9283b7-8f27-4058-93a6-94c3c94af57b.jpg,c:\Users\IMG_PRO\Desktop\Image-Processing-Course-2025\Lab6_Hyperparameter-Tuning\data\denoised_lab6_top1\1c9283b7-8f27-4058-93a6-94c3c94af57b.jpg
1c93dbb8-b956-4c1b-baa8-0b0a98545bfe.jpg,c:\Users\IMG_PRO\Desktop\Image-Processing-Course-2025\Lab6_Hyperparameter-Tuning\data\denoised_lab6_top1\1c93dbb8-b956-4c1b-baa8-0b0a98545bfe.jpg
1c99ed87-46af-475b-a83a-24b358f9e2fc.jpg,c:\Users\IMG_PRO\Desktop\Image-Processing-Course-2025\Lab6_Hyperparameter-Tuning\data\denoised_lab6_top1\1c99ed87-46af-475b-a83a-24b358f9e2fc.jpg
1ca9cffa-d357-4f35-b083-eada86695b40.jpg,c:\Users\IMG_PRO\Desktop\Image-Processing-Course-2025\Lab6_Hyperparameter-Tuning\data\denoised_lab6_top1\1ca9cffa-d357-4f35-b083-eada86695b40.jpg
1cc46e03-b5f5-4729-a6ab-cce4661ad77a.jpg,c:\Users\IMG_PRO\Desktop\Image-Processing-Course-2025\Lab6_Hyperparameter-Tuning\data\denoised_lab6_top1\1cc46e03-b5f5-4729-a6ab-cce4661ad77a.jpg
1ce75a06-d6b9-40e7-b907-c1650d9f2a5e.jpg,c:\Users\IMG_PRO\Desktop\Image-Processing-Course-2025\Lab6_Hyperparameter-Tuning\data\denoised_lab6_top1\1ce75a06-d6b9-40e7-b907-c1650d9f2a5e.jpg
1cf17f19-32cb-42ac-beab-ea8bd37fca5e.jpg,c:\Users\IMG_PRO\Desktop\Image-Processing-Course-2025\Lab6_Hyperparameter-Tuning\data\denoised_lab6_top1\1cf17f19-32cb-42ac-beab-ea8bd37fca5e.jpg
1cfaf816-234b-4a2e-84b4-d7015e39b944.jpg,c:\Users\IMG_PRO\Desktop\Image-Processing-Course-2025\Lab6_Hyperparameter-Tuning\data\denoised_lab6_top1\1cfaf816-234b-4a2e-84b4-d7015e39b944.jpg
1d1e3c3a-dc24-4c48-b4bf-158706fb7a99.jpg,c:\Users\IMG_PRO\Desktop\Image-Processing-Course-2025\Lab6_Hyperparameter-Tuning\data\denoised_lab6_top1\1d1e3c3a-dc24-4c48-b4bf-158706fb7a99.jpg
1d9527ac-18a5-4889-986c-f2945c039d1b.jpg,c:\Users\IMG_PRO\Desktop\Image-Processing-Course-2025\Lab6_Hyperparameter-Tuning\data\denoised_lab6_top1\1d9527ac-18a5-4889-986c-f2945c039d1b.jpg
1dad147c-1183-4539-ad71-8fddd22047e5.jpg,c:\Users\IMG_PRO\Desktop\Image-Processing-Course-2025\Lab6_Hyperparameter-Tuning\data\denoised_lab6_top1\1dad147c-1183-4539-ad71-8fddd22047e5.jpg
1dbe65eb-8a28-485d-b80d-6cb5ef542f7d.jpg,c:\Users\IMG_PRO\Desktop\Image-Processing-Course-2025\Lab6_Hyperparameter-Tuning\data\denoised_lab6_top1\1dbe65eb-8a28-485d-b80d-6cb5ef542f7d.jpg
1ddc5e7b-22a7-4b9d-9d07-f6047e2429b8.jpg,c:\Users\IMG_PRO\Desktop\Image-Processing-Course-2025\Lab6_Hyperparameter-Tuning\data\denoised_lab6_top1\1ddc5e7b-22a7-4b9d-9d07-f6047e2429b8.jpg
1de98cea-0454-4d50-92bf-11ef5c09a179.jpg,c:\Users\IMG_PRO\Desktop\Image-Processing-Course-2025\Lab6_Hyperparameter-Tuning\data\denoised_lab6_top1\1de98cea-0454-4d50-92bf-11ef5c09a179.jpg
1df06ae7-272b-4965-9ea5-247e403bed68.jpg,c:\Users\IMG_PRO\Desktop\Image-Processing-Course-2025\Lab6_Hyperparameter-Tuning\data\denoised_lab6_top1\1df06ae7-272b-4965-9ea5-247e403bed68.jpg
1e22984b-f6f7-4c70-8b4f-bdab8ff3606d.jpg,c:\Users\IMG_PRO\Desktop\Image-Processing-Course-2025\Lab6_Hyperparameter-Tuning\data\denoised_lab6_top1\1e22984b-f6f7-4c70-8b4f-bdab8ff3606d.jpg
1e280a71-e205-4292-8134-c6ab782842e6.jpg,c:\Users\IMG_PRO\Desktop\Image-Processing-Course-2025\Lab6_Hyperparameter-Tuning\data\denoised_lab6_top1\1e280a71-e205-4292-8134-c6ab782842e6.jpg
1e34fe57-6051-466c-b2f9-c49676c422b2.jpg,c:\Users\IMG_PRO\Desktop\Image-Processing-Course-2025\Lab6_Hyperparameter-Tuning\data\denoised_lab6_top1\1e34fe57-6051-466c-b2f9-c49676c422b2.jpg
1e3b681d-d0b6-4dbb-bf4a-107376425b53.jpg,c:\Users\IMG_PRO\Desktop\Image-Processing-Course-2025\Lab6_Hyperparameter-Tuning\data\denoised_lab6_top1\1e3b681d-d0b6-4dbb-bf4a-107376425b53.jpg
1e492fef-ea0a-4d11-a10d-b821be456509.jpg,c:\Users\IMG_PRO\Desktop\Image-Processing-Course-2025\Lab6_Hyperparameter-Tuning\data\denoised_lab6_top1\1e492fef-ea0a-4d11-a10d-b821be456509.jpg
1e5581eb-711b-44e4-bf74-5f2fdcbbd68e.jpg,c:\Users\IMG_PRO\Desktop\Image-Processing-Course-2025\Lab6_Hyperparameter-Tuning\data\denoised_lab6_top1\1e5581eb-711b-44e4-bf74-5f2fdcbbd68e.jpg
1e8bf37e-e3b5-4e14-9d0a-3355a9a616a2.jpg,c:\Users\IMG_PRO\Desktop\Image-Processing-Course-2025\Lab6_Hyperparameter-Tuning\data\denoised_lab6_top1\1e8bf37e-e3b5-4e14-9d0a-3355a9a616a2.jpg
1e9f3eda-1a1d-424a-96af-81be692cfabf.jpg,c:\Users\IMG_PRO\Desktop\Image-Processing-Course-2025\Lab6_Hyperparameter-Tuning\data\denoised_lab6_top1\1e9f3eda-1a1d-424a-96af-81be692cfabf.jpg
1ea7c58d-d9ab-48e1-9267-63abe02eead7.jpg,c:\Users\IMG_PRO\Desktop\Image-Processing-Course-2025\Lab6_Hyperparameter-Tuning\data\denoised_lab6_top1\1ea7c58d-d9ab-48e1-9267-63abe02eead7.jpg
1eaba2b1-473b-4812-a83c-4d147db9de2e.jpg,c:\Users\IMG_PRO\Desktop\Image-Processing-Course-2025\Lab6_Hyperparameter-Tuning\data\denoised_lab6_top1\1eaba2b1-473b-4812-a83c-4d147db9de2e.jpg
1ead9b00-c088-4c8d-bf65-9d74cfa17c29.jpg,c:\Users\IMG_PRO\Desktop\Image-Processing-Course-2025\Lab6_Hyperparameter-Tuning\data\denoised_lab6_top1\1ead9b00-c088-4c8d-bf65-9d74cfa17c29.jpg
1ed52d93-2a49-490b-8f1c-0e36f5bbbca5.jpg,c:\Users\IMG_PRO\Desktop\Image-Processing-Course-2025\Lab6_Hyperparameter-Tuning\data\denoised_lab6_top1\1ed52d93-2a49-490b-8f1c-0e36f5bbbca5.jpg
1eed1020-f16f-447a-ade0-04bdcaeef2a7.jpg,c:\Users\IMG_PRO\Desktop\Image-Processing-Course-2025\Lab6_Hyperparameter-Tuning\data\denoised_lab6_top1\1eed1020-f16f-447a-ade0-04bdcaeef2a7.jpg
1f0d0a6e-78db-4d82-9900-812110ba10e1.jpg,c:\Users\IMG_PRO\Desktop\Image-Processing-Course-2025\Lab6_Hyperparameter-Tuning\data\denoised_lab6_top1\1f0d0a6e-78db-4d82-9900-812110ba10e1.jpg
1fe5d465-f946-4227-87fb-66856c564add.jpg,c:\Users\IMG_PRO\Desktop\Image-Processing-Course-2025\Lab6_Hyperparameter-Tuning\data\denoised_lab6_top1\1fe5d465-f946-4227-87fb-66856c564add.jpg
1fedac8c-61cf-423a-b934-7424155241c8.jpg,c:\Users\IMG_PRO\Desktop\Image-Processing-Course-2025\Lab6_Hyperparameter-Tuning\data\denoised_lab6_top1\1fedac8c-61cf-423a-b934-7424155241c8.jpg
1ff76d76-24fd-4685-bc44-8fd76d09c120.jpg,c:\Users\IMG_PRO\Desktop\Image-Processing-Course-2025\Lab6_Hyperparameter-Tuning\data\denoised_lab6_top1\1ff76d76-24fd-4685-bc44-8fd76d09c120.jpg
200a99ba-bb79-4363-9255-d1d3daf90289.jpg,c:\Users\IMG_PRO\Desktop\Image-Processing-Course-2025\Lab6_Hyperparameter-Tuning\data\denoised_lab6_top1\200a99ba-bb79-4363-9255-d1d3daf90289.jpg
201bed47-5306-462a-8018-158df38abcde.jpg,c:\Users\IMG_PRO\Desktop\Image-Processing-Course-2025\Lab6_Hyperparameter-Tuning\data\denoised_lab6_top1\201bed47-5306-462a-8018-158df38abcde.jpg
202cc21c-7aec-41b2-b36a-267eb80160bc.jpg,c:\Users\IMG_PRO\Desktop\Image-Processing-Course-2025\Lab6_Hyperparameter-Tuning\data\denoised_lab6_top1\202cc21c-7aec-41b2-b36a-267eb80160bc.jpg
2058125d-e9d9-45c7-9470-8f529a6057d3.jpg,c:\Users\IMG_PRO\Desktop\Image-Processing-Course-2025\Lab6_Hyperparameter-Tuning\data\denoised_lab6_top1\2058125d-e9d9-45c7-9470-8f529a6057d3.jpg
20818007-c81a-4bec-b917-92b02e84241f.jpg,c:\Users\IMG_PRO\Desktop\Image-Processing-Course-2025\Lab6_Hyperparameter-Tuning\data\denoised_lab6_top1\20818007-c81a-4bec-b917-92b02e84241f.jpg
20838183-0872-4a5c-bd2e-3468d7b8a862.jpg,c:\Users\IMG_PRO\Desktop\Image-Processing-Course-2025\Lab6_Hyperparameter-Tuning\data\denoised_lab6_top1\20838183-0872-4a5c-bd2e-3468d7b8a862.jpg
2091110a-b367-4320-9046-b3c6c39023dc.jpg,c:\Users\IMG_PRO\Desktop\Image-Processing-Course-2025\Lab6_Hyperparameter-Tuning\data\denoised_lab6_top1\2091110a-b367-4320-9046-b3c6c39023dc.jpg
20a255ee-67ee-43e8-acfc-cd46463807a9.jpg,c:\Users\IMG_PRO\Desktop\Image-Processing-Course-2025\Lab6_Hyperparameter-Tuning\data\denoised_lab6_top1\20a255ee-67ee-43e8-acfc-cd46463807a9.jpg
20aa4a4d-193d-41ab-abcb-2c580a3d54d5.jpg,c:\Users\IMG_PRO\Desktop\Image-Processing-Course-2025\Lab6_Hyperparameter-Tuning\data\denoised_lab6_top1\20aa4a4d-193d-41ab-abcb-2c580a3d54d5.jpg
20c3a803-2344-415e-88e8-f3a6fb483035.jpg,c:\Users\IMG_PRO\Desktop\Image-Processing-Course-2025\Lab6_Hyperparameter-Tuning\data\denoised_lab6_top1\20c3a803-2344-415e-88e8-f3a6fb483035.jpg
2120760e-9fab-44da-ac4e-f54aad6d3e72.jpg,c:\Users\IMG_PRO\Desktop\Image-Processing-Course-2025\Lab6_Hyperparameter-Tuning\data\denoised_lab6_top1\2120760e-9fab-44da-ac4e-f54aad6d3e72.jpg
212d2170-dc89-432f-8efd-5dc78083e4f4.jpg,c:\Users\IMG_PRO\Desktop\Image-Processing-Course-2025\Lab6_Hyperparameter-Tuning\data\denoised_lab6_top1\212d2170-dc89-432f-8efd-5dc78083e4f4.jpg
2149ca93-cf0a-4c7f-bf64-fecdd42fd91f.jpg,c:\Users\IMG_PRO\Desktop\Image-Processing-Course-2025\Lab6_Hyperparameter-Tuning\data\denoised_lab6_top1\2149ca93-cf0a-4c7f-bf64-fecdd42fd91f.jpg
216bceaa-4bd4-416a-b42f-d2a4ca5ad1b7.jpg,c:\Users\IMG_PRO\Desktop\Image-Processing-Course-2025\Lab6_Hyperparameter-Tuning\data\denoised_lab6_top1\216bceaa-4bd4-416a-b42f-d2a4ca5ad1b7.jpg
217bb25f-c964-4679-bcd1-145248cfd1ef.jpg,c:\Users\IMG_PRO\Desktop\Image-Processing-Course-2025\Lab6_Hyperparameter-Tuning\data\denoised_lab6_top1\217bb25f-c964-4679-bcd1-145248cfd1ef.jpg
21c76590-c91e-40c5-bb61-e579f29a58b9.jpg,c:\Users\IMG_PRO\Desktop\Image-Processing-Course-2025\Lab6_Hyperparameter-Tuning\data\denoised_lab6_top1\21c76590-c91e-40c5-bb61-e579f29a58b9.jpg
21c83d59-4556-4b96-8a4e-a23f65427bf8.jpg,c:\Users\IMG_PRO\Desktop\Image-Processing-Course-2025\Lab6_Hyperparameter-Tuning\data\denoised_lab6_top1\21c83d59-4556-4b96-8a4e-a23f65427bf8.jpg
21d5bf88-9770-4374-a90b-07a9e20639c4.jpg,c:\Users\IMG_PRO\Desktop\Image-Processing-Course-2025\Lab6_Hyperparameter-Tuning\data\denoised_lab6_top1\21d5bf88-9770-4374-a90b-07a9e20639c4.jpg
21dde48b-1330-4c8c-ac8b-aa0bf64761d1.jpg,c:\Users\IMG_PRO\Desktop\Image-Processing-Course-2025\Lab6_Hyperparameter-Tuning\data\denoised_lab6_top1\21dde48b-1330-4c8c-ac8b-aa0bf64761d1.jpg
21ea2d51-10ce-42fe-aa2b-a922724f9fc7.jpg,c:\Users\IMG_PRO\Desktop\Image-Processing-Course-2025\Lab6_Hyperparameter-Tuning\data\denoised_lab6_top1\21ea2d51-10ce-42fe-aa2b-a922724f9fc7.jpg
21f85a96-f741-458b-b437-fb640bd25bd8.jpg,c:\Users\IMG_PRO\Desktop\Image-Processing-Course-2025\Lab6_Hyperparameter-Tuning\data\denoised_lab6_top1\21f85a96-f741-458b-b437-fb640bd25bd8.jpg
21fb30a9-5814-49e9-944b-7cf431a10301.jpg,c:\Users\IMG_PRO\Desktop\Image-Processing-Course-2025\Lab6_Hyperparameter-Tuning\data\denoised_lab6_top1\21fb30a9-5814-49e9-944b-7cf431a10301.jpg
21ff6e75-d72d-404a-bf5f-f686195b3225.jpg,c:\Users\IMG_PRO\Desktop\Image-Processing-Course-2025\Lab6_Hyperparameter-Tuning\data\denoised_lab6_top1\21ff6e75-d72d-404a-bf5f-f686195b3225.jpg
22392f2b-2b3a-4753-9d00-c32f0b79a8f3.jpg,c:\Users\IMG_PRO\Desktop\Image-Processing-Course-2025\Lab6_Hyperparameter-Tuning\data\denoised_lab6_top1\22392f2b-2b3a-4753-9d00-c32f0b79a8f3.jpg
223bdc97-5ef8-4457-b8aa-60e83785f1db.jpg,c:\Users\IMG_PRO\Desktop\Image-Processing-Course-2025\Lab6_Hyperparameter-Tuning\data\denoised_lab6_top1\223bdc97-5ef8-4457-b8aa-60e83785f1db.jpg
22843dfb-06e3-4463-a37a-43f0a2750b27.jpg,c:\Users\IMG_PRO\Desktop\Image-Processing-Course-2025\Lab6_Hyperparameter-Tuning\data\denoised_lab6_top1\22843dfb-06e3-4463-a37a-43f0a2750b27.jpg
2293ed55-1340-470b-b2cd-6fe580965ad5.jpg,c:\Users\IMG_PRO\Desktop\Image-Processing-Course-2025\Lab6_Hyperparameter-Tuning\data\denoised_lab6_top1\2293ed55-1340-470b-b2cd-6fe580965ad5.jpg
229eb746-034d-46e7-b7a8-b3a39717efe7.jpg,c:\Users\IMG_PRO\Desktop\Image-Processing-Course-2025\Lab6_Hyperparameter-Tuning\data\denoised_lab6_top1\229eb746-034d-46e7-b7a8-b3a39717efe7.jpg
22c150b7-ca47-4ac2-a779-7ca18af3ecd2.jpg,c:\Users\IMG_PRO\Desktop\Image-Processing-Course-2025\Lab6_Hyperparameter-Tuning\data\denoised_lab6_top1\22c150b7-ca47-4ac2-a779-7ca18af3ecd2.jpg
2305cb03-2fef-4c9a-a8d9-0c0181ad25af.jpg,c:\Users\IMG_PRO\Desktop\Image-Processing-Course-2025\Lab6_Hyperparameter-Tuning\data\denoised_lab6_top1\2305cb03-2fef-4c9a-a8d9-0c0181ad25af.jpg
232a3b21-bac1-4e75-a0a4-5491e7cf1822.jpg,c:\Users\IMG_PRO\Desktop\Image-Processing-Course-2025\Lab6_Hyperparameter-Tuning\data\denoised_lab6_top1\232a3b21-bac1-4e75-a0a4-5491e7cf1822.jpg
239ad79e-7ce4-4310-9ff1-45a63e6afd68.jpg,c:\Users\IMG_PRO\Desktop\Image-Processing-Course-2025\Lab6_Hyperparameter-Tuning\data\denoised_lab6_top1\239ad79e-7ce4-4310-9ff1-45a63e6afd68.jpg
23c080f5-006d-4cfb-b5c9-c09a23e7795d.jpg,c:\Users\IMG_PRO\Desktop\Image-Processing-Course-2025\Lab6_Hyperparameter-Tuning\data\denoised_lab6_top1\23c080f5-006d-4cfb-b5c9-c09a23e7795d.jpg
240d0cb9-f1c9-4f5d-91ad-17e5784f0d0f.jpg,c:\Users\IMG_PRO\Desktop\Image-Processing-Course-2025\Lab6_Hyperparameter-Tuning\data\denoised_lab6_top1\240d0cb9-f1c9-4f5d-91ad-17e5784f0d0f.jpg
2412746e-e11a-4697-bb68-e463d36a9026.jpg,c:\Users\IMG_PRO\Desktop\Image-Processing-Course-2025\Lab6_Hyperparameter-Tuning\data\denoised_lab6_top1\2412746e-e11a-4697-bb68-e463d36a9026.jpg
24bb90c0-dccd-4ec3-9fa1-d2d56cbcaa1b.jpg,c:\Users\IMG_PRO\Desktop\Image-Processing-Course-2025\Lab6_Hyperparameter-Tuning\data\denoised_lab6_top1\24bb90c0-dccd-4ec3-9fa1-d2d56cbcaa1b.jpg
2527cefa-1edb-44d7-b103-11b8ec4a92d8.jpg,c:\Users\IMG_PRO\Desktop\Image-Processing-Course-2025\Lab6_Hyperparameter-Tuning\data\denoised_lab6_top1\2527cefa-1edb-44d7-b103-11b8ec4a92d8.jpg
2534a467-6460-4570-9b6f-58c655ee4520.jpg,c:\Users\IMG_PRO\Desktop\Image-Processing-Course-2025\Lab6_Hyperparameter-Tuning\data\denoised_lab6_top1\2534a467-6460-4570-9b6f-58c655ee4520.jpg
2545a4e7-4105-4256-bfac-378f9efc8a01.jpg,c:\Users\IMG_PRO\Desktop\Image-Processing-Course-2025\Lab6_Hyperparameter-Tuning\data\denoised_lab6_top1\2545a4e7-4105-4256-bfac-378f9efc8a01.jpg
25717fd6-d351-4660-903e-f26dcfe3aa3b.jpg,c:\Users\IMG_PRO\Desktop\Image-Processing-Course-2025\Lab6_Hyperparameter-Tuning\data\denoised_lab6_top1\25717fd6-d351-4660-903e-f26dcfe3aa3b.jpg
257f0259-da4c-4f33-bbde-ef17fe82a464.jpg,c:\Users\IMG_PRO\Desktop\Image-Processing-Course-2025\Lab6_Hyperparameter-Tuning\data\denoised_lab6_top1\257f0259-da4c-4f33-bbde-ef17fe82a464.jpg
2585ee2e-11bd-45a3-91bd-e31b93ad48d2.jpg,c:\Users\IMG_PRO\Desktop\Image-Processing-Course-2025\Lab6_Hyperparameter-Tuning\data\denoised_lab6_top1\2585ee2e-11bd-45a3-91bd-e31b93ad48d2.jpg
25c22fd3-3710-445a-a5db-0456dc121f56.jpg,c:\Users\IMG_PRO\Desktop\Image-Processing-Course-2025\Lab6_Hyperparameter-Tuning\data\denoised_lab6_top1\25c22fd3-3710-445a-a5db-0456dc121f56.jpg
25d1a2c5-68c6-4797-9b5b-9a4f7384ffd2.jpg,c:\Users\IMG_PRO\Desktop\Image-Processing-Course-2025\Lab6_Hyperparameter-Tuning\data\denoised_lab6_top1\25d1a2c5-68c6-4797-9b5b-9a4f7384ffd2.jpg
2617d922-7ada-43ed-849c-c75c840b9567.jpg,c:\Users\IMG_PRO\Desktop\Image-Processing-Course-2025\Lab6_Hyperparameter-Tuning\data\denoised_lab6_top1\2617d922-7ada-43ed-849c-c75c840b9567.jpg
2632bf0e-5cbe-4c2f-8d1e-cb3853a3fd0e.jpg,c:\Users\IMG_PRO\Desktop\Image-Processing-Course-2025\Lab6_Hyperparameter-Tuning\data\denoised_lab6_top1\2632bf0e-5cbe-4c2f-8d1e-cb3853a3fd0e.jpg
266d7929-2684-4f56-92da-778de21f501a.jpg,c:\Users\IMG_PRO\Desktop\Image-Processing-Course-2025\Lab6_Hyperparameter-Tuning\data\denoised_lab6_top1\266d7929-2684-4f56-92da-778de21f501a.jpg
268061b9-726f-4a49-a4e7-63c8ec6af939.jpg,c:\Users\IMG_PRO\Desktop\Image-Processing-Course-2025\Lab6_Hyperparameter-Tuning\data\denoised_lab6_top1\268061b9-726f-4a49-a4e7-63c8ec6af939.jpg
26c08eb0-29f4-4b77-9b6e-d7c0290c7a52.jpg,c:\Users\IMG_PRO\Desktop\Image-Processing-Course-2025\Lab6_Hyperparameter-Tuning\data\denoised_lab6_top1\26c08eb0-29f4-4b77-9b6e-d7c0290c7a52.jpg
26d2ea90-641d-4484-8fcf-fa2a7146a069.jpg,c:\Users\IMG_PRO\Desktop\Image-Processing-Course-2025\Lab6_Hyperparameter-Tuning\data\denoised_lab6_top1\26d2ea90-641d-4484-8fcf-fa2a7146a069.jpg
271f3497-fe4b-4225-8ea3-aa74a446bfef.jpg,c:\Users\IMG_PRO\Desktop\Image-Processing-Course-2025\Lab6_Hyperparameter-Tuning\data\denoised_lab6_top1\271f3497-fe4b-4225-8ea3-aa74a446bfef.jpg
2745c77d-e3a2-4cfb-b37b-97a58528c56d.jpg,c:\Users\IMG_PRO\Desktop\Image-Processing-Course-2025\Lab6_Hyperparameter-Tuning\data\denoised_lab6_top1\2745c77d-e3a2-4cfb-b37b-97a58528c56d.jpg
279e8a3f-8532-4b3d-91a3-b2e8544bb7d1.jpg,c:\Users\IMG_PRO\Desktop\Image-Processing-Course-2025\Lab6_Hyperparameter-Tuning\data\denoised_lab6_top1\279e8a3f-8532-4b3d-91a3-b2e8544bb7d1.jpg
27e7230e-2f6b-4069-aee1-ebf16672f367.jpg,c:\Users\IMG_PRO\Desktop\Image-Processing-Course-2025\Lab6_Hyperparameter-Tuning\data\denoised_lab6_top1\27e7230e-2f6b-4069-aee1-ebf16672f367.jpg
2811a81b-a8b3-43ee-a0cf-d0e55f01a66f.jpg,c:\Users\IMG_PRO\Desktop\Image-Processing-Course-2025\Lab6_Hyperparameter-Tuning\data\denoised_lab6_top1\2811a81b-a8b3-43ee-a0cf-d0e55f01a66f.jpg
28159ba0-e908-412e-a078-a84c07e887e9.jpg,c:\Users\IMG_PRO\Desktop\Image-Processing-Course-2025\Lab6_Hyperparameter-Tuning\data\denoised_lab6_top1\28159ba0-e908-412e-a078-a84c07e887e9.jpg
281e2792-b5bc-4171-ab52-2eaf9aedae97.jpg,c:\Users\IMG_PRO\Desktop\Image-Processing-Course-2025\Lab6_Hyperparameter-Tuning\data\denoised_lab6_top1\281e2792-b5bc-4171-ab52-2eaf9aedae97.jpg
2832c71b-f0aa-4b9a-98bf-ac8fc66914ed.jpg,c:\Users\IMG_PRO\Desktop\Image-Processing-Course-2025\Lab6_Hyperparameter-Tuning\data\denoised_lab6_top1\2832c71b-f0aa-4b9a-98bf-ac8fc66914ed.jpg
2832f811-b577-4df3-9f57-abc19a40cba5.jpg,c:\Users\IMG_PRO\Desktop\Image-Processing-Course-2025\Lab6_Hyperparameter-Tuning\data\denoised_lab6_top1\2832f811-b577-4df3-9f57-abc19a40cba5.jpg
28c68092-1442-4717-bdaa-58fdee0a039f.jpg,c:\Users\IMG_PRO\Desktop\Image-Processing-Course-2025\Lab6_Hyperparameter-Tuning\data\denoised_lab6_top1\28c68092-1442-4717-bdaa-58fdee0a039f.jpg
28cfa56a-c82f-4234-b444-6fceca519fd6.jpg,c:\Users\IMG_PRO\Desktop\Image-Processing-Course-2025\Lab6_Hyperparameter-Tuning\data\denoised_lab6_top1\28cfa56a-c82f-4234-b444-6fceca519fd6.jpg
28d6ad9c-230c-4898-9f53-2c624efb0a6d.jpg,c:\Users\IMG_PRO\Desktop\Image-Processing-Course-2025\Lab6_Hyperparameter-Tuning\data\denoised_lab6_top1\28d6ad9c-230c-4898-9f53-2c624efb0a6d.jpg
28fd1c41-0dc8-4597-9ecc-d78e7c6936bd.jpg,c:\Users\IMG_PRO\Desktop\Image-Processing-Course-2025\Lab6_Hyperparameter-Tuning\data\denoised_lab6_top1\28fd1c41-0dc8-4597-9ecc-d78e7c6936bd.jpg
290a1dda-ae46-4714-b2af-c4bbf824f083.jpg,c:\Users\IMG_PRO\Desktop\Image-Processing-Course-2025\Lab6_Hyperparameter-Tuning\data\denoised_lab6_top1\290a1dda-ae46-4714-b2af-c4bbf824f083.jpg
296e732c-3f86-4828-84dd-f0497096ef6c.jpg,c:\Users\IMG_PRO\Desktop\Image-Processing-Course-2025\Lab6_Hyperparameter-Tuning\data\denoised_lab6_top1\296e732c-3f86-4828-84dd-f0497096ef6c.jpg
2996af77-3697-4ba6-9fef-ef7c25765415.jpg,c:\Users\IMG_PRO\Desktop\Image-Processing-Course-2025\Lab6_Hyperparameter-Tuning\data\denoised_lab6_top1\2996af77-3697-4ba6-9fef-ef7c25765415.jpg
29c03c00-f8c7-4024-b7a2-ea9a5634636b.jpg,c:\Users\IMG_PRO\Desktop\Image-Processing-Course-2025\Lab6_Hyperparameter-Tuning\data\denoised_lab6_top1\29c03c00-f8c7-4024-b7a2-ea9a5634636b.jpg
29c7ad7f-2c08-49df-ac45-2e1b1c930e9a.jpg,c:\Users\IMG_PRO\Desktop\Image-Processing-Course-2025\Lab6_Hyperparameter-Tuning\data\denoised_lab6_top1\29c7ad7f-2c08-49df-ac45-2e1b1c930e9a.jpg
29eb3a3b-d27e-46a8-9df9-3188ec4732fb.jpg,c:\Users\IMG_PRO\Desktop\Image-Processing-Course-2025\Lab6_Hyperparameter-Tuning\data\denoised_lab6_top1\29eb3a3b-d27e-46a8-9df9-3188ec4732fb.jpg
2a03d602-9ce6-4b53-a3dd-e47e087c42be.jpg,c:\Users\IMG_PRO\Desktop\Image-Processing-Course-2025\Lab6_Hyperparameter-Tuning\data\denoised_lab6_top1\2a03d602-9ce6-4b53-a3dd-e47e087c42be.jpg
2a53dec4-cb72-433b-8e02-40757326e5a4.jpg,c:\Users\IMG_PRO\Desktop\Image-Processing-Course-2025\Lab6_Hyperparameter-Tuning\data\denoised_lab6_top1\2a53dec4-cb72-433b-8e02-40757326e5a4.jpg
2a5d5dc9-d52f-42c2-9e39-16825f823c38.jpg,c:\Users\IMG_PRO\Desktop\Image-Processing-Course-2025\Lab6_Hyperparameter-Tuning\data\denoised_lab6_top1\2a5d5dc9-d52f-42c2-9e39-16825f823c38.jpg
2a6ea0de-569f-4d45-ba40-ddb52c413f10.jpg,c:\Users\IMG_PRO\Desktop\Image-Processing-Course-2025\Lab6_Hyperparameter-Tuning\data\denoised_lab6_top1\2a6ea0de-569f-4d45-ba40-ddb52c413f10.jpg
2ab18a65-0aea-4325-9f82-9d19230472c0.jpg,c:\Users\IMG_PRO\Desktop\Image-Processing-Course-2025\Lab6_Hyperparameter-Tuning\data\denoised_lab6_top1\2ab18a65-0aea-4325-9f82-9d19230472c0.jpg
2abb749e-027e-445f-9b10-e10f9b386fe6.jpg,c:\Users\IMG_PRO\Desktop\Image-Processing-Course-2025\Lab6_Hyperparameter-Tuning\data\denoised_lab6_top1\2abb749e-027e-445f-9b10-e10f9b386fe6.jpg
2ac3be59-1098-4a6e-b542-0af1153661a0.jpg,c:\Users\IMG_PRO\Desktop\Image-Processing-Course-2025\Lab6_Hyperparameter-Tuning\data\denoised_lab6_top1\2ac3be59-1098-4a6e-b542-0af1153661a0.jpg
2b03400e-c1ae-4c48-857c-c935ff718a8a.jpg,c:\Users\IMG_PRO\Desktop\Image-Processing-Course-2025\Lab6_Hyperparameter-Tuning\data\denoised_lab6_top1\2b03400e-c1ae-4c48-857c-c935ff718a8a.jpg
2b2972bf-3ed0-4b3a-abf6-3e4a96bde80c.jpg,c:\Users\IMG_PRO\Desktop\Image-Processing-Course-2025\Lab6_Hyperparameter-Tuning\data\denoised_lab6_top1\2b2972bf-3ed0-4b3a-abf6-3e4a96bde80c.jpg
2b2a632d-1985-4be7-ac9f-f9a21e650be3.jpg,c:\Users\IMG_PRO\Desktop\Image-Processing-Course-2025\Lab6_Hyperparameter-Tuning\data\denoised_lab6_top1\2b2a632d-1985-4be7-ac9f-f9a21e650be3.jpg
2b32b5d2-1327-4ece-b9e4-7c7abe439faf.jpg,c:\Users\IMG_PRO\Desktop\Image-Processing-Course-2025\Lab6_Hyperparameter-Tuning\data\denoised_lab6_top1\2b32b5d2-1327-4ece-b9e4-7c7abe439faf.jpg
2b4a6947-6241-4754-94ea-5605311cd2f9.jpg,c:\Users\IMG_PRO\Desktop\Image-Processing-Course-2025\Lab6_Hyperparameter-Tuning\data\denoised_lab6_top1\2b4a6947-6241-4754-94ea-5605311cd2f9.jpg
2b86c24e-f524-4472-9cdb-2a960b1227f4.jpg,c:\Users\IMG_PRO\Desktop\Image-Processing-Course-2025\Lab6_Hyperparameter-Tuning\data\denoised_lab6_top1\2b86c24e-f524-4472-9cdb-2a960b1227f4.jpg
2b8dfd90-e21a-49d2-9bef-228dd6538b48.jpg,c:\Users\IMG_PRO\Desktop\Image-Processing-Course-2025\Lab6_Hyperparameter-Tuning\data\denoised_lab6_top1\2b8dfd90-e21a-49d2-9bef-228dd6538b48.jpg
2b8ee395-bafd-4e3b-952d-7c558733b1b2.jpg,c:\Users\IMG_PRO\Desktop\Image-Processing-Course-2025\Lab6_Hyperparameter-Tuning\data\denoised_lab6_top1\2b8ee395-bafd-4e3b-952d-7c558733b1b2.jpg
2be2a3bd-3473-4b1e-9289-a8c8e0d008bc.jpg,c:\Users\IMG_PRO\Desktop\Image-Processing-Course-2025\Lab6_Hyperparameter-Tuning\data\denoised_lab6_top1\2be2a3bd-3473-4b1e-9289-a8c8e0d008bc.jpg
2bea8524-9f62-45a5-8b6e-fadeb7e25d4c.jpg,c:\Users\IMG_PRO\Desktop\Image-Processing-Course-2025\Lab6_Hyperparameter-Tuning\data\denoised_lab6_top1\2bea8524-9f62-45a5-8b6e-fadeb7e25d4c.jpg
2bebd461-430a-432e-8fbb-0354c98b9677.jpg,c:\Users\IMG_PRO\Desktop\Image-Processing-Course-2025\Lab6_Hyperparameter-Tuning\data\denoised_lab6_top1\2bebd461-430a-432e-8fbb-0354c98b9677.jpg
2c01b3c6-3951-4edf-aca3-f2b91695a233.jpg,c:\Users\IMG_PRO\Desktop\Image-Processing-Course-2025\Lab6_Hyperparameter-Tuning\data\denoised_lab6_top1\2c01b3c6-3951-4edf-aca3-f2b91695a233.jpg
2c4b4607-8292-4f50-935c-59ad3bf8940c.jpg,c:\Users\IMG_PRO\Desktop\Image-Processing-Course-2025\Lab6_Hyperparameter-Tuning\data\denoised_lab6_top1\2c4b4607-8292-4f50-935c-59ad3bf8940c.jpg
2c4f028b-86af-45e2-83db-8c8199947301.jpg,c:\Users\IMG_PRO\Desktop\Image-Processing-Course-2025\Lab6_Hyperparameter-Tuning\data\denoised_lab6_top1\2c4f028b-86af-45e2-83db-8c8199947301.jpg
2c55965c-f420-420a-a73e-049ac3b77ff5.jpg,c:\Users\IMG_PRO\Desktop\Image-Processing-Course-2025\Lab6_Hyperparameter-Tuning\data\denoised_lab6_top1\2c55965c-f420-420a-a73e-049ac3b77ff5.jpg
2c67e3d0-381f-4ad1-a8ed-fe1e0f0dba5b.jpg,c:\Users\IMG_PRO\Desktop\Image-Processing-Course-2025\Lab6_Hyperparameter-Tuning\data\denoised_lab6_top1\2c67e3d0-381f-4ad1-a8ed-fe1e0f0dba5b.jpg
2c9c7d68-02e5-4163-a7e7-f2cae8d94e43.jpg,c:\Users\IMG_PRO\Desktop\Image-Processing-Course-2025\Lab6_Hyperparameter-Tuning\data\denoised_lab6_top1\2c9c7d68-02e5-4163-a7e7-f2cae8d94e43.jpg
2cce422b-dda9-4ee2-b48b-f3968440a556.jpg,c:\Users\IMG_PRO\Desktop\Image-Processing-Course-2025\Lab6_Hyperparameter-Tuning\data\denoised_lab6_top1\2cce422b-dda9-4ee2-b48b-f3968440a556.jpg
2cd4bf76-522f-4187-92ef-aa2ef071c085.jpg,c:\Users\IMG_PRO\Desktop\Image-Processing-Course-2025\Lab6_Hyperparameter-Tuning\data\denoised_lab6_top1\2cd4bf76-522f-4187-92ef-aa2ef071c085.jpg
2cdb1817-40c7-4719-a212-15c7b3fb8c64.jpg,c:\Users\IMG_PRO\Desktop\Image-Processing-Course-2025\Lab6_Hyperparameter-Tuning\data\denoised_lab6_top1\2cdb1817-40c7-4719-a212-15c7b3fb8c64.jpg
2d1fbf66-0d83-4123-aeeb-7f8fec0c94f9.jpg,c:\Users\IMG_PRO\Desktop\Image-Processing-Course-2025\Lab6_Hyperparameter-Tuning\data\denoised_lab6_top1\2d1fbf66-0d83-4123-aeeb-7f8fec0c94f9.jpg
2d2bd43e-c873-4681-b820-df6f4a5155fe.jpg,c:\Users\IMG_PRO\Desktop\Image-Processing-Course-2025\Lab6_Hyperparameter-Tuning\data\denoised_lab6_top1\2d2bd43e-c873-4681-b820-df6f4a5155fe.jpg
2d36fc04-fd0c-4d86-9dab-e9e6590356db.jpg,c:\Users\IMG_PRO\Desktop\Image-Processing-Course-2025\Lab6_Hyperparameter-Tuning\data\denoised_lab6_top1\2d36fc04-fd0c-4d86-9dab-e9e6590356db.jpg
2d75d4ec-0676-4c86-b256-317d12a1886a.jpg,c:\Users\IMG_PRO\Desktop\Image-Processing-Course-2025\Lab6_Hyperparameter-Tuning\data\denoised_lab6_top1\2d75d4ec-0676-4c86-b256-317d12a1886a.jpg
2dbf8747-b667-4ade-a4f1-b8295ea1b7af.jpg,c:\Users\IMG_PRO\Desktop\Image-Processing-Course-2025\Lab6_Hyperparameter-Tuning\data\denoised_lab6_top1\2dbf8747-b667-4ade-a4f1-b8295ea1b7af.jpg
2dd3aa03-63a2-4430-86e8-cc2fca81cf51.jpg,c:\Users\IMG_PRO\Desktop\Image-Processing-Course-2025\Lab6_Hyperparameter-Tuning\data\denoised_lab6_top1\2dd3aa03-63a2-4430-86e8-cc2fca81cf51.jpg
2dda518e-41de-49db-bbeb-99c819e3ac3b.jpg,c:\Users\IMG_PRO\Desktop\Image-Processing-Course-2025\Lab6_Hyperparameter-Tuning\data\denoised_lab6_top1\2dda518e-41de-49db-bbeb-99c819e3ac3b.jpg
2df1974a-b219-4191-8ac1-b5a4d9e7ccd4.jpg,c:\Users\IMG_PRO\Desktop\Image-Processing-Course-2025\Lab6_Hyperparameter-Tuning\data\denoised_lab6_top1\2df1974a-b219-4191-8ac1-b5a4d9e7ccd4.jpg
2e21904b-c4ab-4e42-917f-7ff53f52e4e0.jpg,c:\Users\IMG_PRO\Desktop\Image-Processing-Course-2025\Lab6_Hyperparameter-Tuning\data\denoised_lab6_top1\2e21904b-c4ab-4e42-917f-7ff53f52e4e0.jpg
2e3b23a9-af94-45f1-8eea-a7c634fda79a.jpg,c:\Users\IMG_PRO\Desktop\Image-Processing-Course-2025\Lab6_Hyperparameter-Tuning\data\denoised_lab6_top1\2e3b23a9-af94-45f1-8eea-a7c634fda79a.jpg
2e4ba5f4-7678-4786-a983-36aa926e39f6.jpg,c:\Users\IMG_PRO\Desktop\Image-Processing-Course-2025\Lab6_Hyperparameter-Tuning\data\denoised_lab6_top1\2e4ba5f4-7678-4786-a983-36aa926e39f6.jpg
2e9dd7e1-a68a-4c62-a47f-58dd7a1026d4.jpg,c:\Users\IMG_PRO\Desktop\Image-Processing-Course-2025\Lab6_Hyperparameter-Tuning\data\denoised_lab6_top1\2e9dd7e1-a68a-4c62-a47f-58dd7a1026d4.jpg
2eae7d77-34c4-4b73-beaa-3659985555e6.jpg,c:\Users\IMG_PRO\Desktop\Image-Processing-Course-2025\Lab6_Hyperparameter-Tuning\data\denoised_lab6_top1\2eae7d77-34c4-4b73-beaa-3659985555e6.jpg
2ef92b2f-2e6b-4bf9-a2f1-6d33df32da76.jpg,c:\Users\IMG_PRO\Desktop\Image-Processing-Course-2025\Lab6_Hyperparameter-Tuning\data\denoised_lab6_top1\2ef92b2f-2e6b-4bf9-a2f1-6d33df32da76.jpg
2f1e403a-66d4-424c-b101-6d16e0bca269.jpg,c:\Users\IMG_PRO\Desktop\Image-Processing-Course-2025\Lab6_Hyperparameter-Tuning\data\denoised_lab6_top1\2f1e403a-66d4-424c-b101-6d16e0bca269.jpg
2f3ee70d-abff-4b38-b66a-158c88c115be.jpg,c:\Users\IMG_PRO\Desktop\Image-Processing-Course-2025\Lab6_Hyperparameter-Tuning\data\denoised_lab6_top1\2f3ee70d-abff-4b38-b66a-158c88c115be.jpg
2f6b3634-4a6a-451f-83e3-157cdb5fffa3.jpg,c:\Users\IMG_PRO\Desktop\Image-Processing-Course-2025\Lab6_Hyperparameter-Tuning\data\denoised_lab6_top1\2f6b3634-4a6a-451f-83e3-157cdb5fffa3.jpg
2f7acaa1-8132-47cc-8119-2ac7731175d3.jpg,c:\Users\IMG_PRO\Desktop\Image-Processing-Course-2025\Lab6_Hyperparameter-Tuning\data\denoised_lab6_top1\2f7acaa1-8132-47cc-8119-2ac7731175d3.jpg
2f7f6fed-0b28-4927-ac70-43431d94c131.jpg,c:\Users\IMG_PRO\Desktop\Image-Processing-Course-2025\Lab6_Hyperparameter-Tuning\data\denoised_lab6_top1\2f7f6fed-0b28-4927-ac70-43431d94c131.jpg
2f944b31-e843-4aa0-be89-3c44485a0e0a.jpg,c:\Users\IMG_PRO\Desktop\Image-Processing-Course-2025\Lab6_Hyperparameter-Tuning\data\denoised_lab6_top1\2f944b31-e843-4aa0-be89-3c44485a0e0a.jpg
2f981ba5-2fd1-4663-a87b-aba4a44d67bd.jpg,c:\Users\IMG_PRO\Desktop\Image-Processing-Course-2025\Lab6_Hyperparameter-Tuning\data\denoised_lab6_top1\2f981ba5-2fd1-4663-a87b-aba4a44d67bd.jpg
2f9bd4a2-8e97-42f1-b720-aa58c5e92260.jpg,c:\Users\IMG_PRO\Desktop\Image-Processing-Course-2025\Lab6_Hyperparameter-Tuning\data\denoised_lab6_top1\2f9bd4a2-8e97-42f1-b720-aa58c5e92260.jpg
2fb4263b-1fd8-4014-95d1-4ea943582e62.jpg,c:\Users\IMG_PRO\Desktop\Image-Processing-Course-2025\Lab6_Hyperparameter-Tuning\data\denoised_lab6_top1\2fb4263b-1fd8-4014-95d1-4ea943582e62.jpg
302eb338-e78a-419c-9eb6-a8434a4d4726.jpg,c:\Users\IMG_PRO\Desktop\Image-Processing-Course-2025\Lab6_Hyperparameter-Tuning\data\denoised_lab6_top1\302eb338-e78a-419c-9eb6-a8434a4d4726.jpg
304b3693-94aa-49d9-bcab-6d903e9d147e.jpg,c:\Users\IMG_PRO\Desktop\Image-Processing-Course-2025\Lab6_Hyperparameter-Tuning\data\denoised_lab6_top1\304b3693-94aa-49d9-bcab-6d903e9d147e.jpg
3054410e-fa19-4b31-90e4-47313cce8757.jpg,c:\Users\IMG_PRO\Desktop\Image-Processing-Course-2025\Lab6_Hyperparameter-Tuning\data\denoised_lab6_top1\3054410e-fa19-4b31-90e4-47313cce8757.jpg
30603814-de88-4d11-9c0d-aa58ecdc4e2e.jpg,c:\Users\IMG_PRO\Desktop\Image-Processing-Course-2025\Lab6_Hyperparameter-Tuning\data\denoised_lab6_top1\30603814-de88-4d11-9c0d-aa58ecdc4e2e.jpg
3067e77f-bbf5-42e0-a4d0-a89186b898e1.jpg,c:\Users\IMG_PRO\Desktop\Image-Processing-Course-2025\Lab6_Hyperparameter-Tuning\data\denoised_lab6_top1\3067e77f-bbf5-42e0-a4d0-a89186b898e1.jpg
306c27b0-4f2a-4c24-8e13-f2c1b94c2381.jpg,c:\Users\IMG_PRO\Desktop\Image-Processing-Course-2025\Lab6_Hyperparameter-Tuning\data\denoised_lab6_top1\306c27b0-4f2a-4c24-8e13-f2c1b94c2381.jpg
30826df9-71ab-410b-8231-f7f6dd78ce1d.jpg,c:\Users\IMG_PRO\Desktop\Image-Processing-Course-2025\Lab6_Hyperparameter-Tuning\data\denoised_lab6_top1\30826df9-71ab-410b-8231-f7f6dd78ce1d.jpg
3083d695-80a4-4bea-8097-3a45be7b42aa.jpg,c:\Users\IMG_PRO\Desktop\Image-Processing-Course-2025\Lab6_Hyperparameter-Tuning\data\denoised_lab6_top1\3083d695-80a4-4bea-8097-3a45be7b42aa.jpg
30b71ba9-c9fc-4d9c-8883-e299c2122bd5.jpg,c:\Users\IMG_PRO\Desktop\Image-Processing-Course-2025\Lab6_Hyperparameter-Tuning\data\denoised_lab6_top1\30b71ba9-c9fc-4d9c-8883-e299c2122bd5.jpg
30ca45a8-c5d0-4c7d-a97b-e0f65d3705bb.jpg,c:\Users\IMG_PRO\Desktop\Image-Processing-Course-2025\Lab6_Hyperparameter-Tuning\data\denoised_lab6_top1\30ca45a8-c5d0-4c7d-a97b-e0f65d3705bb.jpg
30da81c5-4e17-4003-8f33-56e0422964d3.jpg,c:\Users\IMG_PRO\Desktop\Image-Processing-Course-2025\Lab6_Hyperparameter-Tuning\data\denoised_lab6_top1\30da81c5-4e17-4003-8f33-56e0422964d3.jpg
30ea8c3f-7ddc-4ba9-a891-8045f4cec4bd.jpg,c:\Users\IMG_PRO\Desktop\Image-Processing-Course-2025\Lab6_Hyperparameter-Tuning\data\denoised_lab6_top1\30ea8c3f-7ddc-4ba9-a891-8045f4cec4bd.jpg
30f68a44-9fa5-44ae-965f-42678193b225.jpg,c:\Users\IMG_PRO\Desktop\Image-Processing-Course-2025\Lab6_Hyperparameter-Tuning\data\denoised_lab6_top1\30f68a44-9fa5-44ae-965f-42678193b225.jpg
30fc73f1-f145-4a4b-b01b-5ac4350794a7.jpg,c:\Users\IMG_PRO\Desktop\Image-Processing-Course-2025\Lab6_Hyperparameter-Tuning\data\denoised_lab6_top1\30fc73f1-f145-4a4b-b01b-5ac4350794a7.jpg
3101c4ce-3aff-4111-b25b-cfedda492f51.jpg,c:\Users\IMG_PRO\Desktop\Image-Processing-Course-2025\Lab6_Hyperparameter-Tuning\data\denoised_lab6_top1\3101c4ce-3aff-4111-b25b-cfedda492f51.jpg
311c9b1b-b35f-4d60-ad12-9c2c2a4b4766.jpg,c:\Users\IMG_PRO\Desktop\Image-Processing-Course-2025\Lab6_Hyperparameter-Tuning\data\denoised_lab6_top1\311c9b1b-b35f-4d60-ad12-9c2c2a4b4766.jpg
3153e12a-28d2-4f41-8a0b-bd517b2c2c41.jpg,c:\Users\IMG_PRO\Desktop\Image-Processing-Course-2025\Lab6_Hyperparameter-Tuning\data\denoised_lab6_top1\3153e12a-28d2-4f41-8a0b-bd517b2c2c41.jpg
3174d4af-c00c-4097-b082-92d40f7a0255.jpg,c:\Users\IMG_PRO\Desktop\Image-Processing-Course-2025\Lab6_Hyperparameter-Tuning\data\denoised_lab6_top1\3174d4af-c00c-4097-b082-92d40f7a0255.jpg
3189c323-df01-4554-9508-47bc49731eb8.jpg,c:\Users\IMG_PRO\Desktop\Image-Processing-Course-2025\Lab6_Hyperparameter-Tuning\data\denoised_lab6_top1\3189c323-df01-4554-9508-47bc49731eb8.jpg
319f53e8-dd67-47c2-a41a-585c657652be.jpg,c:\Users\IMG_PRO\Desktop\Image-Processing-Course-2025\Lab6_Hyperparameter-Tuning\data\denoised_lab6_top1\319f53e8-dd67-47c2-a41a-585c657652be.jpg
31e923be-30de-4725-9f55-185dff13e114.jpg,c:\Users\IMG_PRO\Desktop\Image-Processing-Course-2025\Lab6_Hyperparameter-Tuning\data\denoised_lab6_top1\31e923be-30de-4725-9f55-185dff13e114.jpg
323d43a9-b7af-43f9-b70a-3a3869af52fb.jpg,c:\Users\IMG_PRO\Desktop\Image-Processing-Course-2025\Lab6_Hyperparameter-Tuning\data\denoised_lab6_top1\323d43a9-b7af-43f9-b70a-3a3869af52fb.jpg
32424e06-390a-423b-887f-33b14b75b2ea.jpg,c:\Users\IMG_PRO\Desktop\Image-Processing-Course-2025\Lab6_Hyperparameter-Tuning\data\denoised_lab6_top1\32424e06-390a-423b-887f-33b14b75b2ea.jpg
32743ea3-29a5-4aa3-aca8-91579f69a974.jpg,c:\Users\IMG_PRO\Desktop\Image-Processing-Course-2025\Lab6_Hyperparameter-Tuning\data\denoised_lab6_top1\32743ea3-29a5-4aa3-aca8-91579f69a974.jpg
3281de84-e360-4cb9-b1bd-d8f3bc3ac3cb.jpg,c:\Users\IMG_PRO\Desktop\Image-Processing-Course-2025\Lab6_Hyperparameter-Tuning\data\denoised_lab6_top1\3281de84-e360-4cb9-b1bd-d8f3bc3ac3cb.jpg
328c9c2c-7879-4c0c-a208-c845a5af603f.jpg,c:\Users\IMG_PRO\Desktop\Image-Processing-Course-2025\Lab6_Hyperparameter-Tuning\data\denoised_lab6_top1\328c9c2c-7879-4c0c-a208-c845a5af603f.jpg
32c59804-faff-4993-8bc8-b386236d0c5b.jpg,c:\Users\IMG_PRO\Desktop\Image-Processing-Course-2025\Lab6_Hyperparameter-Tuning\data\denoised_lab6_top1\32c59804-faff-4993-8bc8-b386236d0c5b.jpg
32f3d1ce-bd27-4a41-86c7-578df8fbb590.jpg,c:\Users\IMG_PRO\Desktop\Image-Processing-Course-2025\Lab6_Hyperparameter-Tuning\data\denoised_lab6_top1\32f3d1ce-bd27-4a41-86c7-578df8fbb590.jpg
3310de32-09b1-4557-8e1e-0c07ccad00d7.jpg,c:\Users\IMG_PRO\Desktop\Image-Processing-Course-2025\Lab6_Hyperparameter-Tuning\data\denoised_lab6_top1\3310de32-09b1-4557-8e1e-0c07ccad00d7.jpg
331bcfe6-3ec6-481a-bfcf-5fb89b9051c1.jpg,c:\Users\IMG_PRO\Desktop\Image-Processing-Course-2025\Lab6_Hyperparameter-Tuning\data\denoised_lab6_top1\331bcfe6-3ec6-481a-bfcf-5fb89b9051c1.jpg
3336bb23-d8df-4125-a06c-6a466957eeee.jpg,c:\Users\IMG_PRO\Desktop\Image-Processing-Course-2025\Lab6_Hyperparameter-Tuning\data\denoised_lab6_top1\3336bb23-d8df-4125-a06c-6a466957eeee.jpg
334eca0e-cb03-4464-a520-7cf7b0583187.jpg,c:\Users\IMG_PRO\Desktop\Image-Processing-Course-2025\Lab6_Hyperparameter-Tuning\data\denoised_lab6_top1\334eca0e-cb03-4464-a520-7cf7b0583187.jpg
33778f4d-ad83-4a35-9fdc-bb6a063f9765.jpg,c:\Users\IMG_PRO\Desktop\Image-Processing-Course-2025\Lab6_Hyperparameter-Tuning\data\denoised_lab6_top1\33778f4d-ad83-4a35-9fdc-bb6a063f9765.jpg
338fbecd-2e25-4e5b-a36e-3d851930ca96.jpg,c:\Users\IMG_PRO\Desktop\Image-Processing-Course-2025\Lab6_Hyperparameter-Tuning\data\denoised_lab6_top1\338fbecd-2e25-4e5b-a36e-3d851930ca96.jpg
33b6a212-7f30-481d-9889-42c0362378c9.jpg,c:\Users\IMG_PRO\Desktop\Image-Processing-Course-2025\Lab6_Hyperparameter-Tuning\data\denoised_lab6_top1\33b6a212-7f30-481d-9889-42c0362378c9.jpg
33b8cd1e-ec9f-4a4d-82c2-d043b3fb325a.jpg,c:\Users\IMG_PRO\Desktop\Image-Processing-Course-2025\Lab6_Hyperparameter-Tuning\data\denoised_lab6_top1\33b8cd1e-ec9f-4a4d-82c2-d043b3fb325a.jpg
33ee083d-e32b-4a61-9607-c08263a060cd.jpg,c:\Users\IMG_PRO\Desktop\Image-Processing-Course-2025\Lab6_Hyperparameter-Tuning\data\denoised_lab6_top1\33ee083d-e32b-4a61-9607-c08263a060cd.jpg
33ffc1ad-f208-4c13-a845-eb2e5513d7b2.jpg,c:\Users\IMG_PRO\Desktop\Image-Processing-Course-2025\Lab6_Hyperparameter-Tuning\data\denoised_lab6_top1\33ffc1ad-f208-4c13-a845-eb2e5513d7b2.jpg
34655278-fd83-4cdd-ac3e-1315cca791f7.jpg,c:\Users\IMG_PRO\Desktop\Image-Processing-Course-2025\Lab6_Hyperparameter-Tuning\data\denoised_lab6_top1\34655278-fd83-4cdd-ac3e-1315cca791f7.jpg
34792c2b-345e-40d2-b861-c4178e40db77.jpg,c:\Users\IMG_PRO\Desktop\Image-Processing-Course-2025\Lab6_Hyperparameter-Tuning\data\denoised_lab6_top1\34792c2b-345e-40d2-b861-c4178e40db77.jpg
349123f9-9f58-4654-ba05-46a7b29a949d.jpg,c:\Users\IMG_PRO\Desktop\Image-Processing-Course-2025\Lab6_Hyperparameter-Tuning\data\denoised_lab6_top1\349123f9-9f58-4654-ba05-46a7b29a949d.jpg
3494789e-ac2b-473d-b2d1-b705c62b88ec.jpg,c:\Users\IMG_PRO\Desktop\Image-Processing-Course-2025\Lab6_Hyperparameter-Tuning\data\denoised_lab6_top1\3494789e-ac2b-473d-b2d1-b705c62b88ec.jpg
34bc87d7-7377-44da-8250-7948f1edc323.jpg,c:\Users\IMG_PRO\Desktop\Image-Processing-Course-2025\Lab6_Hyperparameter-Tuning\data\denoised_lab6_top1\34bc87d7-7377-44da-8250-7948f1edc323.jpg
3501bfb9-9014-4bf4-b377-e0c386c0827a.jpg,c:\Users\IMG_PRO\Desktop\Image-Processing-Course-2025\Lab6_Hyperparameter-Tuning\data\denoised_lab6_top1\3501bfb9-9014-4bf4-b377-e0c386c0827a.jpg
353b0336-4947-420c-b8a7-3f280a74baac.jpg,c:\Users\IMG_PRO\Desktop\Image-Processing-Course-2025\Lab6_Hyperparameter-Tuning\data\denoised_lab6_top1\353b0336-4947-420c-b8a7-3f280a74baac.jpg
35737957-41f5-44b2-8b19-c2629b4ca831.jpg,c:\Users\IMG_PRO\Desktop\Image-Processing-Course-2025\Lab6_Hyperparameter-Tuning\data\denoised_lab6_top1\35737957-41f5-44b2-8b19-c2629b4ca831.jpg
3618a3dd-6cec-46ff-878f-444d12292a08.jpg,c:\Users\IMG_PRO\Desktop\Image-Processing-Course-2025\Lab6_Hyperparameter-Tuning\data\denoised_lab6_top1\3618a3dd-6cec-46ff-878f-444d12292a08.jpg
361c4633-8e52-4ae2-9b97-a4270ac72205.jpg,c:\Users\IMG_PRO\Desktop\Image-Processing-Course-2025\Lab6_Hyperparameter-Tuning\data\denoised_lab6_top1\361c4633-8e52-4ae2-9b97-a4270ac72205.jpg
3652da41-e435-49a9-8b77-87b20a60a722.jpg,c:\Users\IMG_PRO\Desktop\Image-Processing-Course-2025\Lab6_Hyperparameter-Tuning\data\denoised_lab6_top1\3652da41-e435-49a9-8b77-87b20a60a722.jpg
36676110-3473-405d-a958-6153380392c9.jpg,c:\Users\IMG_PRO\Desktop\Image-Processing-Course-2025\Lab6_Hyperparameter-Tuning\data\denoised_lab6_top1\36676110-3473-405d-a958-6153380392c9.jpg
3684bf3e-ccd1-43db-9b0a-d1aa995c4e1e.jpg,c:\Users\IMG_PRO\Desktop\Image-Processing-Course-2025\Lab6_Hyperparameter-Tuning\data\denoised_lab6_top1\3684bf3e-ccd1-43db-9b0a-d1aa995c4e1e.jpg
369e76da-1d42-4c0a-81c0-ad5f49d7a515.jpg,c:\Users\IMG_PRO\Desktop\Image-Processing-Course-2025\Lab6_Hyperparameter-Tuning\data\denoised_lab6_top1\369e76da-1d42-4c0a-81c0-ad5f49d7a515.jpg
36bfb2c3-de0d-42f3-b77a-558d2254c0f8.jpg,c:\Users\IMG_PRO\Desktop\Image-Processing-Course-2025\Lab6_Hyperparameter-Tuning\data\denoised_lab6_top1\36bfb2c3-de0d-42f3-b77a-558d2254c0f8.jpg
36c1a8ac-df04-4d86-8511-cec0bb370e1a.jpg,c:\Users\IMG_PRO\Desktop\Image-Processing-Course-2025\Lab6_Hyperparameter-Tuning\data\denoised_lab6_top1\36c1a8ac-df04-4d86-8511-cec0bb370e1a.jpg
36cacb4e-c6ff-4585-ac37-adbe7f347392.jpg,c:\Users\IMG_PRO\Desktop\Image-Processing-Course-2025\Lab6_Hyperparameter-Tuning\data\denoised_lab6_top1\36cacb4e-c6ff-4585-ac37-adbe7f347392.jpg
36d9bc18-3b53-4753-811b-a73625307284.jpg,c:\Users\IMG_PRO\Desktop\Image-Processing-Course-2025\Lab6_Hyperparameter-Tuning\data\denoised_lab6_top1\36d9bc18-3b53-4753-811b-a73625307284.jpg
377c8c63-a6c8-4058-a949-cf1aa33f3cae.jpg,c:\Users\IMG_PRO\Desktop\Image-Processing-Course-2025\Lab6_Hyperparameter-Tuning\data\denoised_lab6_top1\377c8c63-a6c8-4058-a949-cf1aa33f3cae.jpg
3783969d-544a-48b8-b3c1-049fdcc4d08f.jpg,c:\Users\IMG_PRO\Desktop\Image-Processing-Course-2025\Lab6_Hyperparameter-Tuning\data\denoised_lab6_top1\3783969d-544a-48b8-b3c1-049fdcc4d08f.jpg
37afc0a0-0052-4752-8a47-3bd19c2649cd.jpg,c:\Users\IMG_PRO\Desktop\Image-Processing-Course-2025\Lab6_Hyperparameter-Tuning\data\denoised_lab6_top1\37afc0a0-0052-4752-8a47-3bd19c2649cd.jpg
37b4d672-4101-4248-be98-5f7b1976a6be.jpg,c:\Users\IMG_PRO\Desktop\Image-Processing-Course-2025\Lab6_Hyperparameter-Tuning\data\denoised_lab6_top1\37b4d672-4101-4248-be98-5f7b1976a6be.jpg
37c73da8-169c-44e1-99b6-d66a9e451eee.jpg,c:\Users\IMG_PRO\Desktop\Image-Processing-Course-2025\Lab6_Hyperparameter-Tuning\data\denoised_lab6_top1\37c73da8-169c-44e1-99b6-d66a9e451eee.jpg
37d106a2-66e6-4e1e-bc0c-0754d0c2ed9f.jpg,c:\Users\IMG_PRO\Desktop\Image-Processing-Course-2025\Lab6_Hyperparameter-Tuning\data\denoised_lab6_top1\37d106a2-66e6-4e1e-bc0c-0754d0c2ed9f.jpg
37ea237b-d757-469f-b638-e916089bebb2.jpg,c:\Users\IMG_PRO\Desktop\Image-Processing-Course-2025\Lab6_Hyperparameter-Tuning\data\denoised_lab6_top1\37ea237b-d757-469f-b638-e916089bebb2.jpg
38187bc2-e121-46d0-85ee-1213cae574b5.jpg,c:\Users\IMG_PRO\Desktop\Image-Processing-Course-2025\Lab6_Hyperparameter-Tuning\data\denoised_lab6_top1\38187bc2-e121-46d0-85ee-1213cae574b5.jpg
387ee7ed-c003-4fb4-9c2a-84001bd34b4d.jpg,c:\Users\IMG_PRO\Desktop\Image-Processing-Course-2025\Lab6_Hyperparameter-Tuning\data\denoised_lab6_top1\387ee7ed-c003-4fb4-9c2a-84001bd34b4d.jpg
38cba32d-6c9c-4e1e-9925-f3557393f0de.jpg,c:\Users\IMG_PRO\Desktop\Image-Processing-Course-2025\Lab6_Hyperparameter-Tuning\data\denoised_lab6_top1\38cba32d-6c9c-4e1e-9925-f3557393f0de.jpg
38e63a7e-1ed8-442b-96bc-25c8f7e0d620.jpg,c:\Users\IMG_PRO\Desktop\Image-Processing-Course-2025\Lab6_Hyperparameter-Tuning\data\denoised_lab6_top1\38e63a7e-1ed8-442b-96bc-25c8f7e0d620.jpg
38f94001-62a5-4a0b-8443-2fa317ef208b.jpg,c:\Users\IMG_PRO\Desktop\Image-Processing-Course-2025\Lab6_Hyperparameter-Tuning\data\denoised_lab6_top1\38f94001-62a5-4a0b-8443-2fa317ef208b.jpg
39388047-3951-44a5-8642-0b393badeea5.jpg,c:\Users\IMG_PRO\Desktop\Image-Processing-Course-2025\Lab6_Hyperparameter-Tuning\data\denoised_lab6_top1\39388047-3951-44a5-8642-0b393badeea5.jpg
3949f0ff-6378-4010-a02c-0aa3cb9eec09.jpg,c:\Users\IMG_PRO\Desktop\Image-Processing-Course-2025\Lab6_Hyperparameter-Tuning\data\denoised_lab6_top1\3949f0ff-6378-4010-a02c-0aa3cb9eec09.jpg
3a4bf004-73ca-4ed5-aad9-87e04fdebfa8.jpg,c:\Users\IMG_PRO\Desktop\Image-Processing-Course-2025\Lab6_Hyperparameter-Tuning\data\denoised_lab6_top1\3a4bf004-73ca-4ed5-aad9-87e04fdebfa8.jpg
3a6d9e76-aea0-4166-965a-a7b206fb05eb.jpg,c:\Users\IMG_PRO\Desktop\Image-Processing-Course-2025\Lab6_Hyperparameter-Tuning\data\denoised_lab6_top1\3a6d9e76-aea0-4166-965a-a7b206fb05eb.jpg
3a932094-d2ff-4e1d-8b6a-e97ebcd071a8.jpg,c:\Users\IMG_PRO\Desktop\Image-Processing-Course-2025\Lab6_Hyperparameter-Tuning\data\denoised_lab6_top1\3a932094-d2ff-4e1d-8b6a-e97ebcd071a8.jpg
3a9c4d30-be55-4316-a31f-47a7c15ff0f3.jpg,c:\Users\IMG_PRO\Desktop\Image-Processing-Course-2025\Lab6_Hyperparameter-Tuning\data\denoised_lab6_top1\3a9c4d30-be55-4316-a31f-47a7c15ff0f3.jpg
3ae12f31-5589-49ab-a0b4-5da7293642f9.jpg,c:\Users\IMG_PRO\Desktop\Image-Processing-Course-2025\Lab6_Hyperparameter-Tuning\data\denoised_lab6_top1\3ae12f31-5589-49ab-a0b4-5da7293642f9.jpg
3ae7fc51-bf34-4d72-9c34-382d592611d4.jpg,c:\Users\IMG_PRO\Desktop\Image-Processing-Course-2025\Lab6_Hyperparameter-Tuning\data\denoised_lab6_top1\3ae7fc51-bf34-4d72-9c34-382d592611d4.jpg
3af19904-bcbf-42d5-aa8c-9eea426d6f5c.jpg,c:\Users\IMG_PRO\Desktop\Image-Processing-Course-2025\Lab6_Hyperparameter-Tuning\data\denoised_lab6_top1\3af19904-bcbf-42d5-aa8c-9eea426d6f5c.jpg
3b1561f2-a0d7-4e0c-83e9-36e0e8d88a55.jpg,c:\Users\IMG_PRO\Desktop\Image-Processing-Course-2025\Lab6_Hyperparameter-Tuning\data\denoised_lab6_top1\3b1561f2-a0d7-4e0c-83e9-36e0e8d88a55.jpg
3b2307a7-1ccc-4eda-8ffb-f2d08d67227f.jpg,c:\Users\IMG_PRO\Desktop\Image-Processing-Course-2025\Lab6_Hyperparameter-Tuning\data\denoised_lab6_top1\3b2307a7-1ccc-4eda-8ffb-f2d08d67227f.jpg
3b35c1f7-2d87-495c-b612-0afc79e30773.jpg,c:\Users\IMG_PRO\Desktop\Image-Processing-Course-2025\Lab6_Hyperparameter-Tuning\data\denoised_lab6_top1\3b35c1f7-2d87-495c-b612-0afc79e30773.jpg
3b75e243-4a9c-4b9b-9f9b-eb06627243ac.jpg,c:\Users\IMG_PRO\Desktop\Image-Processing-Course-2025\Lab6_Hyperparameter-Tuning\data\denoised_lab6_top1\3b75e243-4a9c-4b9b-9f9b-eb06627243ac.jpg
3ba17841-501e-46ed-af87-ed35f78d0d69.jpg,c:\Users\IMG_PRO\Desktop\Image-Processing-Course-2025\Lab6_Hyperparameter-Tuning\data\denoised_lab6_top1\3ba17841-501e-46ed-af87-ed35f78d0d69.jpg
3ba76a69-2f7f-43e4-b03b-d964b2f1e0d0.jpg,c:\Users\IMG_PRO\Desktop\Image-Processing-Course-2025\Lab6_Hyperparameter-Tuning\data\denoised_lab6_top1\3ba76a69-2f7f-43e4-b03b-d964b2f1e0d0.jpg
3bcea6a9-cd55-412d-a213-2c0ff18bf930.jpg,c:\Users\IMG_PRO\Desktop\Image-Processing-Course-2025\Lab6_Hyperparameter-Tuning\data\denoised_lab6_top1\3bcea6a9-cd55-412d-a213-2c0ff18bf930.jpg
3bcfeab4-04bd-4598-a63b-b41423951ec7.jpg,c:\Users\IMG_PRO\Desktop\Image-Processing-Course-2025\Lab6_Hyperparameter-Tuning\data\denoised_lab6_top1\3bcfeab4-04bd-4598-a63b-b41423951ec7.jpg
3be12d81-2149-4101-b57e-6821e1f70874.jpg,c:\Users\IMG_PRO\Desktop\Image-Processing-Course-2025\Lab6_Hyperparameter-Tuning\data\denoised_lab6_top1\3be12d81-2149-4101-b57e-6821e1f70874.jpg
3c2ddb56-5998-42e9-ac0a-460db16b1241.jpg,c:\Users\IMG_PRO\Desktop\Image-Processing-Course-2025\Lab6_Hyperparameter-Tuning\data\denoised_lab6_top1\3c2ddb56-5998-42e9-ac0a-460db16b1241.jpg
3c33b745-91a1-4724-844f-5e2a804d279d.jpg,c:\Users\IMG_PRO\Desktop\Image-Processing-Course-2025\Lab6_Hyperparameter-Tuning\data\denoised_lab6_top1\3c33b745-91a1-4724-844f-5e2a804d279d.jpg
3c6503c4-ae32-46fc-872f-23247b44ce14.jpg,c:\Users\IMG_PRO\Desktop\Image-Processing-Course-2025\Lab6_Hyperparameter-Tuning\data\denoised_lab6_top1\3c6503c4-ae32-46fc-872f-23247b44ce14.jpg
3c9a67ec-0ab2-4190-b142-93a234d7989f.jpg,c:\Users\IMG_PRO\Desktop\Image-Processing-Course-2025\Lab6_Hyperparameter-Tuning\data\denoised_lab6_top1\3c9a67ec-0ab2-4190-b142-93a234d7989f.jpg
3ca9b6bf-2137-4499-80f4-939a00c84873.jpg,c:\Users\IMG_PRO\Desktop\Image-Processing-Course-2025\Lab6_Hyperparameter-Tuning\data\denoised_lab6_top1\3ca9b6bf-2137-4499-80f4-939a00c84873.jpg
3d44eb7a-7ded-4607-b91e-d180c82ef69c.jpg,c:\Users\IMG_PRO\Desktop\Image-Processing-Course-2025\Lab6_Hyperparameter-Tuning\data\denoised_lab6_top1\3d44eb7a-7ded-4607-b91e-d180c82ef69c.jpg
3d78388b-54c4-4a2a-94a7-96faeb600c3d.jpg,c:\Users\IMG_PRO\Desktop\Image-Processing-Course-2025\Lab6_Hyperparameter-Tuning\data\denoised_lab6_top1\3d78388b-54c4-4a2a-94a7-96faeb600c3d.jpg
3d992df8-7cc2-4fc3-b569-ec2c61c42aee.jpg,c:\Users\IMG_PRO\Desktop\Image-Processing-Course-2025\Lab6_Hyperparameter-Tuning\data\denoised_lab6_top1\3d992df8-7cc2-4fc3-b569-ec2c61c42aee.jpg
3db9ff77-1e5f-4827-b657-a59af4a78ac7.jpg,c:\Users\IMG_PRO\Desktop\Image-Processing-Course-2025\Lab6_Hyperparameter-Tuning\data\denoised_lab6_top1\3db9ff77-1e5f-4827-b657-a59af4a78ac7.jpg
3e0fd3b8-a375-4e32-8e82-76294ac62c0a.jpg,c:\Users\IMG_PRO\Desktop\Image-Processing-Course-2025\Lab6_Hyperparameter-Tuning\data\denoised_lab6_top1\3e0fd3b8-a375-4e32-8e82-76294ac62c0a.jpg
3e18b022-35b4-4f3b-a3e2-cff1eca94a4c.jpg,c:\Users\IMG_PRO\Desktop\Image-Processing-Course-2025\Lab6_Hyperparameter-Tuning\data\denoised_lab6_top1\3e18b022-35b4-4f3b-a3e2-cff1eca94a4c.jpg
3e4230d2-21c6-4bea-a81d-0272e3f5b62c.jpg,c:\Users\IMG_PRO\Desktop\Image-Processing-Course-2025\Lab6_Hyperparameter-Tuning\data\denoised_lab6_top1\3e4230d2-21c6-4bea-a81d-0272e3f5b62c.jpg
3eaeeb5e-a173-42c7-b1e4-2bd6d8148fe2.jpg,c:\Users\IMG_PRO\Desktop\Image-Processing-Course-2025\Lab6_Hyperparameter-Tuning\data\denoised_lab6_top1\3eaeeb5e-a173-42c7-b1e4-2bd6d8148fe2.jpg
3eb55afd-4d23-4b1b-8d72-e5d162c15480.jpg,c:\Users\IMG_PRO\Desktop\Image-Processing-Course-2025\Lab6_Hyperparameter-Tuning\data\denoised_lab6_top1\3eb55afd-4d23-4b1b-8d72-e5d162c15480.jpg
3ec2c0b0-0bb7-4d64-8c79-b0382d1f41ee.jpg,c:\Users\IMG_PRO\Desktop\Image-Processing-Course-2025\Lab6_Hyperparameter-Tuning\data\denoised_lab6_top1\3ec2c0b0-0bb7-4d64-8c79-b0382d1f41ee.jpg
3ec4aa5d-7f34-4120-958b-3229f5e59daa.jpg,c:\Users\IMG_PRO\Desktop\Image-Processing-Course-2025\Lab6_Hyperparameter-Tuning\data\denoised_lab6_top1\3ec4aa5d-7f34-4120-958b-3229f5e59daa.jpg
3ee8498a-9dfe-4be7-b8ca-43101a62d0f1.jpg,c:\Users\IMG_PRO\Desktop\Image-Processing-Course-2025\Lab6_Hyperparameter-Tuning\data\denoised_lab6_top1\3ee8498a-9dfe-4be7-b8ca-43101a62d0f1.jpg
3eedd41b-1b49-4e26-8656-84041dd4d4f5.jpg,c:\Users\IMG_PRO\Desktop\Image-Processing-Course-2025\Lab6_Hyperparameter-Tuning\data\denoised_lab6_top1\3eedd41b-1b49-4e26-8656-84041dd4d4f5.jpg
3f15e974-e41b-488a-a20e-a2ac7ceb96dd.jpg,c:\Users\IMG_PRO\Desktop\Image-Processing-Course-2025\Lab6_Hyperparameter-Tuning\data\denoised_lab6_top1\3f15e974-e41b-488a-a20e-a2ac7ceb96dd.jpg
3f3012af-c96b-44df-a2c5-b67991a1e01f.jpg,c:\Users\IMG_PRO\Desktop\Image-Processing-Course-2025\Lab6_Hyperparameter-Tuning\data\denoised_lab6_top1\3f3012af-c96b-44df-a2c5-b67991a1e01f.jpg
3f6c453c-887c-44ff-88ea-3554345e21cc.jpg,c:\Users\IMG_PRO\Desktop\Image-Processing-Course-2025\Lab6_Hyperparameter-Tuning\data\denoised_lab6_top1\3f6c453c-887c-44ff-88ea-3554345e21cc.jpg
3f6ea21b-c66a-457f-8a11-4a28bfbec8b2.jpg,c:\Users\IMG_PRO\Desktop\Image-Processing-Course-2025\Lab6_Hyperparameter-Tuning\data\denoised_lab6_top1\3f6ea21b-c66a-457f-8a11-4a28bfbec8b2.jpg
3f9a3bef-7eca-48cb-a9a4-0fc983b74926.jpg,c:\Users\IMG_PRO\Desktop\Image-Processing-Course-2025\Lab6_Hyperparameter-Tuning\data\denoised_lab6_top1\3f9a3bef-7eca-48cb-a9a4-0fc983b74926.jpg
3fa8f0e7-e36c-4581-ab60-c7a90a927554.jpg,c:\Users\IMG_PRO\Desktop\Image-Processing-Course-2025\Lab6_Hyperparameter-Tuning\data\denoised_lab6_top1\3fa8f0e7-e36c-4581-ab60-c7a90a927554.jpg
3fb14c62-67d3-4f39-9492-f67057424115.jpg,c:\Users\IMG_PRO\Desktop\Image-Processing-Course-2025\Lab6_Hyperparameter-Tuning\data\denoised_lab6_top1\3fb14c62-67d3-4f39-9492-f67057424115.jpg
3fb88f02-b46e-4c3f-81ac-732e1842b7b8.jpg,c:\Users\IMG_PRO\Desktop\Image-Processing-Course-2025\Lab6_Hyperparameter-Tuning\data\denoised_lab6_top1\3fb88f02-b46e-4c3f-81ac-732e1842b7b8.jpg
3fc6a40f-a409-47e5-92ac-1e0ab62c7975.jpg,c:\Users\IMG_PRO\Desktop\Image-Processing-Course-2025\Lab6_Hyperparameter-Tuning\data\denoised_lab6_top1\3fc6a40f-a409-47e5-92ac-1e0ab62c7975.jpg
3fd1fd91-6ee9-4170-bfdf-599f5dd4122c.jpg,c:\Users\IMG_PRO\Desktop\Image-Processing-Course-2025\Lab6_Hyperparameter-Tuning\data\denoised_lab6_top1\3fd1fd91-6ee9-4170-bfdf-599f5dd4122c.jpg
3fd8154c-82ea-465b-929f-2156098a45fa.jpg,c:\Users\IMG_PRO\Desktop\Image-Processing-Course-2025\Lab6_Hyperparameter-Tuning\data\denoised_lab6_top1\3fd8154c-82ea-465b-929f-2156098a45fa.jpg
3fdf904b-d7cf-4c7c-9f68-55f4bbfc1ec4.jpg,c:\Users\IMG_PRO\Desktop\Image-Processing-Course-2025\Lab6_Hyperparameter-Tuning\data\denoised_lab6_top1\3fdf904b-d7cf-4c7c-9f68-55f4bbfc1ec4.jpg
4024875c-6dec-493d-bad3-f4bb61e605b6.jpg,c:\Users\IMG_PRO\Desktop\Image-Processing-Course-2025\Lab6_Hyperparameter-Tuning\data\denoised_lab6_top1\4024875c-6dec-493d-bad3-f4bb61e605b6.jpg
4035409e-1d8f-425e-ba97-0d297435eb18.jpg,c:\Users\IMG_PRO\Desktop\Image-Processing-Course-2025\Lab6_Hyperparameter-Tuning\data\denoised_lab6_top1\4035409e-1d8f-425e-ba97-0d297435eb18.jpg
40606566-b89d-406d-b6b1-a4062e93e435.jpg,c:\Users\IMG_PRO\Desktop\Image-Processing-Course-2025\Lab6_Hyperparameter-Tuning\data\denoised_lab6_top1\40606566-b89d-406d-b6b1-a4062e93e435.jpg
4075b5cf-99ca-43ad-a88b-91562e542db1.jpg,c:\Users\IMG_PRO\Desktop\Image-Processing-Course-2025\Lab6_Hyperparameter-Tuning\data\denoised_lab6_top1\4075b5cf-99ca-43ad-a88b-91562e542db1.jpg
408f3094-49e0-4f7e-a6b1-254973fb3043.jpg,c:\Users\IMG_PRO\Desktop\Image-Processing-Course-2025\Lab6_Hyperparameter-Tuning\data\denoised_lab6_top1\408f3094-49e0-4f7e-a6b1-254973fb3043.jpg
40c6cb82-c69e-4370-9815-4f88062ddb9c.jpg,c:\Users\IMG_PRO\Desktop\Image-Processing-Course-2025\Lab6_Hyperparameter-Tuning\data\denoised_lab6_top1\40c6cb82-c69e-4370-9815-4f88062ddb9c.jpg
40e15938-32e9-44a6-919c-2172efdd386d.jpg,c:\Users\IMG_PRO\Desktop\Image-Processing-Course-2025\Lab6_Hyperparameter-Tuning\data\denoised_lab6_top1\40e15938-32e9-44a6-919c-2172efdd386d.jpg
41358a29-7802-41c1-99d6-d07f09bb301e.jpg,c:\Users\IMG_PRO\Desktop\Image-Processing-Course-2025\Lab6_Hyperparameter-Tuning\data\denoised_lab6_top1\41358a29-7802-41c1-99d6-d07f09bb301e.jpg
41538eea-040e-4f3d-a2f9-cf448918bd74.jpg,c:\Users\IMG_PRO\Desktop\Image-Processing-Course-2025\Lab6_Hyperparameter-Tuning\data\denoised_lab6_top1\41538eea-040e-4f3d-a2f9-cf448918bd74.jpg
415f0843-c3a5-4520-978c-a475a24bed7e.jpg,c:\Users\IMG_PRO\Desktop\Image-Processing-Course-2025\Lab6_Hyperparameter-Tuning\data\denoised_lab6_top1\415f0843-c3a5-4520-978c-a475a24bed7e.jpg
41917188-b47b-456e-9b4f-df5b404c5f4f.jpg,c:\Users\IMG_PRO\Desktop\Image-Processing-Course-2025\Lab6_Hyperparameter-Tuning\data\denoised_lab6_top1\41917188-b47b-456e-9b4f-df5b404c5f4f.jpg
4194be96-7c1f-42d6-b45a-6db230a8e9b5.jpg,c:\Users\IMG_PRO\Desktop\Image-Processing-Course-2025\Lab6_Hyperparameter-Tuning\data\denoised_lab6_top1\4194be96-7c1f-42d6-b45a-6db230a8e9b5.jpg
41b16587-06e8-4fce-b560-70d8dc406be7.jpg,c:\Users\IMG_PRO\Desktop\Image-Processing-Course-2025\Lab6_Hyperparameter-Tuning\data\denoised_lab6_top1\41b16587-06e8-4fce-b560-70d8dc406be7.jpg
41bcbacf-fbb2-4c0c-a7b9-5ddd89340a99.jpg,c:\Users\IMG_PRO\Desktop\Image-Processing-Course-2025\Lab6_Hyperparameter-Tuning\data\denoised_lab6_top1\41bcbacf-fbb2-4c0c-a7b9-5ddd89340a99.jpg
41c974a0-293c-44ec-9995-400c476adf55.jpg,c:\Users\IMG_PRO\Desktop\Image-Processing-Course-2025\Lab6_Hyperparameter-Tuning\data\denoised_lab6_top1\41c974a0-293c-44ec-9995-400c476adf55.jpg
41fd097f-e194-41e7-ad12-bb1336577ff8.jpg,c:\Users\IMG_PRO\Desktop\Image-Processing-Course-2025\Lab6_Hyperparameter-Tuning\data\denoised_lab6_top1\41fd097f-e194-41e7-ad12-bb1336577ff8.jpg
423a687a-a773-4486-906b-27cdb563f947.jpg,c:\Users\IMG_PRO\Desktop\Image-Processing-Course-2025\Lab6_Hyperparameter-Tuning\data\denoised_lab6_top1\423a687a-a773-4486-906b-27cdb563f947.jpg
4255f9f6-94f2-4ec2-abd1-dc9564671764.jpg,c:\Users\IMG_PRO\Desktop\Image-Processing-Course-2025\Lab6_Hyperparameter-Tuning\data\denoised_lab6_top1\4255f9f6-94f2-4ec2-abd1-dc9564671764.jpg
42680c84-d554-435c-8a0b-2c5f95538f23.jpg,c:\Users\IMG_PRO\Desktop\Image-Processing-Course-2025\Lab6_Hyperparameter-Tuning\data\denoised_lab6_top1\42680c84-d554-435c-8a0b-2c5f95538f23.jpg
42e3f0b9-daff-4c26-8bc3-7604a53bac7a.jpg,c:\Users\IMG_PRO\Desktop\Image-Processing-Course-2025\Lab6_Hyperparameter-Tuning\data\denoised_lab6_top1\42e3f0b9-daff-4c26-8bc3-7604a53bac7a.jpg
42fe9c9e-d3a3-44fd-a5a4-f68f149547d7.jpg,c:\Users\IMG_PRO\Desktop\Image-Processing-Course-2025\Lab6_Hyperparameter-Tuning\data\denoised_lab6_top1\42fe9c9e-d3a3-44fd-a5a4-f68f149547d7.jpg
432627e3-0443-484e-ba39-93a49bfc41b7.jpg,c:\Users\IMG_PRO\Desktop\Image-Processing-Course-2025\Lab6_Hyperparameter-Tuning\data\denoised_lab6_top1\432627e3-0443-484e-ba39-93a49bfc41b7.jpg
4330adde-056f-4fc9-96a3-edd746b937f9.jpg,c:\Users\IMG_PRO\Desktop\Image-Processing-Course-2025\Lab6_Hyperparameter-Tuning\data\denoised_lab6_top1\4330adde-056f-4fc9-96a3-edd746b937f9.jpg
4348bc13-190d-4df3-8bc6-863932af6f7d.jpg,c:\Users\IMG_PRO\Desktop\Image-Processing-Course-2025\Lab6_Hyperparameter-Tuning\data\denoised_lab6_top1\4348bc13-190d-4df3-8bc6-863932af6f7d.jpg
434afd31-2c71-45b6-af61-d0ad98b1147f.jpg,c:\Users\IMG_PRO\Desktop\Image-Processing-Course-2025\Lab6_Hyperparameter-Tuning\data\denoised_lab6_top1\434afd31-2c71-45b6-af61-d0ad98b1147f.jpg
434e62ce-baae-44ae-9ed2-ca10580345ad.jpg,c:\Users\IMG_PRO\Desktop\Image-Processing-Course-2025\Lab6_Hyperparameter-Tuning\data\denoised_lab6_top1\434e62ce-baae-44ae-9ed2-ca10580345ad.jpg
4364d012-8578-4426-a774-01501dab6df1.jpg,c:\Users\IMG_PRO\Desktop\Image-Processing-Course-2025\Lab6_Hyperparameter-Tuning\data\denoised_lab6_top1\4364d012-8578-4426-a774-01501dab6df1.jpg
438e43a7-98e9-4ea1-bb7a-c37303acaeac.jpg,c:\Users\IMG_PRO\Desktop\Image-Processing-Course-2025\Lab6_Hyperparameter-Tuning\data\denoised_lab6_top1\438e43a7-98e9-4ea1-bb7a-c37303acaeac.jpg
43ad1c01-b0a8-4db9-a9dd-20da19eefb91.jpg,c:\Users\IMG_PRO\Desktop\Image-Processing-Course-2025\Lab6_Hyperparameter-Tuning\data\denoised_lab6_top1\43ad1c01-b0a8-4db9-a9dd-20da19eefb91.jpg
43b8f002-282d-43a4-b786-09e4c3443456.jpg,c:\Users\IMG_PRO\Desktop\Image-Processing-Course-2025\Lab6_Hyperparameter-Tuning\data\denoised_lab6_top1\43b8f002-282d-43a4-b786-09e4c3443456.jpg
43d1c507-34aa-4769-859a-298ee555e993.jpg,c:\Users\IMG_PRO\Desktop\Image-Processing-Course-2025\Lab6_Hyperparameter-Tuning\data\denoised_lab6_top1\43d1c507-34aa-4769-859a-298ee555e993.jpg
43f4d40a-0750-4e12-b3ac-da7c92a85874.jpg,c:\Users\IMG_PRO\Desktop\Image-Processing-Course-2025\Lab6_Hyperparameter-Tuning\data\denoised_lab6_top1\43f4d40a-0750-4e12-b3ac-da7c92a85874.jpg
440d3ca5-b408-4c1e-ab9b-bf27ce46121b.jpg,c:\Users\IMG_PRO\Desktop\Image-Processing-Course-2025\Lab6_Hyperparameter-Tuning\data\denoised_lab6_top1\440d3ca5-b408-4c1e-ab9b-bf27ce46121b.jpg
443096e1-0617-468b-8b89-32ca575f52ed.jpg,c:\Users\IMG_PRO\Desktop\Image-Processing-Course-2025\Lab6_Hyperparameter-Tuning\data\denoised_lab6_top1\443096e1-0617-468b-8b89-32ca575f52ed.jpg
44381f0b-d820-4cdd-bd49-25ea4eecf8ea.jpg,c:\Users\IMG_PRO\Desktop\Image-Processing-Course-2025\Lab6_Hyperparameter-Tuning\data\denoised_lab6_top1\44381f0b-d820-4cdd-bd49-25ea4eecf8ea.jpg
44477ee0-5244-40ac-a93d-503207403ff3.jpg,c:\Users\IMG_PRO\Desktop\Image-Processing-Course-2025\Lab6_Hyperparameter-Tuning\data\denoised_lab6_top1\44477ee0-5244-40ac-a93d-503207403ff3.jpg
4470ed51-d3b5-41ab-b224-a6447adf96ec.jpg,c:\Users\IMG_PRO\Desktop\Image-Processing-Course-2025\Lab6_Hyperparameter-Tuning\data\denoised_lab6_top1\4470ed51-d3b5-41ab-b224-a6447adf96ec.jpg
44af92c0-42bc-4201-9c4f-635e2e79354f.jpg,c:\Users\IMG_PRO\Desktop\Image-Processing-Course-2025\Lab6_Hyperparameter-Tuning\data\denoised_lab6_top1\44af92c0-42bc-4201-9c4f-635e2e79354f.jpg
44b5aecc-6784-4544-8376-c142c450883d.jpg,c:\Users\IMG_PRO\Desktop\Image-Processing-Course-2025\Lab6_Hyperparameter-Tuning\data\denoised_lab6_top1\44b5aecc-6784-4544-8376-c142c450883d.jpg
44e3d03c-032c-406c-b7f6-1ccbfc916f6e.jpg,c:\Users\IMG_PRO\Desktop\Image-Processing-Course-2025\Lab6_Hyperparameter-Tuning\data\denoised_lab6_top1\44e3d03c-032c-406c-b7f6-1ccbfc916f6e.jpg
452017b5-89b3-4409-a4b8-8180455715b5.jpg,c:\Users\IMG_PRO\Desktop\Image-Processing-Course-2025\Lab6_Hyperparameter-Tuning\data\denoised_lab6_top1\452017b5-89b3-4409-a4b8-8180455715b5.jpg
457f5744-bd57-4fcb-976c-39c73d7395ff.jpg,c:\Users\IMG_PRO\Desktop\Image-Processing-Course-2025\Lab6_Hyperparameter-Tuning\data\denoised_lab6_top1\457f5744-bd57-4fcb-976c-39c73d7395ff.jpg
45848a51-c59d-470d-a391-3402c15e17aa.jpg,c:\Users\IMG_PRO\Desktop\Image-Processing-Course-2025\Lab6_Hyperparameter-Tuning\data\denoised_lab6_top1\45848a51-c59d-470d-a391-3402c15e17aa.jpg
4589b325-739a-469a-91ff-d59e2f192867.jpg,c:\Users\IMG_PRO\Desktop\Image-Processing-Course-2025\Lab6_Hyperparameter-Tuning\data\denoised_lab6_top1\4589b325-739a-469a-91ff-d59e2f192867.jpg
45a466f7-de7f-420d-8b56-d1a639f98bc1.jpg,c:\Users\IMG_PRO\Desktop\Image-Processing-Course-2025\Lab6_Hyperparameter-Tuning\data\denoised_lab6_top1\45a466f7-de7f-420d-8b56-d1a639f98bc1.jpg
45a89303-6326-40c3-911f-5fedab99fcee.jpg,c:\Users\IMG_PRO\Desktop\Image-Processing-Course-2025\Lab6_Hyperparameter-Tuning\data\denoised_lab6_top1\45a89303-6326-40c3-911f-5fedab99fcee.jpg
45dc0972-d0f0-4bca-8c63-651c628a8ed4.jpg,c:\Users\IMG_PRO\Desktop\Image-Processing-Course-2025\Lab6_Hyperparameter-Tuning\data\denoised_lab6_top1\45dc0972-d0f0-4bca-8c63-651c628a8ed4.jpg
4612bedc-de0a-4bc0-a82d-1a2925fee788.jpg,c:\Users\IMG_PRO\Desktop\Image-Processing-Course-2025\Lab6_Hyperparameter-Tuning\data\denoised_lab6_top1\4612bedc-de0a-4bc0-a82d-1a2925fee788.jpg
4644a1e3-7d93-45f4-bb7e-d56dc413e46c.jpg,c:\Users\IMG_PRO\Desktop\Image-Processing-Course-2025\Lab6_Hyperparameter-Tuning\data\denoised_lab6_top1\4644a1e3-7d93-45f4-bb7e-d56dc413e46c.jpg
465c94b6-0a63-41eb-a873-ebd46bf05779.jpg,c:\Users\IMG_PRO\Desktop\Image-Processing-Course-2025\Lab6_Hyperparameter-Tuning\data\denoised_lab6_top1\465c94b6-0a63-41eb-a873-ebd46bf05779.jpg
4674c2d7-14d2-43e4-805f-d2c1f07e4163.jpg,c:\Users\IMG_PRO\Desktop\Image-Processing-Course-2025\Lab6_Hyperparameter-Tuning\data\denoised_lab6_top1\4674c2d7-14d2-43e4-805f-d2c1f07e4163.jpg
468476ff-1abb-4a8b-b6cc-91cdbeaa2b10.jpg,c:\Users\IMG_PRO\Desktop\Image-Processing-Course-2025\Lab6_Hyperparameter-Tuning\data\denoised_lab6_top1\468476ff-1abb-4a8b-b6cc-91cdbeaa2b10.jpg
46a4f722-68e8-47d7-9d1e-c3b0b9635ece.jpg,c:\Users\IMG_PRO\Desktop\Image-Processing-Course-2025\Lab6_Hyperparameter-Tuning\data\denoised_lab6_top1\46a4f722-68e8-47d7-9d1e-c3b0b9635ece.jpg
46a81f10-320f-482b-ab52-19e76b3418d9.jpg,c:\Users\IMG_PRO\Desktop\Image-Processing-Course-2025\Lab6_Hyperparameter-Tuning\data\denoised_lab6_top1\46a81f10-320f-482b-ab52-19e76b3418d9.jpg
46b14bfb-6b5b-49e4-ae6f-3777da8443a0.jpg,c:\Users\IMG_PRO\Desktop\Image-Processing-Course-2025\Lab6_Hyperparameter-Tuning\data\denoised_lab6_top1\46b14bfb-6b5b-49e4-ae6f-3777da8443a0.jpg
47251943-7074-48ac-a624-c19af89b672b.jpg,c:\Users\IMG_PRO\Desktop\Image-Processing-Course-2025\Lab6_Hyperparameter-Tuning\data\denoised_lab6_top1\47251943-7074-48ac-a624-c19af89b672b.jpg
473ac26e-138f-4c61-ac02-8df544b85828.jpg,c:\Users\IMG_PRO\Desktop\Image-Processing-Course-2025\Lab6_Hyperparameter-Tuning\data\denoised_lab6_top1\473ac26e-138f-4c61-ac02-8df544b85828.jpg
4741c850-aeae-4a7a-aff3-27aa1df6e9c1.jpg,c:\Users\IMG_PRO\Desktop\Image-Processing-Course-2025\Lab6_Hyperparameter-Tuning\data\denoised_lab6_top1\4741c850-aeae-4a7a-aff3-27aa1df6e9c1.jpg
47b519f2-982a-4b8e-b0ec-dfc4e92198ae.jpg,c:\Users\IMG_PRO\Desktop\Image-Processing-Course-2025\Lab6_Hyperparameter-Tuning\data\denoised_lab6_top1\47b519f2-982a-4b8e-b0ec-dfc4e92198ae.jpg
47dbe7e0-81f1-42be-98bf-f1a5ef74ebe8.jpg,c:\Users\IMG_PRO\Desktop\Image-Processing-Course-2025\Lab6_Hyperparameter-Tuning\data\denoised_lab6_top1\47dbe7e0-81f1-42be-98bf-f1a5ef74ebe8.jpg
47f805d6-ebc2-44e4-90c7-ebe2f59cf4bf.jpg,c:\Users\IMG_PRO\Desktop\Image-Processing-Course-2025\Lab6_Hyperparameter-Tuning\data\denoised_lab6_top1\47f805d6-ebc2-44e4-90c7-ebe2f59cf4bf.jpg
481c8165-a6fd-4c09-8072-a952372cfac4.jpg,c:\Users\IMG_PRO\Desktop\Image-Processing-Course-2025\Lab6_Hyperparameter-Tuning\data\denoised_lab6_top1\481c8165-a6fd-4c09-8072-a952372cfac4.jpg
483ff766-c20b-4959-aa8e-033cbed4162c.jpg,c:\Users\IMG_PRO\Desktop\Image-Processing-Course-2025\Lab6_Hyperparameter-Tuning\data\denoised_lab6_top1\483ff766-c20b-4959-aa8e-033cbed4162c.jpg
4898d851-94c5-4f31-9228-0891747bb5bd.jpg,c:\Users\IMG_PRO\Desktop\Image-Processing-Course-2025\Lab6_Hyperparameter-Tuning\data\denoised_lab6_top1\4898d851-94c5-4f31-9228-0891747bb5bd.jpg
49513e47-d37e-4155-87ac-be33eb1a919e.jpg,c:\Users\IMG_PRO\Desktop\Image-Processing-Course-2025\Lab6_Hyperparameter-Tuning\data\denoised_lab6_top1\49513e47-d37e-4155-87ac-be33eb1a919e.jpg
495346e4-12f9-4aff-b250-877eb625814a.jpg,c:\Users\IMG_PRO\Desktop\Image-Processing-Course-2025\Lab6_Hyperparameter-Tuning\data\denoised_lab6_top1\495346e4-12f9-4aff-b250-877eb625814a.jpg
4955071c-0a82-466c-bf6a-0ec2d4ec16c6.jpg,c:\Users\IMG_PRO\Desktop\Image-Processing-Course-2025\Lab6_Hyperparameter-Tuning\data\denoised_lab6_top1\4955071c-0a82-466c-bf6a-0ec2d4ec16c6.jpg
495b9d29-d5ae-4055-a3e1-a69f89ab16f8.jpg,c:\Users\IMG_PRO\Desktop\Image-Processing-Course-2025\Lab6_Hyperparameter-Tuning\data\denoised_lab6_top1\495b9d29-d5ae-4055-a3e1-a69f89ab16f8.jpg
495ee624-79bc-4da3-acad-0c982f56ad09.jpg,c:\Users\IMG_PRO\Desktop\Image-Processing-Course-2025\Lab6_Hyperparameter-Tuning\data\denoised_lab6_top1\495ee624-79bc-4da3-acad-0c982f56ad09.jpg
4966b6a0-30fb-4336-9c2f-2d6873999243.jpg,c:\Users\IMG_PRO\Desktop\Image-Processing-Course-2025\Lab6_Hyperparameter-Tuning\data\denoised_lab6_top1\4966b6a0-30fb-4336-9c2f-2d6873999243.jpg
4996a4cb-336a-4e9d-b6cc-29b949eced64.jpg,c:\Users\IMG_PRO\Desktop\Image-Processing-Course-2025\Lab6_Hyperparameter-Tuning\data\denoised_lab6_top1\4996a4cb-336a-4e9d-b6cc-29b949eced64.jpg
49cc985a-7fbe-45c5-8396-e6e9025c1624.jpg,c:\Users\IMG_PRO\Desktop\Image-Processing-Course-2025\Lab6_Hyperparameter-Tuning\data\denoised_lab6_top1\49cc985a-7fbe-45c5-8396-e6e9025c1624.jpg
49f50a11-7620-4107-8042-3e972d38e342.jpg,c:\Users\IMG_PRO\Desktop\Image-Processing-Course-2025\Lab6_Hyperparameter-Tuning\data\denoised_lab6_top1\49f50a11-7620-4107-8042-3e972d38e342.jpg
4a2ad254-ad03-4137-9c9d-318b279402d0.jpg,c:\Users\IMG_PRO\Desktop\Image-Processing-Course-2025\Lab6_Hyperparameter-Tuning\data\denoised_lab6_top1\4a2ad254-ad03-4137-9c9d-318b279402d0.jpg
4a46babc-64cc-40aa-9150-2dc327a51ba0.jpg,c:\Users\IMG_PRO\Desktop\Image-Processing-Course-2025\Lab6_Hyperparameter-Tuning\data\denoised_lab6_top1\4a46babc-64cc-40aa-9150-2dc327a51ba0.jpg
4a54f97d-9c66-4713-a723-7ee365f090d3.jpg,c:\Users\IMG_PRO\Desktop\Image-Processing-Course-2025\Lab6_Hyperparameter-Tuning\data\denoised_lab6_top1\4a54f97d-9c66-4713-a723-7ee365f090d3.jpg
4aad0081-3123-42f8-b3ba-f625507b60d9.jpg,c:\Users\IMG_PRO\Desktop\Image-Processing-Course-2025\Lab6_Hyperparameter-Tuning\data\denoised_lab6_top1\4aad0081-3123-42f8-b3ba-f625507b60d9.jpg
4aebd09e-8c21-4ab9-872c-dcd94e14d325.jpg,c:\Users\IMG_PRO\Desktop\Image-Processing-Course-2025\Lab6_Hyperparameter-Tuning\data\denoised_lab6_top1\4aebd09e-8c21-4ab9-872c-dcd94e14d325.jpg
4b05aea5-0f59-4254-809b-07c006ee824c.jpg,c:\Users\IMG_PRO\Desktop\Image-Processing-Course-2025\Lab6_Hyperparameter-Tuning\data\denoised_lab6_top1\4b05aea5-0f59-4254-809b-07c006ee824c.jpg
4b467215-a6c5-46f0-a841-590f798e3713.jpg,c:\Users\IMG_PRO\Desktop\Image-Processing-Course-2025\Lab6_Hyperparameter-Tuning\data\denoised_lab6_top1\4b467215-a6c5-46f0-a841-590f798e3713.jpg
4b4d5d03-7329-4fb5-8c21-2db6417655e7.jpg,c:\Users\IMG_PRO\Desktop\Image-Processing-Course-2025\Lab6_Hyperparameter-Tuning\data\denoised_lab6_top1\4b4d5d03-7329-4fb5-8c21-2db6417655e7.jpg
4b5c3b5e-8737-4b68-92fa-0e94dfc0bddd.jpg,c:\Users\IMG_PRO\Desktop\Image-Processing-Course-2025\Lab6_Hyperparameter-Tuning\data\denoised_lab6_top1\4b5c3b5e-8737-4b68-92fa-0e94dfc0bddd.jpg
4b685ac4-ba42-46a6-b37f-d2f1a49f7c15.jpg,c:\Users\IMG_PRO\Desktop\Image-Processing-Course-2025\Lab6_Hyperparameter-Tuning\data\denoised_lab6_top1\4b685ac4-ba42-46a6-b37f-d2f1a49f7c15.jpg
4b7f4463-fc0b-436d-8802-19e3d7dcfa74.jpg,c:\Users\IMG_PRO\Desktop\Image-Processing-Course-2025\Lab6_Hyperparameter-Tuning\data\denoised_lab6_top1\4b7f4463-fc0b-436d-8802-19e3d7dcfa74.jpg
4b858b24-11fa-495c-8cef-b587662ec5af.jpg,c:\Users\IMG_PRO\Desktop\Image-Processing-Course-2025\Lab6_Hyperparameter-Tuning\data\denoised_lab6_top1\4b858b24-11fa-495c-8cef-b587662ec5af.jpg
4b981693-5e0e-4f82-8d23-7d46d3ce1191.jpg,c:\Users\IMG_PRO\Desktop\Image-Processing-Course-2025\Lab6_Hyperparameter-Tuning\data\denoised_lab6_top1\4b981693-5e0e-4f82-8d23-7d46d3ce1191.jpg
4ba43d9b-0f3f-48d0-9da9-6bbeef65a4e2.jpg,c:\Users\IMG_PRO\Desktop\Image-Processing-Course-2025\Lab6_Hyperparameter-Tuning\data\denoised_lab6_top1\4ba43d9b-0f3f-48d0-9da9-6bbeef65a4e2.jpg
4be2f32e-6786-4712-90e9-a0fc8283a061.jpg,c:\Users\IMG_PRO\Desktop\Image-Processing-Course-2025\Lab6_Hyperparameter-Tuning\data\denoised_lab6_top1\4be2f32e-6786-4712-90e9-a0fc8283a061.jpg
4be73260-9c71-4419-b3b6-37027609f8e0.jpg,c:\Users\IMG_PRO\Desktop\Image-Processing-Course-2025\Lab6_Hyperparameter-Tuning\data\denoised_lab6_top1\4be73260-9c71-4419-b3b6-37027609f8e0.jpg
4c3b479f-597e-44d4-b869-fafa4a6c1d72.jpg,c:\Users\IMG_PRO\Desktop\Image-Processing-Course-2025\Lab6_Hyperparameter-Tuning\data\denoised_lab6_top1\4c3b479f-597e-44d4-b869-fafa4a6c1d72.jpg
4c676683-ad16-4c69-b822-aa4af3bfa840.jpg,c:\Users\IMG_PRO\Desktop\Image-Processing-Course-2025\Lab6_Hyperparameter-Tuning\data\denoised_lab6_top1\4c676683-ad16-4c69-b822-aa4af3bfa840.jpg
4c7ef263-2607-4a09-a371-f7eb3b93bf7c.jpg,c:\Users\IMG_PRO\Desktop\Image-Processing-Course-2025\Lab6_Hyperparameter-Tuning\data\denoised_lab6_top1\4c7ef263-2607-4a09-a371-f7eb3b93bf7c.jpg
4c934be9-6120-49c9-8628-4e3ef5b153eb.jpg,c:\Users\IMG_PRO\Desktop\Image-Processing-Course-2025\Lab6_Hyperparameter-Tuning\data\denoised_lab6_top1\4c934be9-6120-49c9-8628-4e3ef5b153eb.jpg
4cba440a-6949-41b5-b6e3-f60e14dd99b5.jpg,c:\Users\IMG_PRO\Desktop\Image-Processing-Course-2025\Lab6_Hyperparameter-Tuning\data\denoised_lab6_top1\4cba440a-6949-41b5-b6e3-f60e14dd99b5.jpg
4cda8203-4f13-4a0b-b965-c20cd5f0e2e7.jpg,c:\Users\IMG_PRO\Desktop\Image-Processing-Course-2025\Lab6_Hyperparameter-Tuning\data\denoised_lab6_top1\4cda8203-4f13-4a0b-b965-c20cd5f0e2e7.jpg
4ce74482-ddb4-4aef-ad66-d5a03d067bf2.jpg,c:\Users\IMG_PRO\Desktop\Image-Processing-Course-2025\Lab6_Hyperparameter-Tuning\data\denoised_lab6_top1\4ce74482-ddb4-4aef-ad66-d5a03d067bf2.jpg
4cf396f1-e1bb-4d7a-ae12-5a6cc968820e.jpg,c:\Users\IMG_PRO\Desktop\Image-Processing-Course-2025\Lab6_Hyperparameter-Tuning\data\denoised_lab6_top1\4cf396f1-e1bb-4d7a-ae12-5a6cc968820e.jpg
4d116e86-27fd-4485-97f3-2c188c402700.jpg,c:\Users\IMG_PRO\Desktop\Image-Processing-Course-2025\Lab6_Hyperparameter-Tuning\data\denoised_lab6_top1\4d116e86-27fd-4485-97f3-2c188c402700.jpg
4d3b69a5-1a6c-439e-a3f3-aec2df9e7d59.jpg,c:\Users\IMG_PRO\Desktop\Image-Processing-Course-2025\Lab6_Hyperparameter-Tuning\data\denoised_lab6_top1\4d3b69a5-1a6c-439e-a3f3-aec2df9e7d59.jpg
4d3cc17f-0814-46ae-b33a-611327e3167b.jpg,c:\Users\IMG_PRO\Desktop\Image-Processing-Course-2025\Lab6_Hyperparameter-Tuning\data\denoised_lab6_top1\4d3cc17f-0814-46ae-b33a-611327e3167b.jpg
4d4f35b3-6e04-4ad7-a879-033f4d5180fe.jpg,c:\Users\IMG_PRO\Desktop\Image-Processing-Course-2025\Lab6_Hyperparameter-Tuning\data\denoised_lab6_top1\4d4f35b3-6e04-4ad7-a879-033f4d5180fe.jpg
4d5f6bee-a544-4f33-90e7-6bfa5dd96761.jpg,c:\Users\IMG_PRO\Desktop\Image-Processing-Course-2025\Lab6_Hyperparameter-Tuning\data\denoised_lab6_top1\4d5f6bee-a544-4f33-90e7-6bfa5dd96761.jpg
4d68bd4d-74af-4275-abfd-2ff5084b6429.jpg,c:\Users\IMG_PRO\Desktop\Image-Processing-Course-2025\Lab6_Hyperparameter-Tuning\data\denoised_lab6_top1\4d68bd4d-74af-4275-abfd-2ff5084b6429.jpg
4d93ea1d-94a0-4c68-990f-cb4b78356983.jpg,c:\Users\IMG_PRO\Desktop\Image-Processing-Course-2025\Lab6_Hyperparameter-Tuning\data\denoised_lab6_top1\4d93ea1d-94a0-4c68-990f-cb4b78356983.jpg
4da57c15-d3e7-47b7-8c9c-27da5d9d8898.jpg,c:\Users\IMG_PRO\Desktop\Image-Processing-Course-2025\Lab6_Hyperparameter-Tuning\data\denoised_lab6_top1\4da57c15-d3e7-47b7-8c9c-27da5d9d8898.jpg
4dc3795a-ba88-4685-979a-72ced959e899.jpg,c:\Users\IMG_PRO\Desktop\Image-Processing-Course-2025\Lab6_Hyperparameter-Tuning\data\denoised_lab6_top1\4dc3795a-ba88-4685-979a-72ced959e899.jpg
4dd6ecec-85ad-4bd2-abf1-2e7f711cc5d0.jpg,c:\Users\IMG_PRO\Desktop\Image-Processing-Course-2025\Lab6_Hyperparameter-Tuning\data\denoised_lab6_top1\4dd6ecec-85ad-4bd2-abf1-2e7f711cc5d0.jpg
4de01c43-6af2-4ead-b24f-a75429ab6a4c.jpg,c:\Users\IMG_PRO\Desktop\Image-Processing-Course-2025\Lab6_Hyperparameter-Tuning\data\denoised_lab6_top1\4de01c43-6af2-4ead-b24f-a75429ab6a4c.jpg
4de2d14c-9886-4183-949d-a1e0dd6a332b.jpg,c:\Users\IMG_PRO\Desktop\Image-Processing-Course-2025\Lab6_Hyperparameter-Tuning\data\denoised_lab6_top1\4de2d14c-9886-4183-949d-a1e0dd6a332b.jpg
4e247209-d7d5-4fd0-b7f8-5d2a7aba54a1.jpg,c:\Users\IMG_PRO\Desktop\Image-Processing-Course-2025\Lab6_Hyperparameter-Tuning\data\denoised_lab6_top1\4e247209-d7d5-4fd0-b7f8-5d2a7aba54a1.jpg
4e549ce5-de21-4ae1-94e5-8aee31925dab.jpg,c:\Users\IMG_PRO\Desktop\Image-Processing-Course-2025\Lab6_Hyperparameter-Tuning\data\denoised_lab6_top1\4e549ce5-de21-4ae1-94e5-8aee31925dab.jpg
4e57ce9c-420a-415e-aa57-38d67c717474.jpg,c:\Users\IMG_PRO\Desktop\Image-Processing-Course-2025\Lab6_Hyperparameter-Tuning\data\denoised_lab6_top1\4e57ce9c-420a-415e-aa57-38d67c717474.jpg
4e676c52-3065-4ff1-8d0f-b7563fc855b9.jpg,c:\Users\IMG_PRO\Desktop\Image-Processing-Course-2025\Lab6_Hyperparameter-Tuning\data\denoised_lab6_top1\4e676c52-3065-4ff1-8d0f-b7563fc855b9.jpg
4e7e0bf9-ecb0-435b-9b72-2d150662d6f5.jpg,c:\Users\IMG_PRO\Desktop\Image-Processing-Course-2025\Lab6_Hyperparameter-Tuning\data\denoised_lab6_top1\4e7e0bf9-ecb0-435b-9b72-2d150662d6f5.jpg
4e82a56c-fcac-41aa-b406-2cb7a1234b77.jpg,c:\Users\IMG_PRO\Desktop\Image-Processing-Course-2025\Lab6_Hyperparameter-Tuning\data\denoised_lab6_top1\4e82a56c-fcac-41aa-b406-2cb7a1234b77.jpg
4ea4a39e-702c-4700-b410-d314a0e974bb.jpg,c:\Users\IMG_PRO\Desktop\Image-Processing-Course-2025\Lab6_Hyperparameter-Tuning\data\denoised_lab6_top1\4ea4a39e-702c-4700-b410-d314a0e974bb.jpg
4ea6c3d7-447e-409a-9c2e-790afe8b8a42.jpg,c:\Users\IMG_PRO\Desktop\Image-Processing-Course-2025\Lab6_Hyperparameter-Tuning\data\denoised_lab6_top1\4ea6c3d7-447e-409a-9c2e-790afe8b8a42.jpg
4ea6fee7-764a-48f3-8512-79054b281e98.jpg,c:\Users\IMG_PRO\Desktop\Image-Processing-Course-2025\Lab6_Hyperparameter-Tuning\data\denoised_lab6_top1\4ea6fee7-764a-48f3-8512-79054b281e98.jpg
4ed0c221-dc3f-4c76-974b-18bd0bf82458.jpg,c:\Users\IMG_PRO\Desktop\Image-Processing-Course-2025\Lab6_Hyperparameter-Tuning\data\denoised_lab6_top1\4ed0c221-dc3f-4c76-974b-18bd0bf82458.jpg
4efdb3dd-c8b2-42e8-a608-1e43f910f395.jpg,c:\Users\IMG_PRO\Desktop\Image-Processing-Course-2025\Lab6_Hyperparameter-Tuning\data\denoised_lab6_top1\4efdb3dd-c8b2-42e8-a608-1e43f910f395.jpg
4f1c6d7e-9e2c-402a-9c49-a53443a7391a.jpg,c:\Users\IMG_PRO\Desktop\Image-Processing-Course-2025\Lab6_Hyperparameter-Tuning\data\denoised_lab6_top1\4f1c6d7e-9e2c-402a-9c49-a53443a7391a.jpg
4f2edb07-112b-48d6-a5fd-3a263e795c6d.jpg,c:\Users\IMG_PRO\Desktop\Image-Processing-Course-2025\Lab6_Hyperparameter-Tuning\data\denoised_lab6_top1\4f2edb07-112b-48d6-a5fd-3a263e795c6d.jpg
4f734050-483e-4f66-b39e-bb66a292313f.jpg,c:\Users\IMG_PRO\Desktop\Image-Processing-Course-2025\Lab6_Hyperparameter-Tuning\data\denoised_lab6_top1\4f734050-483e-4f66-b39e-bb66a292313f.jpg
4f79abea-38ab-40e8-864e-8fef14436eaa.jpg,c:\Users\IMG_PRO\Desktop\Image-Processing-Course-2025\Lab6_Hyperparameter-Tuning\data\denoised_lab6_top1\4f79abea-38ab-40e8-864e-8fef14436eaa.jpg
4fcdee6d-3557-4065-9e25-52acaefbf01a.jpg,c:\Users\IMG_PRO\Desktop\Image-Processing-Course-2025\Lab6_Hyperparameter-Tuning\data\denoised_lab6_top1\4fcdee6d-3557-4065-9e25-52acaefbf01a.jpg
4ffa8603-0fe8-489a-bbcd-b21f8f441e46.jpg,c:\Users\IMG_PRO\Desktop\Image-Processing-Course-2025\Lab6_Hyperparameter-Tuning\data\denoised_lab6_top1\4ffa8603-0fe8-489a-bbcd-b21f8f441e46.jpg
50049b83-386b-412e-ae27-74110066a985.jpg,c:\Users\IMG_PRO\Desktop\Image-Processing-Course-2025\Lab6_Hyperparameter-Tuning\data\denoised_lab6_top1\50049b83-386b-412e-ae27-74110066a985.jpg
500fdd03-818c-465c-9c60-3cf8e0abff92.jpg,c:\Users\IMG_PRO\Desktop\Image-Processing-Course-2025\Lab6_Hyperparameter-Tuning\data\denoised_lab6_top1\500fdd03-818c-465c-9c60-3cf8e0abff92.jpg
502717d1-b4fa-402c-97c3-c7f5b644ec61.jpg,c:\Users\IMG_PRO\Desktop\Image-Processing-Course-2025\Lab6_Hyperparameter-Tuning\data\denoised_lab6_top1\502717d1-b4fa-402c-97c3-c7f5b644ec61.jpg
502977f9-e19c-4538-b1c6-7fc7836e98db.jpg,c:\Users\IMG_PRO\Desktop\Image-Processing-Course-2025\Lab6_Hyperparameter-Tuning\data\denoised_lab6_top1\502977f9-e19c-4538-b1c6-7fc7836e98db.jpg
50589b32-10b9-41af-a7d3-527d666e8cc6.jpg,c:\Users\IMG_PRO\Desktop\Image-Processing-Course-2025\Lab6_Hyperparameter-Tuning\data\denoised_lab6_top1\50589b32-10b9-41af-a7d3-527d666e8cc6.jpg
50b57b38-7a96-4169-b7e4-932620f179b5.jpg,c:\Users\IMG_PRO\Desktop\Image-Processing-Course-2025\Lab6_Hyperparameter-Tuning\data\denoised_lab6_top1\50b57b38-7a96-4169-b7e4-932620f179b5.jpg
50e0544b-170b-475c-8fd9-4a4b5ee81faa.jpg,c:\Users\IMG_PRO\Desktop\Image-Processing-Course-2025\Lab6_Hyperparameter-Tuning\data\denoised_lab6_top1\50e0544b-170b-475c-8fd9-4a4b5ee81faa.jpg
50e66e46-5e70-4706-946d-e9906542b585.jpg,c:\Users\IMG_PRO\Desktop\Image-Processing-Course-2025\Lab6_Hyperparameter-Tuning\data\denoised_lab6_top1\50e66e46-5e70-4706-946d-e9906542b585.jpg
51435d5a-0d16-4254-9656-323ecfa3866d.jpg,c:\Users\IMG_PRO\Desktop\Image-Processing-Course-2025\Lab6_Hyperparameter-Tuning\data\denoised_lab6_top1\51435d5a-0d16-4254-9656-323ecfa3866d.jpg
5147e14e-5534-4204-92dd-733e8fefeea1.jpg,c:\Users\IMG_PRO\Desktop\Image-Processing-Course-2025\Lab6_Hyperparameter-Tuning\data\denoised_lab6_top1\5147e14e-5534-4204-92dd-733e8fefeea1.jpg
5149d2f0-f9fa-4ac2-afb4-3a24bebebbbd.jpg,c:\Users\IMG_PRO\Desktop\Image-Processing-Course-2025\Lab6_Hyperparameter-Tuning\data\denoised_lab6_top1\5149d2f0-f9fa-4ac2-afb4-3a24bebebbbd.jpg
519e8d86-456b-45db-b54d-5756bc857a8d.jpg,c:\Users\IMG_PRO\Desktop\Image-Processing-Course-2025\Lab6_Hyperparameter-Tuning\data\denoised_lab6_top1\519e8d86-456b-45db-b54d-5756bc857a8d.jpg
51ad4bb4-7db3-4658-b9b0-9a9892887c2e.jpg,c:\Users\IMG_PRO\Desktop\Image-Processing-Course-2025\Lab6_Hyperparameter-Tuning\data\denoised_lab6_top1\51ad4bb4-7db3-4658-b9b0-9a9892887c2e.jpg
51d680a1-d469-4979-ab4d-935be0cdf739.jpg,c:\Users\IMG_PRO\Desktop\Image-Processing-Course-2025\Lab6_Hyperparameter-Tuning\data\denoised_lab6_top1\51d680a1-d469-4979-ab4d-935be0cdf739.jpg
51f395f9-4b06-44de-a790-e5a54e66f5c1.jpg,c:\Users\IMG_PRO\Desktop\Image-Processing-Course-2025\Lab6_Hyperparameter-Tuning\data\denoised_lab6_top1\51f395f9-4b06-44de-a790-e5a54e66f5c1.jpg
51fca774-8f80-4f8e-88d5-44f8e530c897.jpg,c:\Users\IMG_PRO\Desktop\Image-Processing-Course-2025\Lab6_Hyperparameter-Tuning\data\denoised_lab6_top1\51fca774-8f80-4f8e-88d5-44f8e530c897.jpg
51fdd9f2-e4f2-4cf4-878f-8e13db7265f6.jpg,c:\Users\IMG_PRO\Desktop\Image-Processing-Course-2025\Lab6_Hyperparameter-Tuning\data\denoised_lab6_top1\51fdd9f2-e4f2-4cf4-878f-8e13db7265f6.jpg
5245bf39-381d-4e0c-82df-3c61fcb0d90a.jpg,c:\Users\IMG_PRO\Desktop\Image-Processing-Course-2025\Lab6_Hyperparameter-Tuning\data\denoised_lab6_top1\5245bf39-381d-4e0c-82df-3c61fcb0d90a.jpg
52609cf0-ca2c-41f4-a960-e3131a135bc3.jpg,c:\Users\IMG_PRO\Desktop\Image-Processing-Course-2025\Lab6_Hyperparameter-Tuning\data\denoised_lab6_top1\52609cf0-ca2c-41f4-a960-e3131a135bc3.jpg
526c5c8b-9d9c-4228-901c-25918f536aec.jpg,c:\Users\IMG_PRO\Desktop\Image-Processing-Course-2025\Lab6_Hyperparameter-Tuning\data\denoised_lab6_top1\526c5c8b-9d9c-4228-901c-25918f536aec.jpg
5275b76f-47ed-4f13-91bd-9ef4bb2b9581.jpg,c:\Users\IMG_PRO\Desktop\Image-Processing-Course-2025\Lab6_Hyperparameter-Tuning\data\denoised_lab6_top1\5275b76f-47ed-4f13-91bd-9ef4bb2b9581.jpg
52766a2d-579a-408b-ad08-a3d54b7d0f23.jpg,c:\Users\IMG_PRO\Desktop\Image-Processing-Course-2025\Lab6_Hyperparameter-Tuning\data\denoised_lab6_top1\52766a2d-579a-408b-ad08-a3d54b7d0f23.jpg
5279d8f6-7da1-4da9-8c29-756b184f8480.jpg,c:\Users\IMG_PRO\Desktop\Image-Processing-Course-2025\Lab6_Hyperparameter-Tuning\data\denoised_lab6_top1\5279d8f6-7da1-4da9-8c29-756b184f8480.jpg
527db6d3-d551-489c-8b3e-7c8475f68a6e.jpg,c:\Users\IMG_PRO\Desktop\Image-Processing-Course-2025\Lab6_Hyperparameter-Tuning\data\denoised_lab6_top1\527db6d3-d551-489c-8b3e-7c8475f68a6e.jpg
52ea4408-35fa-4445-bd5e-c456f517cd3b.jpg,c:\Users\IMG_PRO\Desktop\Image-Processing-Course-2025\Lab6_Hyperparameter-Tuning\data\denoised_lab6_top1\52ea4408-35fa-4445-bd5e-c456f517cd3b.jpg
52f76ac8-a79c-47d7-940f-1474fdca4b8f.jpg,c:\Users\IMG_PRO\Desktop\Image-Processing-Course-2025\Lab6_Hyperparameter-Tuning\data\denoised_lab6_top1\52f76ac8-a79c-47d7-940f-1474fdca4b8f.jpg
52f8c840-1ebb-4d70-b95c-c4fdbca4a69d.jpg,c:\Users\IMG_PRO\Desktop\Image-Processing-Course-2025\Lab6_Hyperparameter-Tuning\data\denoised_lab6_top1\52f8c840-1ebb-4d70-b95c-c4fdbca4a69d.jpg
52ff28c4-855b-411c-9b83-a683c8dc8e60.jpg,c:\Users\IMG_PRO\Desktop\Image-Processing-Course-2025\Lab6_Hyperparameter-Tuning\data\denoised_lab6_top1\52ff28c4-855b-411c-9b83-a683c8dc8e60.jpg
531bfc27-c23a-4ebd-9bee-308bef333d36.jpg,c:\Users\IMG_PRO\Desktop\Image-Processing-Course-2025\Lab6_Hyperparameter-Tuning\data\denoised_lab6_top1\531bfc27-c23a-4ebd-9bee-308bef333d36.jpg
531c3fb2-7809-4de9-bd18-c14b0753d2c0.jpg,c:\Users\IMG_PRO\Desktop\Image-Processing-Course-2025\Lab6_Hyperparameter-Tuning\data\denoised_lab6_top1\531c3fb2-7809-4de9-bd18-c14b0753d2c0.jpg
531ce1b4-a793-4a5b-8a6e-0c33dbc8d7c3.jpg,c:\Users\IMG_PRO\Desktop\Image-Processing-Course-2025\Lab6_Hyperparameter-Tuning\data\denoised_lab6_top1\531ce1b4-a793-4a5b-8a6e-0c33dbc8d7c3.jpg
532fb237-6d7a-4c74-91af-177f3887b45a.jpg,c:\Users\IMG_PRO\Desktop\Image-Processing-Course-2025\Lab6_Hyperparameter-Tuning\data\denoised_lab6_top1\532fb237-6d7a-4c74-91af-177f3887b45a.jpg
53601d8f-fc38-4ab9-92ef-305c4ac26b2a.jpg,c:\Users\IMG_PRO\Desktop\Image-Processing-Course-2025\Lab6_Hyperparameter-Tuning\data\denoised_lab6_top1\53601d8f-fc38-4ab9-92ef-305c4ac26b2a.jpg
53b63766-e5b5-496c-a17c-c06ecaa5c2d9.jpg,c:\Users\IMG_PRO\Desktop\Image-Processing-Course-2025\Lab6_Hyperparameter-Tuning\data\denoised_lab6_top1\53b63766-e5b5-496c-a17c-c06ecaa5c2d9.jpg
53c99b31-329f-4d98-90df-ae61f333773b.jpg,c:\Users\IMG_PRO\Desktop\Image-Processing-Course-2025\Lab6_Hyperparameter-Tuning\data\denoised_lab6_top1\53c99b31-329f-4d98-90df-ae61f333773b.jpg
53cf01ab-8338-428b-a82c-cbeb0471061d.jpg,c:\Users\IMG_PRO\Desktop\Image-Processing-Course-2025\Lab6_Hyperparameter-Tuning\data\denoised_lab6_top1\53cf01ab-8338-428b-a82c-cbeb0471061d.jpg
54ce4b9c-62a8-4a79-9193-8e189dab1c31.jpg,c:\Users\IMG_PRO\Desktop\Image-Processing-Course-2025\Lab6_Hyperparameter-Tuning\data\denoised_lab6_top1\54ce4b9c-62a8-4a79-9193-8e189dab1c31.jpg
54d87c2b-6420-4d9a-8bee-3dbd1492e3cf.jpg,c:\Users\IMG_PRO\Desktop\Image-Processing-Course-2025\Lab6_Hyperparameter-Tuning\data\denoised_lab6_top1\54d87c2b-6420-4d9a-8bee-3dbd1492e3cf.jpg
54d93edb-fabf-4daf-b997-3467085f8fde.jpg,c:\Users\IMG_PRO\Desktop\Image-Processing-Course-2025\Lab6_Hyperparameter-Tuning\data\denoised_lab6_top1\54d93edb-fabf-4daf-b997-3467085f8fde.jpg
54fba2ec-925d-4517-884b-1201f30ec28b.jpg,c:\Users\IMG_PRO\Desktop\Image-Processing-Course-2025\Lab6_Hyperparameter-Tuning\data\denoised_lab6_top1\54fba2ec-925d-4517-884b-1201f30ec28b.jpg
5518f0b2-2486-4269-8f20-e781ed21ed5c.jpg,c:\Users\IMG_PRO\Desktop\Image-Processing-Course-2025\Lab6_Hyperparameter-Tuning\data\denoised_lab6_top1\5518f0b2-2486-4269-8f20-e781ed21ed5c.jpg
55247c3a-b586-4007-842f-ce2b03f506e8.jpg,c:\Users\IMG_PRO\Desktop\Image-Processing-Course-2025\Lab6_Hyperparameter-Tuning\data\denoised_lab6_top1\55247c3a-b586-4007-842f-ce2b03f506e8.jpg
552540e0-3f33-43e2-b2a5-0e84a0aaf9a0.jpg,c:\Users\IMG_PRO\Desktop\Image-Processing-Course-2025\Lab6_Hyperparameter-Tuning\data\denoised_lab6_top1\552540e0-3f33-43e2-b2a5-0e84a0aaf9a0.jpg
552783ce-4b25-496c-9739-c7ef7cd0f88f.jpg,c:\Users\IMG_PRO\Desktop\Image-Processing-Course-2025\Lab6_Hyperparameter-Tuning\data\denoised_lab6_top1\552783ce-4b25-496c-9739-c7ef7cd0f88f.jpg
55432924-359a-4733-9b5f-47864a06ae75.jpg,c:\Users\IMG_PRO\Desktop\Image-Processing-Course-2025\Lab6_Hyperparameter-Tuning\data\denoised_lab6_top1\55432924-359a-4733-9b5f-47864a06ae75.jpg
5565c19c-f0d9-446a-89f6-4ac4bcdbde35.jpg,c:\Users\IMG_PRO\Desktop\Image-Processing-Course-2025\Lab6_Hyperparameter-Tuning\data\denoised_lab6_top1\5565c19c-f0d9-446a-89f6-4ac4bcdbde35.jpg
557ab20d-bacd-47a5-a2d8-14478bb30e5b.jpg,c:\Users\IMG_PRO\Desktop\Image-Processing-Course-2025\Lab6_Hyperparameter-Tuning\data\denoised_lab6_top1\557ab20d-bacd-47a5-a2d8-14478bb30e5b.jpg
55a25298-cac1-4f41-8824-3f134f59f11d.jpg,c:\Users\IMG_PRO\Desktop\Image-Processing-Course-2025\Lab6_Hyperparameter-Tuning\data\denoised_lab6_top1\55a25298-cac1-4f41-8824-3f134f59f11d.jpg
55b4ee77-2c32-475a-9c89-c7105829df6d.jpg,c:\Users\IMG_PRO\Desktop\Image-Processing-Course-2025\Lab6_Hyperparameter-Tuning\data\denoised_lab6_top1\55b4ee77-2c32-475a-9c89-c7105829df6d.jpg
55ebfe18-5815-410e-9533-5b07b3a535d5.jpg,c:\Users\IMG_PRO\Desktop\Image-Processing-Course-2025\Lab6_Hyperparameter-Tuning\data\denoised_lab6_top1\55ebfe18-5815-410e-9533-5b07b3a535d5.jpg
560d499f-66cf-4701-b8d7-fe0a217c53bb.jpg,c:\Users\IMG_PRO\Desktop\Image-Processing-Course-2025\Lab6_Hyperparameter-Tuning\data\denoised_lab6_top1\560d499f-66cf-4701-b8d7-fe0a217c53bb.jpg
566b5a5e-e29e-4c69-9727-b1e3d1854eb0.jpg,c:\Users\IMG_PRO\Desktop\Image-Processing-Course-2025\Lab6_Hyperparameter-Tuning\data\denoised_lab6_top1\566b5a5e-e29e-4c69-9727-b1e3d1854eb0.jpg
567cdfd4-4edb-4518-b89c-d5f936bfdfe5.jpg,c:\Users\IMG_PRO\Desktop\Image-Processing-Course-2025\Lab6_Hyperparameter-Tuning\data\denoised_lab6_top1\567cdfd4-4edb-4518-b89c-d5f936bfdfe5.jpg
568fa183-2fc2-435d-a5d5-5414be0befec.jpg,c:\Users\IMG_PRO\Desktop\Image-Processing-Course-2025\Lab6_Hyperparameter-Tuning\data\denoised_lab6_top1\568fa183-2fc2-435d-a5d5-5414be0befec.jpg
56f58d4a-812a-4848-ae02-7166ac964862.jpg,c:\Users\IMG_PRO\Desktop\Image-Processing-Course-2025\Lab6_Hyperparameter-Tuning\data\denoised_lab6_top1\56f58d4a-812a-4848-ae02-7166ac964862.jpg
5714d580-07de-46a2-9e01-ef3f3c3181ec.jpg,c:\Users\IMG_PRO\Desktop\Image-Processing-Course-2025\Lab6_Hyperparameter-Tuning\data\denoised_lab6_top1\5714d580-07de-46a2-9e01-ef3f3c3181ec.jpg
57b60f72-7d7a-484e-b075-f564230a2388.jpg,c:\Users\IMG_PRO\Desktop\Image-Processing-Course-2025\Lab6_Hyperparameter-Tuning\data\denoised_lab6_top1\57b60f72-7d7a-484e-b075-f564230a2388.jpg
57f7241e-e99d-4d11-8af2-938cbd15582b.jpg,c:\Users\IMG_PRO\Desktop\Image-Processing-Course-2025\Lab6_Hyperparameter-Tuning\data\denoised_lab6_top1\57f7241e-e99d-4d11-8af2-938cbd15582b.jpg
57fea998-d708-458a-a1b4-01cd189586c6.jpg,c:\Users\IMG_PRO\Desktop\Image-Processing-Course-2025\Lab6_Hyperparameter-Tuning\data\denoised_lab6_top1\57fea998-d708-458a-a1b4-01cd189586c6.jpg
580840c9-6d0b-4ae5-8f80-f24955979b3b.jpg,c:\Users\IMG_PRO\Desktop\Image-Processing-Course-2025\Lab6_Hyperparameter-Tuning\data\denoised_lab6_top1\580840c9-6d0b-4ae5-8f80-f24955979b3b.jpg
582e2d19-f0bd-4349-8786-aac83a42596e.jpg,c:\Users\IMG_PRO\Desktop\Image-Processing-Course-2025\Lab6_Hyperparameter-Tuning\data\denoised_lab6_top1\582e2d19-f0bd-4349-8786-aac83a42596e.jpg
586402fe-5153-48cc-86d1-41097d107628.jpg,c:\Users\IMG_PRO\Desktop\Image-Processing-Course-2025\Lab6_Hyperparameter-Tuning\data\denoised_lab6_top1\586402fe-5153-48cc-86d1-41097d107628.jpg
586f3e6a-69bd-4a95-a285-097b9c22ef74.jpg,c:\Users\IMG_PRO\Desktop\Image-Processing-Course-2025\Lab6_Hyperparameter-Tuning\data\denoised_lab6_top1\586f3e6a-69bd-4a95-a285-097b9c22ef74.jpg
58a5a3b4-7415-4e16-b279-cd281a795297.jpg,c:\Users\IMG_PRO\Desktop\Image-Processing-Course-2025\Lab6_Hyperparameter-Tuning\data\denoised_lab6_top1\58a5a3b4-7415-4e16-b279-cd281a795297.jpg
58ac2cf0-077e-4fd2-884b-54d5d6822335.jpg,c:\Users\IMG_PRO\Desktop\Image-Processing-Course-2025\Lab6_Hyperparameter-Tuning\data\denoised_lab6_top1\58ac2cf0-077e-4fd2-884b-54d5d6822335.jpg
58cd6874-e209-4255-8c94-cf3f4411b4c4.jpg,c:\Users\IMG_PRO\Desktop\Image-Processing-Course-2025\Lab6_Hyperparameter-Tuning\data\denoised_lab6_top1\58cd6874-e209-4255-8c94-cf3f4411b4c4.jpg
58e78a58-66e2-42de-84fb-5f19fbe4a99a.jpg,c:\Users\IMG_PRO\Desktop\Image-Processing-Course-2025\Lab6_Hyperparameter-Tuning\data\denoised_lab6_top1\58e78a58-66e2-42de-84fb-5f19fbe4a99a.jpg
58f698c6-e6ff-43aa-a29c-3289bcbac527.jpg,c:\Users\IMG_PRO\Desktop\Image-Processing-Course-2025\Lab6_Hyperparameter-Tuning\data\denoised_lab6_top1\58f698c6-e6ff-43aa-a29c-3289bcbac527.jpg
58fbb361-7469-4cee-8471-f2c50440f9cc.jpg,c:\Users\IMG_PRO\Desktop\Image-Processing-Course-2025\Lab6_Hyperparameter-Tuning\data\denoised_lab6_top1\58fbb361-7469-4cee-8471-f2c50440f9cc.jpg
5903897b-ad98-455e-99bc-673b978ee5c1.jpg,c:\Users\IMG_PRO\Desktop\Image-Processing-Course-2025\Lab6_Hyperparameter-Tuning\data\denoised_lab6_top1\5903897b-ad98-455e-99bc-673b978ee5c1.jpg
592fe8a3-aa58-492d-a6d6-1c407b963fc8.jpg,c:\Users\IMG_PRO\Desktop\Image-Processing-Course-2025\Lab6_Hyperparameter-Tuning\data\denoised_lab6_top1\592fe8a3-aa58-492d-a6d6-1c407b963fc8.jpg
593797a2-7b8b-4fba-98f6-b0c79b3e7315.jpg,c:\Users\IMG_PRO\Desktop\Image-Processing-Course-2025\Lab6_Hyperparameter-Tuning\data\denoised_lab6_top1\593797a2-7b8b-4fba-98f6-b0c79b3e7315.jpg
5955d5cb-4fb8-45c6-a726-4307dc691084.jpg,c:\Users\IMG_PRO\Desktop\Image-Processing-Course-2025\Lab6_Hyperparameter-Tuning\data\denoised_lab6_top1\5955d5cb-4fb8-45c6-a726-4307dc691084.jpg
596671a7-4e38-450f-a596-79f205793ad0.jpg,c:\Users\IMG_PRO\Desktop\Image-Processing-Course-2025\Lab6_Hyperparameter-Tuning\data\denoised_lab6_top1\596671a7-4e38-450f-a596-79f205793ad0.jpg
597e7b58-6cd3-43c3-9eef-57603f16a834.jpg,c:\Users\IMG_PRO\Desktop\Image-Processing-Course-2025\Lab6_Hyperparameter-Tuning\data\denoised_lab6_top1\597e7b58-6cd3-43c3-9eef-57603f16a834.jpg
5986361a-5a78-403c-8e1a-49a9324bc24d.jpg,c:\Users\IMG_PRO\Desktop\Image-Processing-Course-2025\Lab6_Hyperparameter-Tuning\data\denoised_lab6_top1\5986361a-5a78-403c-8e1a-49a9324bc24d.jpg
59a35336-f0fd-4672-8a96-36d69a2edd97.jpg,c:\Users\IMG_PRO\Desktop\Image-Processing-Course-2025\Lab6_Hyperparameter-Tuning\data\denoised_lab6_top1\59a35336-f0fd-4672-8a96-36d69a2edd97.jpg
59b92d66-5cd1-4a92-8425-92cabc5c5c77.jpg,c:\Users\IMG_PRO\Desktop\Image-Processing-Course-2025\Lab6_Hyperparameter-Tuning\data\denoised_lab6_top1\59b92d66-5cd1-4a92-8425-92cabc5c5c77.jpg
59ba0c47-ac2b-488e-941c-c2c8575120e5.jpg,c:\Users\IMG_PRO\Desktop\Image-Processing-Course-2025\Lab6_Hyperparameter-Tuning\data\denoised_lab6_top1\59ba0c47-ac2b-488e-941c-c2c8575120e5.jpg
5a16fcf6-b25c-4cf7-84ea-040aa17ff823.jpg,c:\Users\IMG_PRO\Desktop\Image-Processing-Course-2025\Lab6_Hyperparameter-Tuning\data\denoised_lab6_top1\5a16fcf6-b25c-4cf7-84ea-040aa17ff823.jpg
5a19c338-9678-4959-8a2d-75a47e4ca65b.jpg,c:\Users\IMG_PRO\Desktop\Image-Processing-Course-2025\Lab6_Hyperparameter-Tuning\data\denoised_lab6_top1\5a19c338-9678-4959-8a2d-75a47e4ca65b.jpg
5a285825-e519-4dbb-8e51-e9756d18a3f2.jpg,c:\Users\IMG_PRO\Desktop\Image-Processing-Course-2025\Lab6_Hyperparameter-Tuning\data\denoised_lab6_top1\5a285825-e519-4dbb-8e51-e9756d18a3f2.jpg
5a9a8a7a-b343-4572-a331-493a69ae53b3.jpg,c:\Users\IMG_PRO\Desktop\Image-Processing-Course-2025\Lab6_Hyperparameter-Tuning\data\denoised_lab6_top1\5a9a8a7a-b343-4572-a331-493a69ae53b3.jpg
5ab9ccff-c5a4-4ee5-8297-5024e9e3fa25.jpg,c:\Users\IMG_PRO\Desktop\Image-Processing-Course-2025\Lab6_Hyperparameter-Tuning\data\denoised_lab6_top1\5ab9ccff-c5a4-4ee5-8297-5024e9e3fa25.jpg
5abbd05d-924e-4d95-af14-e8f578ae1e0e.jpg,c:\Users\IMG_PRO\Desktop\Image-Processing-Course-2025\Lab6_Hyperparameter-Tuning\data\denoised_lab6_top1\5abbd05d-924e-4d95-af14-e8f578ae1e0e.jpg
5ae0cb6e-4168-4504-bfc8-acdf5d215219.jpg,c:\Users\IMG_PRO\Desktop\Image-Processing-Course-2025\Lab6_Hyperparameter-Tuning\data\denoised_lab6_top1\5ae0cb6e-4168-4504-bfc8-acdf5d215219.jpg
5b144829-3e2c-4614-92f4-eb4ccb43706e.jpg,c:\Users\IMG_PRO\Desktop\Image-Processing-Course-2025\Lab6_Hyperparameter-Tuning\data\denoised_lab6_top1\5b144829-3e2c-4614-92f4-eb4ccb43706e.jpg
5b21c2e1-8060-435a-a400-f41f1364a95a.jpg,c:\Users\IMG_PRO\Desktop\Image-Processing-Course-2025\Lab6_Hyperparameter-Tuning\data\denoised_lab6_top1\5b21c2e1-8060-435a-a400-f41f1364a95a.jpg
5bea479a-f59d-482b-ab9d-7a16ee06651f.jpg,c:\Users\IMG_PRO\Desktop\Image-Processing-Course-2025\Lab6_Hyperparameter-Tuning\data\denoised_lab6_top1\5bea479a-f59d-482b-ab9d-7a16ee06651f.jpg
5ca257af-b7a9-4c87-bd30-b0e8cb8beef7.jpg,c:\Users\IMG_PRO\Desktop\Image-Processing-Course-2025\Lab6_Hyperparameter-Tuning\data\denoised_lab6_top1\5ca257af-b7a9-4c87-bd30-b0e8cb8beef7.jpg
5cd1108f-ec25-40cb-af00-ffb352e9b32d.jpg,c:\Users\IMG_PRO\Desktop\Image-Processing-Course-2025\Lab6_Hyperparameter-Tuning\data\denoised_lab6_top1\5cd1108f-ec25-40cb-af00-ffb352e9b32d.jpg
5cd14c62-e208-4978-be17-a0f33def76f9.jpg,c:\Users\IMG_PRO\Desktop\Image-Processing-Course-2025\Lab6_Hyperparameter-Tuning\data\denoised_lab6_top1\5cd14c62-e208-4978-be17-a0f33def76f9.jpg
5d4d8b95-53be-4057-9086-d5575d724ef3.jpg,c:\Users\IMG_PRO\Desktop\Image-Processing-Course-2025\Lab6_Hyperparameter-Tuning\data\denoised_lab6_top1\5d4d8b95-53be-4057-9086-d5575d724ef3.jpg
5d6bd848-53fc-408f-b4d4-9323db1041f5.jpg,c:\Users\IMG_PRO\Desktop\Image-Processing-Course-2025\Lab6_Hyperparameter-Tuning\data\denoised_lab6_top1\5d6bd848-53fc-408f-b4d4-9323db1041f5.jpg
5d968a4b-0b57-46dc-8005-d4becff53027.jpg,c:\Users\IMG_PRO\Desktop\Image-Processing-Course-2025\Lab6_Hyperparameter-Tuning\data\denoised_lab6_top1\5d968a4b-0b57-46dc-8005-d4becff53027.jpg
5d98ad69-a6c8-4177-b400-a8d08b60abcf.jpg,c:\Users\IMG_PRO\Desktop\Image-Processing-Course-2025\Lab6_Hyperparameter-Tuning\data\denoised_lab6_top1\5d98ad69-a6c8-4177-b400-a8d08b60abcf.jpg
5db0444f-7893-4aee-ad77-85708226f9ab.jpg,c:\Users\IMG_PRO\Desktop\Image-Processing-Course-2025\Lab6_Hyperparameter-Tuning\data\denoised_lab6_top1\5db0444f-7893-4aee-ad77-85708226f9ab.jpg
5e068b97-da6d-43e8-8b0d-0c0bcc0d710f.jpg,c:\Users\IMG_PRO\Desktop\Image-Processing-Course-2025\Lab6_Hyperparameter-Tuning\data\denoised_lab6_top1\5e068b97-da6d-43e8-8b0d-0c0bcc0d710f.jpg
5e15434f-d7d6-4fbc-ae84-1a4216b8e458.jpg,c:\Users\IMG_PRO\Desktop\Image-Processing-Course-2025\Lab6_Hyperparameter-Tuning\data\denoised_lab6_top1\5e15434f-d7d6-4fbc-ae84-1a4216b8e458.jpg
5e3a9ed9-cf91-4bae-aebd-a75bee1cc153.jpg,c:\Users\IMG_PRO\Desktop\Image-Processing-Course-2025\Lab6_Hyperparameter-Tuning\data\denoised_lab6_top1\5e3a9ed9-cf91-4bae-aebd-a75bee1cc153.jpg
5e3e08a1-c57f-4672-973e-56a11101db40.jpg,c:\Users\IMG_PRO\Desktop\Image-Processing-Course-2025\Lab6_Hyperparameter-Tuning\data\denoised_lab6_top1\5e3e08a1-c57f-4672-973e-56a11101db40.jpg
5e3e202c-5298-46f1-beff-c7ddf8c2a829.jpg,c:\Users\IMG_PRO\Desktop\Image-Processing-Course-2025\Lab6_Hyperparameter-Tuning\data\denoised_lab6_top1\5e3e202c-5298-46f1-beff-c7ddf8c2a829.jpg
5e4d383b-7b42-45ff-99b0-4119917b2ad5.jpg,c:\Users\IMG_PRO\Desktop\Image-Processing-Course-2025\Lab6_Hyperparameter-Tuning\data\denoised_lab6_top1\5e4d383b-7b42-45ff-99b0-4119917b2ad5.jpg
5e6ceedd-f778-4df4-a254-1933c0dfd6d1.jpg,c:\Users\IMG_PRO\Desktop\Image-Processing-Course-2025\Lab6_Hyperparameter-Tuning\data\denoised_lab6_top1\5e6ceedd-f778-4df4-a254-1933c0dfd6d1.jpg
5e74504d-d336-4e26-98e9-f6e957b7c510.jpg,c:\Users\IMG_PRO\Desktop\Image-Processing-Course-2025\Lab6_Hyperparameter-Tuning\data\denoised_lab6_top1\5e74504d-d336-4e26-98e9-f6e957b7c510.jpg
5f0c4e4b-88e2-494c-86c9-b90e4959cbd9.jpg,c:\Users\IMG_PRO\Desktop\Image-Processing-Course-2025\Lab6_Hyperparameter-Tuning\data\denoised_lab6_top1\5f0c4e4b-88e2-494c-86c9-b90e4959cbd9.jpg
5f235d6c-c6ac-44e2-82e3-f3548cecc3df.jpg,c:\Users\IMG_PRO\Desktop\Image-Processing-Course-2025\Lab6_Hyperparameter-Tuning\data\denoised_lab6_top1\5f235d6c-c6ac-44e2-82e3-f3548cecc3df.jpg
5f28e3d7-387c-481e-b9a2-3c65403a59b3.jpg,c:\Users\IMG_PRO\Desktop\Image-Processing-Course-2025\Lab6_Hyperparameter-Tuning\data\denoised_lab6_top1\5f28e3d7-387c-481e-b9a2-3c65403a59b3.jpg
5f3a3499-a9a7-4f4a-bd34-dd60f0319b98.jpg,c:\Users\IMG_PRO\Desktop\Image-Processing-Course-2025\Lab6_Hyperparameter-Tuning\data\denoised_lab6_top1\5f3a3499-a9a7-4f4a-bd34-dd60f0319b98.jpg
5f43b70a-4cb8-45d4-92cd-4ec2e616953c.jpg,c:\Users\IMG_PRO\Desktop\Image-Processing-Course-2025\Lab6_Hyperparameter-Tuning\data\denoised_lab6_top1\5f43b70a-4cb8-45d4-92cd-4ec2e616953c.jpg
5f625679-a6b8-49ee-ac23-94c470ff1921.jpg,c:\Users\IMG_PRO\Desktop\Image-Processing-Course-2025\Lab6_Hyperparameter-Tuning\data\denoised_lab6_top1\5f625679-a6b8-49ee-ac23-94c470ff1921.jpg
5f74cf96-ec52-4fec-8374-880af7e23c7e.jpg,c:\Users\IMG_PRO\Desktop\Image-Processing-Course-2025\Lab6_Hyperparameter-Tuning\data\denoised_lab6_top1\5f74cf96-ec52-4fec-8374-880af7e23c7e.jpg
5f8efd33-fc9d-4d5f-9718-1e947cdea806.jpg,c:\Users\IMG_PRO\Desktop\Image-Processing-Course-2025\Lab6_Hyperparameter-Tuning\data\denoised_lab6_top1\5f8efd33-fc9d-4d5f-9718-1e947cdea806.jpg
5f9c159e-df19-43be-bde1-a69a4c43c13c.jpg,c:\Users\IMG_PRO\Desktop\Image-Processing-Course-2025\Lab6_Hyperparameter-Tuning\data\denoised_lab6_top1\5f9c159e-df19-43be-bde1-a69a4c43c13c.jpg
5fa5485f-2865-47da-9e79-18a7718ae3ee.jpg,c:\Users\IMG_PRO\Desktop\Image-Processing-Course-2025\Lab6_Hyperparameter-Tuning\data\denoised_lab6_top1\5fa5485f-2865-47da-9e79-18a7718ae3ee.jpg
5faeab76-9ee8-4afd-b6aa-16885e707bcc.jpg,c:\Users\IMG_PRO\Desktop\Image-Processing-Course-2025\Lab6_Hyperparameter-Tuning\data\denoised_lab6_top1\5faeab76-9ee8-4afd-b6aa-16885e707bcc.jpg
5fc2a25e-b920-4154-bcd3-33db7fb6752a.jpg,c:\Users\IMG_PRO\Desktop\Image-Processing-Course-2025\Lab6_Hyperparameter-Tuning\data\denoised_lab6_top1\5fc2a25e-b920-4154-bcd3-33db7fb6752a.jpg
5ff81b9a-2832-4984-8604-4d552b49e350.jpg,c:\Users\IMG_PRO\Desktop\Image-Processing-Course-2025\Lab6_Hyperparameter-Tuning\data\denoised_lab6_top1\5ff81b9a-2832-4984-8604-4d552b49e350.jpg
60286782-9cd7-4ad1-9b49-2dfe881be5a9.jpg,c:\Users\IMG_PRO\Desktop\Image-Processing-Course-2025\Lab6_Hyperparameter-Tuning\data\denoised_lab6_top1\60286782-9cd7-4ad1-9b49-2dfe881be5a9.jpg
603888d5-a4ae-4d6f-a41c-6476973f8f31.jpg,c:\Users\IMG_PRO\Desktop\Image-Processing-Course-2025\Lab6_Hyperparameter-Tuning\data\denoised_lab6_top1\603888d5-a4ae-4d6f-a41c-6476973f8f31.jpg
605d9167-8b3a-4be2-8338-fd6832ad6ddb.jpg,c:\Users\IMG_PRO\Desktop\Image-Processing-Course-2025\Lab6_Hyperparameter-Tuning\data\denoised_lab6_top1\605d9167-8b3a-4be2-8338-fd6832ad6ddb.jpg
607c95aa-db67-460b-9c4f-8f50f63e7d2d.jpg,c:\Users\IMG_PRO\Desktop\Image-Processing-Course-2025\Lab6_Hyperparameter-Tuning\data\denoised_lab6_top1\607c95aa-db67-460b-9c4f-8f50f63e7d2d.jpg
6094a44d-0ffc-49af-b182-c89fd6777a51.jpg,c:\Users\IMG_PRO\Desktop\Image-Processing-Course-2025\Lab6_Hyperparameter-Tuning\data\denoised_lab6_top1\6094a44d-0ffc-49af-b182-c89fd6777a51.jpg
60c14207-2680-4cb6-b63f-51cb3679fc0a.jpg,c:\Users\IMG_PRO\Desktop\Image-Processing-Course-2025\Lab6_Hyperparameter-Tuning\data\denoised_lab6_top1\60c14207-2680-4cb6-b63f-51cb3679fc0a.jpg
61075375-2bbc-4412-a0fb-16d3d698d292.jpg,c:\Users\IMG_PRO\Desktop\Image-Processing-Course-2025\Lab6_Hyperparameter-Tuning\data\denoised_lab6_top1\61075375-2bbc-4412-a0fb-16d3d698d292.jpg
611e8a61-c70e-4453-892d-40ce823b02fc.jpg,c:\Users\IMG_PRO\Desktop\Image-Processing-Course-2025\Lab6_Hyperparameter-Tuning\data\denoised_lab6_top1\611e8a61-c70e-4453-892d-40ce823b02fc.jpg
6122615d-3e66-461b-b45f-95ba1f0299fa.jpg,c:\Users\IMG_PRO\Desktop\Image-Processing-Course-2025\Lab6_Hyperparameter-Tuning\data\denoised_lab6_top1\6122615d-3e66-461b-b45f-95ba1f0299fa.jpg
614835e0-3b34-4c91-80ae-f6deb41c0ab4.jpg,c:\Users\IMG_PRO\Desktop\Image-Processing-Course-2025\Lab6_Hyperparameter-Tuning\data\denoised_lab6_top1\614835e0-3b34-4c91-80ae-f6deb41c0ab4.jpg
614f04e2-c42b-4089-8d72-509ffeccf27b.jpg,c:\Users\IMG_PRO\Desktop\Image-Processing-Course-2025\Lab6_Hyperparameter-Tuning\data\denoised_lab6_top1\614f04e2-c42b-4089-8d72-509ffeccf27b.jpg
615e51d3-a9ab-4703-8da5-743710997e64.jpg,c:\Users\IMG_PRO\Desktop\Image-Processing-Course-2025\Lab6_Hyperparameter-Tuning\data\denoised_lab6_top1\615e51d3-a9ab-4703-8da5-743710997e64.jpg
61750b2d-0789-44a2-9667-2d8aca080d0f.jpg,c:\Users\IMG_PRO\Desktop\Image-Processing-Course-2025\Lab6_Hyperparameter-Tuning\data\denoised_lab6_top1\61750b2d-0789-44a2-9667-2d8aca080d0f.jpg
6177b170-a4b4-462c-bfe4-92001dbd77ee.jpg,c:\Users\IMG_PRO\Desktop\Image-Processing-Course-2025\Lab6_Hyperparameter-Tuning\data\denoised_lab6_top1\6177b170-a4b4-462c-bfe4-92001dbd77ee.jpg
61b5ebe7-e425-444b-9ebb-4abc876ab08b.jpg,c:\Users\IMG_PRO\Desktop\Image-Processing-Course-2025\Lab6_Hyperparameter-Tuning\data\denoised_lab6_top1\61b5ebe7-e425-444b-9ebb-4abc876ab08b.jpg
61d6f4b9-9a40-4a8c-8e06-d65f29490ccd.jpg,c:\Users\IMG_PRO\Desktop\Image-Processing-Course-2025\Lab6_Hyperparameter-Tuning\data\denoised_lab6_top1\61d6f4b9-9a40-4a8c-8e06-d65f29490ccd.jpg
61e3a443-34b1-42d9-831e-292da13e6066.jpg,c:\Users\IMG_PRO\Desktop\Image-Processing-Course-2025\Lab6_Hyperparameter-Tuning\data\denoised_lab6_top1\61e3a443-34b1-42d9-831e-292da13e6066.jpg
61e953cd-4dca-4a22-92f0-3f2f7cd6d225.jpg,c:\Users\IMG_PRO\Desktop\Image-Processing-Course-2025\Lab6_Hyperparameter-Tuning\data\denoised_lab6_top1\61e953cd-4dca-4a22-92f0-3f2f7cd6d225.jpg
61e9568b-2c30-41e1-b705-b19e9fe1316d.jpg,c:\Users\IMG_PRO\Desktop\Image-Processing-Course-2025\Lab6_Hyperparameter-Tuning\data\denoised_lab6_top1\61e9568b-2c30-41e1-b705-b19e9fe1316d.jpg
621cc80c-e8cd-4e6e-aec7-19bae6036c92.jpg,c:\Users\IMG_PRO\Desktop\Image-Processing-Course-2025\Lab6_Hyperparameter-Tuning\data\denoised_lab6_top1\621cc80c-e8cd-4e6e-aec7-19bae6036c92.jpg
622068ba-a1da-4ced-9dc7-7d5699cb0ae2.jpg,c:\Users\IMG_PRO\Desktop\Image-Processing-Course-2025\Lab6_Hyperparameter-Tuning\data\denoised_lab6_top1\622068ba-a1da-4ced-9dc7-7d5699cb0ae2.jpg
62377521-d3ea-4db8-9236-73dbfc2d419d.jpg,c:\Users\IMG_PRO\Desktop\Image-Processing-Course-2025\Lab6_Hyperparameter-Tuning\data\denoised_lab6_top1\62377521-d3ea-4db8-9236-73dbfc2d419d.jpg
62c9e42c-541d-49f5-93d5-b524c4e4fc2a.jpg,c:\Users\IMG_PRO\Desktop\Image-Processing-Course-2025\Lab6_Hyperparameter-Tuning\data\denoised_lab6_top1\62c9e42c-541d-49f5-93d5-b524c4e4fc2a.jpg
630296e9-02f4-4da7-8a83-d644fa4bfd13.jpg,c:\Users\IMG_PRO\Desktop\Image-Processing-Course-2025\Lab6_Hyperparameter-Tuning\data\denoised_lab6_top1\630296e9-02f4-4da7-8a83-d644fa4bfd13.jpg
631c4a10-bcd2-403a-9aec-d99c1a0e2f02.jpg,c:\Users\IMG_PRO\Desktop\Image-Processing-Course-2025\Lab6_Hyperparameter-Tuning\data\denoised_lab6_top1\631c4a10-bcd2-403a-9aec-d99c1a0e2f02.jpg
6352eef8-7483-42c0-a132-ccf7e78f68b6.jpg,c:\Users\IMG_PRO\Desktop\Image-Processing-Course-2025\Lab6_Hyperparameter-Tuning\data\denoised_lab6_top1\6352eef8-7483-42c0-a132-ccf7e78f68b6.jpg
635b5b7f-7fb5-4e9a-9aa4-49e7ae1fbca9.jpg,c:\Users\IMG_PRO\Desktop\Image-Processing-Course-2025\Lab6_Hyperparameter-Tuning\data\denoised_lab6_top1\635b5b7f-7fb5-4e9a-9aa4-49e7ae1fbca9.jpg
63b0d26c-5bcb-4b62-8e69-c8dcb5a39933.jpg,c:\Users\IMG_PRO\Desktop\Image-Processing-Course-2025\Lab6_Hyperparameter-Tuning\data\denoised_lab6_top1\63b0d26c-5bcb-4b62-8e69-c8dcb5a39933.jpg
63ec0b57-97e0-43c9-a3a9-9bf975376a9a.jpg,c:\Users\IMG_PRO\Desktop\Image-Processing-Course-2025\Lab6_Hyperparameter-Tuning\data\denoised_lab6_top1\63ec0b57-97e0-43c9-a3a9-9bf975376a9a.jpg
64318a7d-6f18-4525-bc44-2daffa0f7682.jpg,c:\Users\IMG_PRO\Desktop\Image-Processing-Course-2025\Lab6_Hyperparameter-Tuning\data\denoised_lab6_top1\64318a7d-6f18-4525-bc44-2daffa0f7682.jpg
64650975-e350-4e0c-ae63-3b5d1dc49a01.jpg,c:\Users\IMG_PRO\Desktop\Image-Processing-Course-2025\Lab6_Hyperparameter-Tuning\data\denoised_lab6_top1\64650975-e350-4e0c-ae63-3b5d1dc49a01.jpg
6482aa9a-8463-4adc-9d49-072afca46ae7.jpg,c:\Users\IMG_PRO\Desktop\Image-Processing-Course-2025\Lab6_Hyperparameter-Tuning\data\denoised_lab6_top1\6482aa9a-8463-4adc-9d49-072afca46ae7.jpg
6495ab2d-07eb-4568-bc5d-d60c1da809ab.jpg,c:\Users\IMG_PRO\Desktop\Image-Processing-Course-2025\Lab6_Hyperparameter-Tuning\data\denoised_lab6_top1\6495ab2d-07eb-4568-bc5d-d60c1da809ab.jpg
650f313e-083b-4bd4-a1eb-65204c1efaa9.jpg,c:\Users\IMG_PRO\Desktop\Image-Processing-Course-2025\Lab6_Hyperparameter-Tuning\data\denoised_lab6_top1\650f313e-083b-4bd4-a1eb-65204c1efaa9.jpg
653855fe-9c0b-4b9c-b670-d358ef74ff3a.jpg,c:\Users\IMG_PRO\Desktop\Image-Processing-Course-2025\Lab6_Hyperparameter-Tuning\data\denoised_lab6_top1\653855fe-9c0b-4b9c-b670-d358ef74ff3a.jpg
65412960-207f-4787-91ab-034445081781.jpg,c:\Users\IMG_PRO\Desktop\Image-Processing-Course-2025\Lab6_Hyperparameter-Tuning\data\denoised_lab6_top1\65412960-207f-4787-91ab-034445081781.jpg
6552e09e-0535-496a-921d-09c1bcf834e7.jpg,c:\Users\IMG_PRO\Desktop\Image-Processing-Course-2025\Lab6_Hyperparameter-Tuning\data\denoised_lab6_top1\6552e09e-0535-496a-921d-09c1bcf834e7.jpg
65623dca-7072-4f9f-86b7-1c0cc43b23e4.jpg,c:\Users\IMG_PRO\Desktop\Image-Processing-Course-2025\Lab6_Hyperparameter-Tuning\data\denoised_lab6_top1\65623dca-7072-4f9f-86b7-1c0cc43b23e4.jpg
65774d04-b88e-4617-bb0f-51731af161ff.jpg,c:\Users\IMG_PRO\Desktop\Image-Processing-Course-2025\Lab6_Hyperparameter-Tuning\data\denoised_lab6_top1\65774d04-b88e-4617-bb0f-51731af161ff.jpg
659c0048-5ba0-4fb5-b4e9-750f4e7af7e5.jpg,c:\Users\IMG_PRO\Desktop\Image-Processing-Course-2025\Lab6_Hyperparameter-Tuning\data\denoised_lab6_top1\659c0048-5ba0-4fb5-b4e9-750f4e7af7e5.jpg
659c4d03-8dd5-4391-82bd-baa96619e433.jpg,c:\Users\IMG_PRO\Desktop\Image-Processing-Course-2025\Lab6_Hyperparameter-Tuning\data\denoised_lab6_top1\659c4d03-8dd5-4391-82bd-baa96619e433.jpg
659ef944-2656-42d5-8bdc-ac2a2f000781.jpg,c:\Users\IMG_PRO\Desktop\Image-Processing-Course-2025\Lab6_Hyperparameter-Tuning\data\denoised_lab6_top1\659ef944-2656-42d5-8bdc-ac2a2f000781.jpg
659f70d2-f8b8-47e0-be5f-c97aa86e7355.jpg,c:\Users\IMG_PRO\Desktop\Image-Processing-Course-2025\Lab6_Hyperparameter-Tuning\data\denoised_lab6_top1\659f70d2-f8b8-47e0-be5f-c97aa86e7355.jpg
65bd27fa-0111-4bfa-9a01-7f25e3c56608.jpg,c:\Users\IMG_PRO\Desktop\Image-Processing-Course-2025\Lab6_Hyperparameter-Tuning\data\denoised_lab6_top1\65bd27fa-0111-4bfa-9a01-7f25e3c56608.jpg
65f0751c-370d-4f37-9342-7d8ce4ee10b4.jpg,c:\Users\IMG_PRO\Desktop\Image-Processing-Course-2025\Lab6_Hyperparameter-Tuning\data\denoised_lab6_top1\65f0751c-370d-4f37-9342-7d8ce4ee10b4.jpg
662c240d-b5e9-41a9-bad9-ac3adc1d2762.jpg,c:\Users\IMG_PRO\Desktop\Image-Processing-Course-2025\Lab6_Hyperparameter-Tuning\data\denoised_lab6_top1\662c240d-b5e9-41a9-bad9-ac3adc1d2762.jpg
66e0f9ec-c4ce-4297-85cd-db345a4a7e1a.jpg,c:\Users\IMG_PRO\Desktop\Image-Processing-Course-2025\Lab6_Hyperparameter-Tuning\data\denoised_lab6_top1\66e0f9ec-c4ce-4297-85cd-db345a4a7e1a.jpg
672ba2d3-2cb7-4eea-a5c2-db8e0e70d889.jpg,c:\Users\IMG_PRO\Desktop\Image-Processing-Course-2025\Lab6_Hyperparameter-Tuning\data\denoised_lab6_top1\672ba2d3-2cb7-4eea-a5c2-db8e0e70d889.jpg
67408c8d-679f-4b4d-9738-a5f7fd62794e.jpg,c:\Users\IMG_PRO\Desktop\Image-Processing-Course-2025\Lab6_Hyperparameter-Tuning\data\denoised_lab6_top1\67408c8d-679f-4b4d-9738-a5f7fd62794e.jpg
674a4b5b-9e18-4012-9ec1-69f8c16edf8e.jpg,c:\Users\IMG_PRO\Desktop\Image-Processing-Course-2025\Lab6_Hyperparameter-Tuning\data\denoised_lab6_top1\674a4b5b-9e18-4012-9ec1-69f8c16edf8e.jpg
67512565-16f2-4afa-9cda-f074ed945213.jpg,c:\Users\IMG_PRO\Desktop\Image-Processing-Course-2025\Lab6_Hyperparameter-Tuning\data\denoised_lab6_top1\67512565-16f2-4afa-9cda-f074ed945213.jpg
67643e59-47dc-47f7-909c-748c65118c4d.jpg,c:\Users\IMG_PRO\Desktop\Image-Processing-Course-2025\Lab6_Hyperparameter-Tuning\data\denoised_lab6_top1\67643e59-47dc-47f7-909c-748c65118c4d.jpg
67964fa4-b344-489f-abfc-8b8ac4f7d8ee.jpg,c:\Users\IMG_PRO\Desktop\Image-Processing-Course-2025\Lab6_Hyperparameter-Tuning\data\denoised_lab6_top1\67964fa4-b344-489f-abfc-8b8ac4f7d8ee.jpg
679a1b21-1609-4bee-9c51-ee595d3805fa.jpg,c:\Users\IMG_PRO\Desktop\Image-Processing-Course-2025\Lab6_Hyperparameter-Tuning\data\denoised_lab6_top1\679a1b21-1609-4bee-9c51-ee595d3805fa.jpg
679bef2f-1a9c-4358-bd86-52dfac2cb1c6.jpg,c:\Users\IMG_PRO\Desktop\Image-Processing-Course-2025\Lab6_Hyperparameter-Tuning\data\denoised_lab6_top1\679bef2f-1a9c-4358-bd86-52dfac2cb1c6.jpg
67c65052-c05b-496d-8c10-8f0aa4268d12.jpg,c:\Users\IMG_PRO\Desktop\Image-Processing-Course-2025\Lab6_Hyperparameter-Tuning\data\denoised_lab6_top1\67c65052-c05b-496d-8c10-8f0aa4268d12.jpg
67eb650d-167d-4031-bb7f-0a8160c932d8.jpg,c:\Users\IMG_PRO\Desktop\Image-Processing-Course-2025\Lab6_Hyperparameter-Tuning\data\denoised_lab6_top1\67eb650d-167d-4031-bb7f-0a8160c932d8.jpg
6820246d-6c7a-4f4c-a853-3bf15f0934f5.jpg,c:\Users\IMG_PRO\Desktop\Image-Processing-Course-2025\Lab6_Hyperparameter-Tuning\data\denoised_lab6_top1\6820246d-6c7a-4f4c-a853-3bf15f0934f5.jpg
6823453d-60c3-4852-8577-aaa69000f531.jpg,c:\Users\IMG_PRO\Desktop\Image-Processing-Course-2025\Lab6_Hyperparameter-Tuning\data\denoised_lab6_top1\6823453d-60c3-4852-8577-aaa69000f531.jpg
68a7cc9d-615e-487f-9fd7-0b03a133e22f.jpg,c:\Users\IMG_PRO\Desktop\Image-Processing-Course-2025\Lab6_Hyperparameter-Tuning\data\denoised_lab6_top1\68a7cc9d-615e-487f-9fd7-0b03a133e22f.jpg
68c02725-f7f6-4005-acec-32b5fd135da9.jpg,c:\Users\IMG_PRO\Desktop\Image-Processing-Course-2025\Lab6_Hyperparameter-Tuning\data\denoised_lab6_top1\68c02725-f7f6-4005-acec-32b5fd135da9.jpg
68d049d2-f061-41cf-9f45-426b73663fbf.jpg,c:\Users\IMG_PRO\Desktop\Image-Processing-Course-2025\Lab6_Hyperparameter-Tuning\data\denoised_lab6_top1\68d049d2-f061-41cf-9f45-426b73663fbf.jpg
6942ac57-8c89-41a4-98af-8ea2c159ac14.jpg,c:\Users\IMG_PRO\Desktop\Image-Processing-Course-2025\Lab6_Hyperparameter-Tuning\data\denoised_lab6_top1\6942ac57-8c89-41a4-98af-8ea2c159ac14.jpg
69777a33-2203-4958-af77-b6b230701dbf.jpg,c:\Users\IMG_PRO\Desktop\Image-Processing-Course-2025\Lab6_Hyperparameter-Tuning\data\denoised_lab6_top1\69777a33-2203-4958-af77-b6b230701dbf.jpg
69a004f4-eab1-41b3-b965-1af1577c77e6.jpg,c:\Users\IMG_PRO\Desktop\Image-Processing-Course-2025\Lab6_Hyperparameter-Tuning\data\denoised_lab6_top1\69a004f4-eab1-41b3-b965-1af1577c77e6.jpg
69b92bb6-5a6a-41a5-8cbf-1891980e4414.jpg,c:\Users\IMG_PRO\Desktop\Image-Processing-Course-2025\Lab6_Hyperparameter-Tuning\data\denoised_lab6_top1\69b92bb6-5a6a-41a5-8cbf-1891980e4414.jpg
69d1d0ad-8445-40f3-8c74-30d86ffdbb8d.jpg,c:\Users\IMG_PRO\Desktop\Image-Processing-Course-2025\Lab6_Hyperparameter-Tuning\data\denoised_lab6_top1\69d1d0ad-8445-40f3-8c74-30d86ffdbb8d.jpg
6a1f5d84-7801-421b-bfc8-4c28cf570d58.jpg,c:\Users\IMG_PRO\Desktop\Image-Processing-Course-2025\Lab6_Hyperparameter-Tuning\data\denoised_lab6_top1\6a1f5d84-7801-421b-bfc8-4c28cf570d58.jpg
6a4ebf0e-61b8-4aee-8140-383116bbae69.jpg,c:\Users\IMG_PRO\Desktop\Image-Processing-Course-2025\Lab6_Hyperparameter-Tuning\data\denoised_lab6_top1\6a4ebf0e-61b8-4aee-8140-383116bbae69.jpg
6a7d0bcf-a5fe-4739-a924-e0ea955f8e30.jpg,c:\Users\IMG_PRO\Desktop\Image-Processing-Course-2025\Lab6_Hyperparameter-Tuning\data\denoised_lab6_top1\6a7d0bcf-a5fe-4739-a924-e0ea955f8e30.jpg
6a9ab4c9-0999-499c-b029-b98459226b8e.jpg,c:\Users\IMG_PRO\Desktop\Image-Processing-Course-2025\Lab6_Hyperparameter-Tuning\data\denoised_lab6_top1\6a9ab4c9-0999-499c-b029-b98459226b8e.jpg
6aa38d58-d37d-4712-a739-fb5a02260fd2.jpg,c:\Users\IMG_PRO\Desktop\Image-Processing-Course-2025\Lab6_Hyperparameter-Tuning\data\denoised_lab6_top1\6aa38d58-d37d-4712-a739-fb5a02260fd2.jpg
6b002f95-2deb-4c76-bacb-aad6b302a282.jpg,c:\Users\IMG_PRO\Desktop\Image-Processing-Course-2025\Lab6_Hyperparameter-Tuning\data\denoised_lab6_top1\6b002f95-2deb-4c76-bacb-aad6b302a282.jpg
6b1c7a9e-4b19-487e-8731-43671e3b132b.jpg,c:\Users\IMG_PRO\Desktop\Image-Processing-Course-2025\Lab6_Hyperparameter-Tuning\data\denoised_lab6_top1\6b1c7a9e-4b19-487e-8731-43671e3b132b.jpg
6b1f75a5-2d8d-4594-9c68-fc9a230fa3d9.jpg,c:\Users\IMG_PRO\Desktop\Image-Processing-Course-2025\Lab6_Hyperparameter-Tuning\data\denoised_lab6_top1\6b1f75a5-2d8d-4594-9c68-fc9a230fa3d9.jpg
6b24fb50-d61a-4552-910f-523113a31833.jpg,c:\Users\IMG_PRO\Desktop\Image-Processing-Course-2025\Lab6_Hyperparameter-Tuning\data\denoised_lab6_top1\6b24fb50-d61a-4552-910f-523113a31833.jpg
6b7dcbd4-e450-4920-b89f-3b94472c372e.jpg,c:\Users\IMG_PRO\Desktop\Image-Processing-Course-2025\Lab6_Hyperparameter-Tuning\data\denoised_lab6_top1\6b7dcbd4-e450-4920-b89f-3b94472c372e.jpg
6b904e2d-689f-4f33-9c76-d8f4e84f0ce8.jpg,c:\Users\IMG_PRO\Desktop\Image-Processing-Course-2025\Lab6_Hyperparameter-Tuning\data\denoised_lab6_top1\6b904e2d-689f-4f33-9c76-d8f4e84f0ce8.jpg
6bacd068-8509-4092-9af6-1352ea58b95d.jpg,c:\Users\IMG_PRO\Desktop\Image-Processing-Course-2025\Lab6_Hyperparameter-Tuning\data\denoised_lab6_top1\6bacd068-8509-4092-9af6-1352ea58b95d.jpg
6bc29ddf-c588-42ce-b36c-06e94944a94a.jpg,c:\Users\IMG_PRO\Desktop\Image-Processing-Course-2025\Lab6_Hyperparameter-Tuning\data\denoised_lab6_top1\6bc29ddf-c588-42ce-b36c-06e94944a94a.jpg
6c001200-80bc-4a40-87b0-bc9a48278f1b.jpg,c:\Users\IMG_PRO\Desktop\Image-Processing-Course-2025\Lab6_Hyperparameter-Tuning\data\denoised_lab6_top1\6c001200-80bc-4a40-87b0-bc9a48278f1b.jpg
6c36be31-38a6-46b2-b2ff-d07b509e9ce7.jpg,c:\Users\IMG_PRO\Desktop\Image-Processing-Course-2025\Lab6_Hyperparameter-Tuning\data\denoised_lab6_top1\6c36be31-38a6-46b2-b2ff-d07b509e9ce7.jpg
6cb2cf92-69c9-4097-8990-154b0878cd48.jpg,c:\Users\IMG_PRO\Desktop\Image-Processing-Course-2025\Lab6_Hyperparameter-Tuning\data\denoised_lab6_top1\6cb2cf92-69c9-4097-8990-154b0878cd48.jpg
6cb4b783-6ae7-4ad1-8cfa-12c5fe01d32f.jpg,c:\Users\IMG_PRO\Desktop\Image-Processing-Course-2025\Lab6_Hyperparameter-Tuning\data\denoised_lab6_top1\6cb4b783-6ae7-4ad1-8cfa-12c5fe01d32f.jpg
6cc112f5-fe39-4652-b0f8-0cfe88a7fd28.jpg,c:\Users\IMG_PRO\Desktop\Image-Processing-Course-2025\Lab6_Hyperparameter-Tuning\data\denoised_lab6_top1\6cc112f5-fe39-4652-b0f8-0cfe88a7fd28.jpg
6ccef89a-d619-43d3-a9a6-886f7395c0f2.jpg,c:\Users\IMG_PRO\Desktop\Image-Processing-Course-2025\Lab6_Hyperparameter-Tuning\data\denoised_lab6_top1\6ccef89a-d619-43d3-a9a6-886f7395c0f2.jpg
6cdb6b33-cadb-432f-bd75-7cd7da7f8ddd.jpg,c:\Users\IMG_PRO\Desktop\Image-Processing-Course-2025\Lab6_Hyperparameter-Tuning\data\denoised_lab6_top1\6cdb6b33-cadb-432f-bd75-7cd7da7f8ddd.jpg
6cf29354-219e-434f-94e5-f5326e7206ec.jpg,c:\Users\IMG_PRO\Desktop\Image-Processing-Course-2025\Lab6_Hyperparameter-Tuning\data\denoised_lab6_top1\6cf29354-219e-434f-94e5-f5326e7206ec.jpg
6cf71b62-c42a-4f92-ac66-7d41be7b77ee.jpg,c:\Users\IMG_PRO\Desktop\Image-Processing-Course-2025\Lab6_Hyperparameter-Tuning\data\denoised_lab6_top1\6cf71b62-c42a-4f92-ac66-7d41be7b77ee.jpg
6cfc8150-4f58-4a5f-bc10-f2e289e35142.jpg,c:\Users\IMG_PRO\Desktop\Image-Processing-Course-2025\Lab6_Hyperparameter-Tuning\data\denoised_lab6_top1\6cfc8150-4f58-4a5f-bc10-f2e289e35142.jpg
6d3143b8-2fa1-4751-8290-6c5fa1ee57e6.jpg,c:\Users\IMG_PRO\Desktop\Image-Processing-Course-2025\Lab6_Hyperparameter-Tuning\data\denoised_lab6_top1\6d3143b8-2fa1-4751-8290-6c5fa1ee57e6.jpg
6d7c5a71-9cff-405b-b7c9-67966c7846d4.jpg,c:\Users\IMG_PRO\Desktop\Image-Processing-Course-2025\Lab6_Hyperparameter-Tuning\data\denoised_lab6_top1\6d7c5a71-9cff-405b-b7c9-67966c7846d4.jpg
6d92ea59-8193-413b-8d5e-c2aa592b0962.jpg,c:\Users\IMG_PRO\Desktop\Image-Processing-Course-2025\Lab6_Hyperparameter-Tuning\data\denoised_lab6_top1\6d92ea59-8193-413b-8d5e-c2aa592b0962.jpg
6db4011a-4bd2-4202-8818-6a7cced73e89.jpg,c:\Users\IMG_PRO\Desktop\Image-Processing-Course-2025\Lab6_Hyperparameter-Tuning\data\denoised_lab6_top1\6db4011a-4bd2-4202-8818-6a7cced73e89.jpg
6dbc5b39-c44d-462f-a02b-8c1562e8df47.jpg,c:\Users\IMG_PRO\Desktop\Image-Processing-Course-2025\Lab6_Hyperparameter-Tuning\data\denoised_lab6_top1\6dbc5b39-c44d-462f-a02b-8c1562e8df47.jpg
6dd20216-2011-47bd-99ec-5581950b1315.jpg,c:\Users\IMG_PRO\Desktop\Image-Processing-Course-2025\Lab6_Hyperparameter-Tuning\data\denoised_lab6_top1\6dd20216-2011-47bd-99ec-5581950b1315.jpg
6dd93f5e-746a-4a44-a7a3-8d59b06d5086.jpg,c:\Users\IMG_PRO\Desktop\Image-Processing-Course-2025\Lab6_Hyperparameter-Tuning\data\denoised_lab6_top1\6dd93f5e-746a-4a44-a7a3-8d59b06d5086.jpg
6de0b0c0-61be-4329-90e8-d281d02ce3d7.jpg,c:\Users\IMG_PRO\Desktop\Image-Processing-Course-2025\Lab6_Hyperparameter-Tuning\data\denoised_lab6_top1\6de0b0c0-61be-4329-90e8-d281d02ce3d7.jpg
6de8577b-d504-4f08-924f-7361c23c920f.jpg,c:\Users\IMG_PRO\Desktop\Image-Processing-Course-2025\Lab6_Hyperparameter-Tuning\data\denoised_lab6_top1\6de8577b-d504-4f08-924f-7361c23c920f.jpg
6ded4a5c-5163-4a37-9df8-d3135fab6d1d.jpg,c:\Users\IMG_PRO\Desktop\Image-Processing-Course-2025\Lab6_Hyperparameter-Tuning\data\denoised_lab6_top1\6ded4a5c-5163-4a37-9df8-d3135fab6d1d.jpg
6e0f186c-3e85-4017-8c8e-64df80938bbb.jpg,c:\Users\IMG_PRO\Desktop\Image-Processing-Course-2025\Lab6_Hyperparameter-Tuning\data\denoised_lab6_top1\6e0f186c-3e85-4017-8c8e-64df80938bbb.jpg
6e185d9f-b794-43d8-8a9f-885557e5fbec.jpg,c:\Users\IMG_PRO\Desktop\Image-Processing-Course-2025\Lab6_Hyperparameter-Tuning\data\denoised_lab6_top1\6e185d9f-b794-43d8-8a9f-885557e5fbec.jpg
6e3c7586-9b94-42e5-992d-06bf53fad4ce.jpg,c:\Users\IMG_PRO\Desktop\Image-Processing-Course-2025\Lab6_Hyperparameter-Tuning\data\denoised_lab6_top1\6e3c7586-9b94-42e5-992d-06bf53fad4ce.jpg
6e47decc-6ba3-4be0-a25c-55369834aaf7.jpg,c:\Users\IMG_PRO\Desktop\Image-Processing-Course-2025\Lab6_Hyperparameter-Tuning\data\denoised_lab6_top1\6e47decc-6ba3-4be0-a25c-55369834aaf7.jpg
6e4afd3d-f6f7-48a6-8618-ee9c3f9f642b.jpg,c:\Users\IMG_PRO\Desktop\Image-Processing-Course-2025\Lab6_Hyperparameter-Tuning\data\denoised_lab6_top1\6e4afd3d-f6f7-48a6-8618-ee9c3f9f642b.jpg
6e51cad3-dd4d-429e-af04-dc5dd931af77.jpg,c:\Users\IMG_PRO\Desktop\Image-Processing-Course-2025\Lab6_Hyperparameter-Tuning\data\denoised_lab6_top1\6e51cad3-dd4d-429e-af04-dc5dd931af77.jpg
6e638d56-b0f2-4978-8e93-85aef0e4d919.jpg,c:\Users\IMG_PRO\Desktop\Image-Processing-Course-2025\Lab6_Hyperparameter-Tuning\data\denoised_lab6_top1\6e638d56-b0f2-4978-8e93-85aef0e4d919.jpg
6e81fec6-6f48-40d7-839a-e075a99df5af.jpg,c:\Users\IMG_PRO\Desktop\Image-Processing-Course-2025\Lab6_Hyperparameter-Tuning\data\denoised_lab6_top1\6e81fec6-6f48-40d7-839a-e075a99df5af.jpg
6e9df21f-e3b8-48a1-a92c-0ccd3d4e5b00.jpg,c:\Users\IMG_PRO\Desktop\Image-Processing-Course-2025\Lab6_Hyperparameter-Tuning\data\denoised_lab6_top1\6e9df21f-e3b8-48a1-a92c-0ccd3d4e5b00.jpg
6f0931d2-8b2e-4208-90c8-5a28fd57418e.jpg,c:\Users\IMG_PRO\Desktop\Image-Processing-Course-2025\Lab6_Hyperparameter-Tuning\data\denoised_lab6_top1\6f0931d2-8b2e-4208-90c8-5a28fd57418e.jpg
6f7dcfe6-9616-48f8-96aa-9e3197f05f6d.jpg,c:\Users\IMG_PRO\Desktop\Image-Processing-Course-2025\Lab6_Hyperparameter-Tuning\data\denoised_lab6_top1\6f7dcfe6-9616-48f8-96aa-9e3197f05f6d.jpg
6f935255-6948-4860-b111-8af2ecce47cd.jpg,c:\Users\IMG_PRO\Desktop\Image-Processing-Course-2025\Lab6_Hyperparameter-Tuning\data\denoised_lab6_top1\6f935255-6948-4860-b111-8af2ecce47cd.jpg
6f950e40-e679-460a-a87c-57afa9c13a32.jpg,c:\Users\IMG_PRO\Desktop\Image-Processing-Course-2025\Lab6_Hyperparameter-Tuning\data\denoised_lab6_top1\6f950e40-e679-460a-a87c-57afa9c13a32.jpg
6fbf6cf3-c741-4d92-9d26-9b23f5dab815.jpg,c:\Users\IMG_PRO\Desktop\Image-Processing-Course-2025\Lab6_Hyperparameter-Tuning\data\denoised_lab6_top1\6fbf6cf3-c741-4d92-9d26-9b23f5dab815.jpg
70166758-5120-4990-b389-c8b5ab6afcdf.jpg,c:\Users\IMG_PRO\Desktop\Image-Processing-Course-2025\Lab6_Hyperparameter-Tuning\data\denoised_lab6_top1\70166758-5120-4990-b389-c8b5ab6afcdf.jpg
70462c90-f64b-4b46-b688-2bb0aa64dbdf.jpg,c:\Users\IMG_PRO\Desktop\Image-Processing-Course-2025\Lab6_Hyperparameter-Tuning\data\denoised_lab6_top1\70462c90-f64b-4b46-b688-2bb0aa64dbdf.jpg
7047ebfe-a5cc-40cd-9dd0-6f79f42419aa.jpg,c:\Users\IMG_PRO\Desktop\Image-Processing-Course-2025\Lab6_Hyperparameter-Tuning\data\denoised_lab6_top1\7047ebfe-a5cc-40cd-9dd0-6f79f42419aa.jpg
7054334f-8454-47cb-bd14-3a3839c6ac73.jpg,c:\Users\IMG_PRO\Desktop\Image-Processing-Course-2025\Lab6_Hyperparameter-Tuning\data\denoised_lab6_top1\7054334f-8454-47cb-bd14-3a3839c6ac73.jpg
70fc1683-e341-43a1-9dfd-706a5f7d2fc7.jpg,c:\Users\IMG_PRO\Desktop\Image-Processing-Course-2025\Lab6_Hyperparameter-Tuning\data\denoised_lab6_top1\70fc1683-e341-43a1-9dfd-706a5f7d2fc7.jpg
714a7a90-deda-403c-85d6-c6adf0f06e84.jpg,c:\Users\IMG_PRO\Desktop\Image-Processing-Course-2025\Lab6_Hyperparameter-Tuning\data\denoised_lab6_top1\714a7a90-deda-403c-85d6-c6adf0f06e84.jpg
7180957b-af63-4aeb-aa75-46f1067c1e17.jpg,c:\Users\IMG_PRO\Desktop\Image-Processing-Course-2025\Lab6_Hyperparameter-Tuning\data\denoised_lab6_top1\7180957b-af63-4aeb-aa75-46f1067c1e17.jpg
718a6a36-ddec-4c4f-9330-35198982c69c.jpg,c:\Users\IMG_PRO\Desktop\Image-Processing-Course-2025\Lab6_Hyperparameter-Tuning\data\denoised_lab6_top1\718a6a36-ddec-4c4f-9330-35198982c69c.jpg
71c773bc-127d-4378-afee-0e76f1e35bf1.jpg,c:\Users\IMG_PRO\Desktop\Image-Processing-Course-2025\Lab6_Hyperparameter-Tuning\data\denoised_lab6_top1\71c773bc-127d-4378-afee-0e76f1e35bf1.jpg
71d91860-d2c3-433e-a470-345c97d1158b.jpg,c:\Users\IMG_PRO\Desktop\Image-Processing-Course-2025\Lab6_Hyperparameter-Tuning\data\denoised_lab6_top1\71d91860-d2c3-433e-a470-345c97d1158b.jpg
71e44a8f-6efd-4bb7-a3b2-18d825e997a9.jpg,c:\Users\IMG_PRO\Desktop\Image-Processing-Course-2025\Lab6_Hyperparameter-Tuning\data\denoised_lab6_top1\71e44a8f-6efd-4bb7-a3b2-18d825e997a9.jpg
72687bde-53d6-45f3-97c4-ef66d07dfe63.jpg,c:\Users\IMG_PRO\Desktop\Image-Processing-Course-2025\Lab6_Hyperparameter-Tuning\data\denoised_lab6_top1\72687bde-53d6-45f3-97c4-ef66d07dfe63.jpg
72e6ed24-6c14-4794-8ef4-f6a5bdb6a07a.jpg,c:\Users\IMG_PRO\Desktop\Image-Processing-Course-2025\Lab6_Hyperparameter-Tuning\data\denoised_lab6_top1\72e6ed24-6c14-4794-8ef4-f6a5bdb6a07a.jpg
735aba11-5829-403c-8dfc-6e00e06aa43d.jpg,c:\Users\IMG_PRO\Desktop\Image-Processing-Course-2025\Lab6_Hyperparameter-Tuning\data\denoised_lab6_top1\735aba11-5829-403c-8dfc-6e00e06aa43d.jpg
73672b7b-7bbf-4bd3-b773-52e76a27cc94.jpg,c:\Users\IMG_PRO\Desktop\Image-Processing-Course-2025\Lab6_Hyperparameter-Tuning\data\denoised_lab6_top1\73672b7b-7bbf-4bd3-b773-52e76a27cc94.jpg
737ad435-35d3-4f74-aa1e-c905f462f1ba.jpg,c:\Users\IMG_PRO\Desktop\Image-Processing-Course-2025\Lab6_Hyperparameter-Tuning\data\denoised_lab6_top1\737ad435-35d3-4f74-aa1e-c905f462f1ba.jpg
73b7fb80-07ff-4fee-9ecb-17909a0f6f74.jpg,c:\Users\IMG_PRO\Desktop\Image-Processing-Course-2025\Lab6_Hyperparameter-Tuning\data\denoised_lab6_top1\73b7fb80-07ff-4fee-9ecb-17909a0f6f74.jpg
7430e5bb-f1fc-4e8b-83a7-2d5a84b801f1.jpg,c:\Users\IMG_PRO\Desktop\Image-Processing-Course-2025\Lab6_Hyperparameter-Tuning\data\denoised_lab6_top1\7430e5bb-f1fc-4e8b-83a7-2d5a84b801f1.jpg
74454e68-6c3d-4a99-8637-3503dcba161e.jpg,c:\Users\IMG_PRO\Desktop\Image-Processing-Course-2025\Lab6_Hyperparameter-Tuning\data\denoised_lab6_top1\74454e68-6c3d-4a99-8637-3503dcba161e.jpg
746b3d1a-864d-4e8c-8789-64d4c54abcd3.jpg,c:\Users\IMG_PRO\Desktop\Image-Processing-Course-2025\Lab6_Hyperparameter-Tuning\data\denoised_lab6_top1\746b3d1a-864d-4e8c-8789-64d4c54abcd3.jpg
746ba181-9051-426e-a424-7fc5c1e1e66a.jpg,c:\Users\IMG_PRO\Desktop\Image-Processing-Course-2025\Lab6_Hyperparameter-Tuning\data\denoised_lab6_top1\746ba181-9051-426e-a424-7fc5c1e1e66a.jpg
74b741bd-e522-441a-8dc8-b79637b6a54f.jpg,c:\Users\IMG_PRO\Desktop\Image-Processing-Course-2025\Lab6_Hyperparameter-Tuning\data\denoised_lab6_top1\74b741bd-e522-441a-8dc8-b79637b6a54f.jpg
753966b8-d581-46e8-8458-835bcdfb545e.jpg,c:\Users\IMG_PRO\Desktop\Image-Processing-Course-2025\Lab6_Hyperparameter-Tuning\data\denoised_lab6_top1\753966b8-d581-46e8-8458-835bcdfb545e.jpg
75732a30-9c46-41a3-ae05-c66f0f4fc136.jpg,c:\Users\IMG_PRO\Desktop\Image-Processing-Course-2025\Lab6_Hyperparameter-Tuning\data\denoised_lab6_top1\75732a30-9c46-41a3-ae05-c66f0f4fc136.jpg
75806d10-e1aa-4b71-982a-483e4ab15922.jpg,c:\Users\IMG_PRO\Desktop\Image-Processing-Course-2025\Lab6_Hyperparameter-Tuning\data\denoised_lab6_top1\75806d10-e1aa-4b71-982a-483e4ab15922.jpg
758c161d-6e56-4019-a9b2-3247eb60062c.jpg,c:\Users\IMG_PRO\Desktop\Image-Processing-Course-2025\Lab6_Hyperparameter-Tuning\data\denoised_lab6_top1\758c161d-6e56-4019-a9b2-3247eb60062c.jpg
75b67565-ccc9-4546-828e-7b1987c9346b.jpg,c:\Users\IMG_PRO\Desktop\Image-Processing-Course-2025\Lab6_Hyperparameter-Tuning\data\denoised_lab6_top1\75b67565-ccc9-4546-828e-7b1987c9346b.jpg
75c59358-eddc-46c4-86b0-71a7977cbe48.jpg,c:\Users\IMG_PRO\Desktop\Image-Processing-Course-2025\Lab6_Hyperparameter-Tuning\data\denoised_lab6_top1\75c59358-eddc-46c4-86b0-71a7977cbe48.jpg
75ec632a-c058-4ce5-b7c7-6c3cf5cf5d97.jpg,c:\Users\IMG_PRO\Desktop\Image-Processing-Course-2025\Lab6_Hyperparameter-Tuning\data\denoised_lab6_top1\75ec632a-c058-4ce5-b7c7-6c3cf5cf5d97.jpg
75f83979-3920-47b2-8e37-ab20ee0b2f23.jpg,c:\Users\IMG_PRO\Desktop\Image-Processing-Course-2025\Lab6_Hyperparameter-Tuning\data\denoised_lab6_top1\75f83979-3920-47b2-8e37-ab20ee0b2f23.jpg
75fea67a-9f0a-4efb-97a4-50deecfe00af.jpg,c:\Users\IMG_PRO\Desktop\Image-Processing-Course-2025\Lab6_Hyperparameter-Tuning\data\denoised_lab6_top1\75fea67a-9f0a-4efb-97a4-50deecfe00af.jpg
7652ff2e-45dc-4c71-ab46-815f05e0fb11.jpg,c:\Users\IMG_PRO\Desktop\Image-Processing-Course-2025\Lab6_Hyperparameter-Tuning\data\denoised_lab6_top1\7652ff2e-45dc-4c71-ab46-815f05e0fb11.jpg
7674c830-066f-47cb-9e22-1d10514459ff.jpg,c:\Users\IMG_PRO\Desktop\Image-Processing-Course-2025\Lab6_Hyperparameter-Tuning\data\denoised_lab6_top1\7674c830-066f-47cb-9e22-1d10514459ff.jpg
7685d492-e5a1-4592-9fff-094f5b7847e4.jpg,c:\Users\IMG_PRO\Desktop\Image-Processing-Course-2025\Lab6_Hyperparameter-Tuning\data\denoised_lab6_top1\7685d492-e5a1-4592-9fff-094f5b7847e4.jpg
769483ec-f379-4630-b7d4-0709d6f5fc30.jpg,c:\Users\IMG_PRO\Desktop\Image-Processing-Course-2025\Lab6_Hyperparameter-Tuning\data\denoised_lab6_top1\769483ec-f379-4630-b7d4-0709d6f5fc30.jpg
76ab9f3b-830d-45ae-92cc-2581234e8160.jpg,c:\Users\IMG_PRO\Desktop\Image-Processing-Course-2025\Lab6_Hyperparameter-Tuning\data\denoised_lab6_top1\76ab9f3b-830d-45ae-92cc-2581234e8160.jpg
76d999df-7742-4727-b4d1-a889d2670832.jpg,c:\Users\IMG_PRO\Desktop\Image-Processing-Course-2025\Lab6_Hyperparameter-Tuning\data\denoised_lab6_top1\76d999df-7742-4727-b4d1-a889d2670832.jpg
76f3b0c3-630a-4618-91c1-2c80ee543166.jpg,c:\Users\IMG_PRO\Desktop\Image-Processing-Course-2025\Lab6_Hyperparameter-Tuning\data\denoised_lab6_top1\76f3b0c3-630a-4618-91c1-2c80ee543166.jpg
76fae744-c118-4132-9343-94dbe9efa675.jpg,c:\Users\IMG_PRO\Desktop\Image-Processing-Course-2025\Lab6_Hyperparameter-Tuning\data\denoised_lab6_top1\76fae744-c118-4132-9343-94dbe9efa675.jpg
7705a7fe-8999-4491-9014-5395e16123b9.jpg,c:\Users\IMG_PRO\Desktop\Image-Processing-Course-2025\Lab6_Hyperparameter-Tuning\data\denoised_lab6_top1\7705a7fe-8999-4491-9014-5395e16123b9.jpg
775a4234-6a09-4680-bdc3-f1528e28d4de.jpg,c:\Users\IMG_PRO\Desktop\Image-Processing-Course-2025\Lab6_Hyperparameter-Tuning\data\denoised_lab6_top1\775a4234-6a09-4680-bdc3-f1528e28d4de.jpg
77810af0-4129-4ad6-ba52-fadad5b2dff8.jpg,c:\Users\IMG_PRO\Desktop\Image-Processing-Course-2025\Lab6_Hyperparameter-Tuning\data\denoised_lab6_top1\77810af0-4129-4ad6-ba52-fadad5b2dff8.jpg
7786efa6-bc7a-4b6b-8e30-4d51344da328.jpg,c:\Users\IMG_PRO\Desktop\Image-Processing-Course-2025\Lab6_Hyperparameter-Tuning\data\denoised_lab6_top1\7786efa6-bc7a-4b6b-8e30-4d51344da328.jpg
77ceb0e7-17c1-4d0d-96e1-3d565ad57722.jpg,c:\Users\IMG_PRO\Desktop\Image-Processing-Course-2025\Lab6_Hyperparameter-Tuning\data\denoised_lab6_top1\77ceb0e7-17c1-4d0d-96e1-3d565ad57722.jpg
77d438e3-d410-4038-b986-9320ad8a0b38.jpg,c:\Users\IMG_PRO\Desktop\Image-Processing-Course-2025\Lab6_Hyperparameter-Tuning\data\denoised_lab6_top1\77d438e3-d410-4038-b986-9320ad8a0b38.jpg
77edd6d4-5bc6-4f7f-a0f7-20487e5738d8.jpg,c:\Users\IMG_PRO\Desktop\Image-Processing-Course-2025\Lab6_Hyperparameter-Tuning\data\denoised_lab6_top1\77edd6d4-5bc6-4f7f-a0f7-20487e5738d8.jpg
77fb6a13-964a-4c91-960d-1a5200cad946.jpg,c:\Users\IMG_PRO\Desktop\Image-Processing-Course-2025\Lab6_Hyperparameter-Tuning\data\denoised_lab6_top1\77fb6a13-964a-4c91-960d-1a5200cad946.jpg
782fcf61-9731-4c49-9c5f-8277240d4e65.jpg,c:\Users\IMG_PRO\Desktop\Image-Processing-Course-2025\Lab6_Hyperparameter-Tuning\data\denoised_lab6_top1\782fcf61-9731-4c49-9c5f-8277240d4e65.jpg
7842afba-6d8f-47a5-bdba-bce5fe98792d.jpg,c:\Users\IMG_PRO\Desktop\Image-Processing-Course-2025\Lab6_Hyperparameter-Tuning\data\denoised_lab6_top1\7842afba-6d8f-47a5-bdba-bce5fe98792d.jpg
7856eb29-39c3-4e12-b022-9ec44894881f.jpg,c:\Users\IMG_PRO\Desktop\Image-Processing-Course-2025\Lab6_Hyperparameter-Tuning\data\denoised_lab6_top1\7856eb29-39c3-4e12-b022-9ec44894881f.jpg
788474ab-b753-4a57-ac0d-5854320c1e54.jpg,c:\Users\IMG_PRO\Desktop\Image-Processing-Course-2025\Lab6_Hyperparameter-Tuning\data\denoised_lab6_top1\788474ab-b753-4a57-ac0d-5854320c1e54.jpg
788f3cdc-ea48-4cf6-8592-9657c4dbc376.jpg,c:\Users\IMG_PRO\Desktop\Image-Processing-Course-2025\Lab6_Hyperparameter-Tuning\data\denoised_lab6_top1\788f3cdc-ea48-4cf6-8592-9657c4dbc376.jpg
78d01ec5-1e46-433a-9d2e-3651a4d482a0.jpg,c:\Users\IMG_PRO\Desktop\Image-Processing-Course-2025\Lab6_Hyperparameter-Tuning\data\denoised_lab6_top1\78d01ec5-1e46-433a-9d2e-3651a4d482a0.jpg
791165a7-f178-4fca-a224-e1a16c203ac4.jpg,c:\Users\IMG_PRO\Desktop\Image-Processing-Course-2025\Lab6_Hyperparameter-Tuning\data\denoised_lab6_top1\791165a7-f178-4fca-a224-e1a16c203ac4.jpg
793c2e6d-6641-424a-8797-bee8f5b5ca4a.jpg,c:\Users\IMG_PRO\Desktop\Image-Processing-Course-2025\Lab6_Hyperparameter-Tuning\data\denoised_lab6_top1\793c2e6d-6641-424a-8797-bee8f5b5ca4a.jpg
794e7296-82f0-4085-9e11-2f09b92992dc.jpg,c:\Users\IMG_PRO\Desktop\Image-Processing-Course-2025\Lab6_Hyperparameter-Tuning\data\denoised_lab6_top1\794e7296-82f0-4085-9e11-2f09b92992dc.jpg
7954de99-bc9d-4949-a899-9c534d4a2880.jpg,c:\Users\IMG_PRO\Desktop\Image-Processing-Course-2025\Lab6_Hyperparameter-Tuning\data\denoised_lab6_top1\7954de99-bc9d-4949-a899-9c534d4a2880.jpg
79ab2787-6685-405f-a614-679e2d0e46f4.jpg,c:\Users\IMG_PRO\Desktop\Image-Processing-Course-2025\Lab6_Hyperparameter-Tuning\data\denoised_lab6_top1\79ab2787-6685-405f-a614-679e2d0e46f4.jpg
79d7a803-4dd6-4c34-b010-d2d06ffef86f.jpg,c:\Users\IMG_PRO\Desktop\Image-Processing-Course-2025\Lab6_Hyperparameter-Tuning\data\denoised_lab6_top1\79d7a803-4dd6-4c34-b010-d2d06ffef86f.jpg
79f2e6ab-25ea-485f-9e7c-f9f703307a35.jpg,c:\Users\IMG_PRO\Desktop\Image-Processing-Course-2025\Lab6_Hyperparameter-Tuning\data\denoised_lab6_top1\79f2e6ab-25ea-485f-9e7c-f9f703307a35.jpg
79ff83ab-031c-403a-a3f9-581042bcc9e9.jpg,c:\Users\IMG_PRO\Desktop\Image-Processing-Course-2025\Lab6_Hyperparameter-Tuning\data\denoised_lab6_top1\79ff83ab-031c-403a-a3f9-581042bcc9e9.jpg
7a60b943-9220-40fe-bfcf-ac5ea4c2ea61.jpg,c:\Users\IMG_PRO\Desktop\Image-Processing-Course-2025\Lab6_Hyperparameter-Tuning\data\denoised_lab6_top1\7a60b943-9220-40fe-bfcf-ac5ea4c2ea61.jpg
7a861aa4-1f8c-401c-8f6e-cabfb8901492.jpg,c:\Users\IMG_PRO\Desktop\Image-Processing-Course-2025\Lab6_Hyperparameter-Tuning\data\denoised_lab6_top1\7a861aa4-1f8c-401c-8f6e-cabfb8901492.jpg
7a974de7-2bc8-40d2-b70a-49bcf483f79f.jpg,c:\Users\IMG_PRO\Desktop\Image-Processing-Course-2025\Lab6_Hyperparameter-Tuning\data\denoised_lab6_top1\7a974de7-2bc8-40d2-b70a-49bcf483f79f.jpg
7ac76dcc-bd7d-4c5e-a6fb-df7b6f00cdd3.jpg,c:\Users\IMG_PRO\Desktop\Image-Processing-Course-2025\Lab6_Hyperparameter-Tuning\data\denoised_lab6_top1\7ac76dcc-bd7d-4c5e-a6fb-df7b6f00cdd3.jpg
7b3b2dd9-fb8a-4c49-a997-57f12af68ac6.jpg,c:\Users\IMG_PRO\Desktop\Image-Processing-Course-2025\Lab6_Hyperparameter-Tuning\data\denoised_lab6_top1\7b3b2dd9-fb8a-4c49-a997-57f12af68ac6.jpg
7b555ca8-f0f0-447b-952c-6776e86ca977.jpg,c:\Users\IMG_PRO\Desktop\Image-Processing-Course-2025\Lab6_Hyperparameter-Tuning\data\denoised_lab6_top1\7b555ca8-f0f0-447b-952c-6776e86ca977.jpg
7b8a630f-48ad-4e37-85f3-9f348eb5be85.jpg,c:\Users\IMG_PRO\Desktop\Image-Processing-Course-2025\Lab6_Hyperparameter-Tuning\data\denoised_lab6_top1\7b8a630f-48ad-4e37-85f3-9f348eb5be85.jpg
7b96124a-5b21-4662-99ff-9ab85fd91ec0.jpg,c:\Users\IMG_PRO\Desktop\Image-Processing-Course-2025\Lab6_Hyperparameter-Tuning\data\denoised_lab6_top1\7b96124a-5b21-4662-99ff-9ab85fd91ec0.jpg
7ba7fa66-a1d2-4f42-94f2-3e34269e9f05.jpg,c:\Users\IMG_PRO\Desktop\Image-Processing-Course-2025\Lab6_Hyperparameter-Tuning\data\denoised_lab6_top1\7ba7fa66-a1d2-4f42-94f2-3e34269e9f05.jpg
7bb89d66-da57-4073-9160-5e9ea0ba18b2.jpg,c:\Users\IMG_PRO\Desktop\Image-Processing-Course-2025\Lab6_Hyperparameter-Tuning\data\denoised_lab6_top1\7bb89d66-da57-4073-9160-5e9ea0ba18b2.jpg
7bf51a23-7f84-491f-b916-6fa0c4fb8ac3.jpg,c:\Users\IMG_PRO\Desktop\Image-Processing-Course-2025\Lab6_Hyperparameter-Tuning\data\denoised_lab6_top1\7bf51a23-7f84-491f-b916-6fa0c4fb8ac3.jpg
7c19d825-2b96-4f61-ad6f-37608acbca76.jpg,c:\Users\IMG_PRO\Desktop\Image-Processing-Course-2025\Lab6_Hyperparameter-Tuning\data\denoised_lab6_top1\7c19d825-2b96-4f61-ad6f-37608acbca76.jpg
7c8b1590-c6c5-400b-8885-8232f4663af7.jpg,c:\Users\IMG_PRO\Desktop\Image-Processing-Course-2025\Lab6_Hyperparameter-Tuning\data\denoised_lab6_top1\7c8b1590-c6c5-400b-8885-8232f4663af7.jpg
7c8f3f4a-bd5c-4801-b87e-418c16ed78d3.jpg,c:\Users\IMG_PRO\Desktop\Image-Processing-Course-2025\Lab6_Hyperparameter-Tuning\data\denoised_lab6_top1\7c8f3f4a-bd5c-4801-b87e-418c16ed78d3.jpg
7cd096c9-7689-44d5-981d-f5568bc5c689.jpg,c:\Users\IMG_PRO\Desktop\Image-Processing-Course-2025\Lab6_Hyperparameter-Tuning\data\denoised_lab6_top1\7cd096c9-7689-44d5-981d-f5568bc5c689.jpg
7cd0acea-6137-4abb-9f04-8b17aa0dc007.jpg,c:\Users\IMG_PRO\Desktop\Image-Processing-Course-2025\Lab6_Hyperparameter-Tuning\data\denoised_lab6_top1\7cd0acea-6137-4abb-9f04-8b17aa0dc007.jpg
7d1ce132-5f48-45a1-8d65-8cc1ec8d86fa.jpg,c:\Users\IMG_PRO\Desktop\Image-Processing-Course-2025\Lab6_Hyperparameter-Tuning\data\denoised_lab6_top1\7d1ce132-5f48-45a1-8d65-8cc1ec8d86fa.jpg
7d23b398-d8d1-4320-b5a6-44f157358f5d.jpg,c:\Users\IMG_PRO\Desktop\Image-Processing-Course-2025\Lab6_Hyperparameter-Tuning\data\denoised_lab6_top1\7d23b398-d8d1-4320-b5a6-44f157358f5d.jpg
7d2a798f-ffaa-4dd7-b5a1-678f4d5a47ac.jpg,c:\Users\IMG_PRO\Desktop\Image-Processing-Course-2025\Lab6_Hyperparameter-Tuning\data\denoised_lab6_top1\7d2a798f-ffaa-4dd7-b5a1-678f4d5a47ac.jpg
7d2c9e01-d17b-4f3f-a052-646de0d4a130.jpg,c:\Users\IMG_PRO\Desktop\Image-Processing-Course-2025\Lab6_Hyperparameter-Tuning\data\denoised_lab6_top1\7d2c9e01-d17b-4f3f-a052-646de0d4a130.jpg
7d2e0fec-6220-4126-8816-0541cc60e458.jpg,c:\Users\IMG_PRO\Desktop\Image-Processing-Course-2025\Lab6_Hyperparameter-Tuning\data\denoised_lab6_top1\7d2e0fec-6220-4126-8816-0541cc60e458.jpg
7d806123-4976-411c-9896-14b7dd2c8dab.jpg,c:\Users\IMG_PRO\Desktop\Image-Processing-Course-2025\Lab6_Hyperparameter-Tuning\data\denoised_lab6_top1\7d806123-4976-411c-9896-14b7dd2c8dab.jpg
7dc2785c-f81c-4ca5-bf94-99bf829e4cad.jpg,c:\Users\IMG_PRO\Desktop\Image-Processing-Course-2025\Lab6_Hyperparameter-Tuning\data\denoised_lab6_top1\7dc2785c-f81c-4ca5-bf94-99bf829e4cad.jpg
7de6bd32-e098-4329-8f47-8bf418842d20.jpg,c:\Users\IMG_PRO\Desktop\Image-Processing-Course-2025\Lab6_Hyperparameter-Tuning\data\denoised_lab6_top1\7de6bd32-e098-4329-8f47-8bf418842d20.jpg
7dfe3b13-0ebf-4b23-80c4-570b6b2fe753.jpg,c:\Users\IMG_PRO\Desktop\Image-Processing-Course-2025\Lab6_Hyperparameter-Tuning\data\denoised_lab6_top1\7dfe3b13-0ebf-4b23-80c4-570b6b2fe753.jpg
7ecc2956-1482-4268-a517-7b79c64d5be5.jpg,c:\Users\IMG_PRO\Desktop\Image-Processing-Course-2025\Lab6_Hyperparameter-Tuning\data\denoised_lab6_top1\7ecc2956-1482-4268-a517-7b79c64d5be5.jpg
7f4598e2-444c-43c5-8a94-609a0709c1bc.jpg,c:\Users\IMG_PRO\Desktop\Image-Processing-Course-2025\Lab6_Hyperparameter-Tuning\data\denoised_lab6_top1\7f4598e2-444c-43c5-8a94-609a0709c1bc.jpg
7f4c4326-b6af-4132-8415-229f270be9fc.jpg,c:\Users\IMG_PRO\Desktop\Image-Processing-Course-2025\Lab6_Hyperparameter-Tuning\data\denoised_lab6_top1\7f4c4326-b6af-4132-8415-229f270be9fc.jpg
7f5908a6-65a7-43a9-860a-e0ad0cfe0c4e.jpg,c:\Users\IMG_PRO\Desktop\Image-Processing-Course-2025\Lab6_Hyperparameter-Tuning\data\denoised_lab6_top1\7f5908a6-65a7-43a9-860a-e0ad0cfe0c4e.jpg
7f61c849-6901-4dd0-8640-68976dc98a5c.jpg,c:\Users\IMG_PRO\Desktop\Image-Processing-Course-2025\Lab6_Hyperparameter-Tuning\data\denoised_lab6_top1\7f61c849-6901-4dd0-8640-68976dc98a5c.jpg
7f65a8b2-fe14-48dd-b22f-1796fa269dad.jpg,c:\Users\IMG_PRO\Desktop\Image-Processing-Course-2025\Lab6_Hyperparameter-Tuning\data\denoised_lab6_top1\7f65a8b2-fe14-48dd-b22f-1796fa269dad.jpg
7f9b4829-29a8-46ca-96ef-690c4d6280a3.jpg,c:\Users\IMG_PRO\Desktop\Image-Processing-Course-2025\Lab6_Hyperparameter-Tuning\data\denoised_lab6_top1\7f9b4829-29a8-46ca-96ef-690c4d6280a3.jpg
7fa8f376-3f65-4fd6-9afb-82d4bcf046d0.jpg,c:\Users\IMG_PRO\Desktop\Image-Processing-Course-2025\Lab6_Hyperparameter-Tuning\data\denoised_lab6_top1\7fa8f376-3f65-4fd6-9afb-82d4bcf046d0.jpg
7fc9ced2-a31e-4838-a79b-e6ec371f7cef.jpg,c:\Users\IMG_PRO\Desktop\Image-Processing-Course-2025\Lab6_Hyperparameter-Tuning\data\denoised_lab6_top1\7fc9ced2-a31e-4838-a79b-e6ec371f7cef.jpg
804505e4-9533-4aaa-91e0-08eb4168817e.jpg,c:\Users\IMG_PRO\Desktop\Image-Processing-Course-2025\Lab6_Hyperparameter-Tuning\data\denoised_lab6_top1\804505e4-9533-4aaa-91e0-08eb4168817e.jpg
809159f9-c5bf-4ade-875b-82922de311ee.jpg,c:\Users\IMG_PRO\Desktop\Image-Processing-Course-2025\Lab6_Hyperparameter-Tuning\data\denoised_lab6_top1\809159f9-c5bf-4ade-875b-82922de311ee.jpg
809bedba-3cae-4af9-b500-fbbcc0fd6b55.jpg,c:\Users\IMG_PRO\Desktop\Image-Processing-Course-2025\Lab6_Hyperparameter-Tuning\data\denoised_lab6_top1\809bedba-3cae-4af9-b500-fbbcc0fd6b55.jpg
80b1042c-66c5-4eea-bca1-376dcfe3f766.jpg,c:\Users\IMG_PRO\Desktop\Image-Processing-Course-2025\Lab6_Hyperparameter-Tuning\data\denoised_lab6_top1\80b1042c-66c5-4eea-bca1-376dcfe3f766.jpg
80b9c85e-8763-4414-8793-a9bd4d5a9ddc.jpg,c:\Users\IMG_PRO\Desktop\Image-Processing-Course-2025\Lab6_Hyperparameter-Tuning\data\denoised_lab6_top1\80b9c85e-8763-4414-8793-a9bd4d5a9ddc.jpg
80e8deba-7bbf-431b-8e34-50b05999cd91.jpg,c:\Users\IMG_PRO\Desktop\Image-Processing-Course-2025\Lab6_Hyperparameter-Tuning\data\denoised_lab6_top1\80e8deba-7bbf-431b-8e34-50b05999cd91.jpg
80eebd9c-34ff-4ced-8403-0166fabb5a67.jpg,c:\Users\IMG_PRO\Desktop\Image-Processing-Course-2025\Lab6_Hyperparameter-Tuning\data\denoised_lab6_top1\80eebd9c-34ff-4ced-8403-0166fabb5a67.jpg
8116570a-402b-4fc7-85b8-a7c58e0f558d.jpg,c:\Users\IMG_PRO\Desktop\Image-Processing-Course-2025\Lab6_Hyperparameter-Tuning\data\denoised_lab6_top1\8116570a-402b-4fc7-85b8-a7c58e0f558d.jpg
8122089b-30e4-4ec0-bd52-50141f281d12.jpg,c:\Users\IMG_PRO\Desktop\Image-Processing-Course-2025\Lab6_Hyperparameter-Tuning\data\denoised_lab6_top1\8122089b-30e4-4ec0-bd52-50141f281d12.jpg
816bd4a0-acce-416c-a56f-7c40ce58af15.jpg,c:\Users\IMG_PRO\Desktop\Image-Processing-Course-2025\Lab6_Hyperparameter-Tuning\data\denoised_lab6_top1\816bd4a0-acce-416c-a56f-7c40ce58af15.jpg
8176ae1b-adc2-4a27-bd2a-b71b427ef7a8.jpg,c:\Users\IMG_PRO\Desktop\Image-Processing-Course-2025\Lab6_Hyperparameter-Tuning\data\denoised_lab6_top1\8176ae1b-adc2-4a27-bd2a-b71b427ef7a8.jpg
817daea2-e748-4c65-b375-d38f27f64117.jpg,c:\Users\IMG_PRO\Desktop\Image-Processing-Course-2025\Lab6_Hyperparameter-Tuning\data\denoised_lab6_top1\817daea2-e748-4c65-b375-d38f27f64117.jpg
81a24f64-d6dd-474b-aea7-03731adc947d.jpg,c:\Users\IMG_PRO\Desktop\Image-Processing-Course-2025\Lab6_Hyperparameter-Tuning\data\denoised_lab6_top1\81a24f64-d6dd-474b-aea7-03731adc947d.jpg
81c555b1-55ec-41e1-98d9-1b3039330d75.jpg,c:\Users\IMG_PRO\Desktop\Image-Processing-Course-2025\Lab6_Hyperparameter-Tuning\data\denoised_lab6_top1\81c555b1-55ec-41e1-98d9-1b3039330d75.jpg
81cb71fa-6dd9-483b-8f0d-579bbd8e7a96.jpg,c:\Users\IMG_PRO\Desktop\Image-Processing-Course-2025\Lab6_Hyperparameter-Tuning\data\denoised_lab6_top1\81cb71fa-6dd9-483b-8f0d-579bbd8e7a96.jpg
81cdac5e-bec1-464c-b2c4-22116d3ee712.jpg,c:\Users\IMG_PRO\Desktop\Image-Processing-Course-2025\Lab6_Hyperparameter-Tuning\data\denoised_lab6_top1\81cdac5e-bec1-464c-b2c4-22116d3ee712.jpg
81e2013d-1ba8-4fdd-97bd-be8eb4df31d2.jpg,c:\Users\IMG_PRO\Desktop\Image-Processing-Course-2025\Lab6_Hyperparameter-Tuning\data\denoised_lab6_top1\81e2013d-1ba8-4fdd-97bd-be8eb4df31d2.jpg
8206cc38-16f9-4016-9d89-296859fdb99d.jpg,c:\Users\IMG_PRO\Desktop\Image-Processing-Course-2025\Lab6_Hyperparameter-Tuning\data\denoised_lab6_top1\8206cc38-16f9-4016-9d89-296859fdb99d.jpg
8226e6ec-bbdb-495a-9921-169a638f6120.jpg,c:\Users\IMG_PRO\Desktop\Image-Processing-Course-2025\Lab6_Hyperparameter-Tuning\data\denoised_lab6_top1\8226e6ec-bbdb-495a-9921-169a638f6120.jpg
8262d5f9-1a88-40f3-8fa5-cec47792f6d6.jpg,c:\Users\IMG_PRO\Desktop\Image-Processing-Course-2025\Lab6_Hyperparameter-Tuning\data\denoised_lab6_top1\8262d5f9-1a88-40f3-8fa5-cec47792f6d6.jpg
8274a61c-7cb6-490a-96ca-da4d47264278.jpg,c:\Users\IMG_PRO\Desktop\Image-Processing-Course-2025\Lab6_Hyperparameter-Tuning\data\denoised_lab6_top1\8274a61c-7cb6-490a-96ca-da4d47264278.jpg
82793ad1-307a-425e-86ab-717a57daa75e.jpg,c:\Users\IMG_PRO\Desktop\Image-Processing-Course-2025\Lab6_Hyperparameter-Tuning\data\denoised_lab6_top1\82793ad1-307a-425e-86ab-717a57daa75e.jpg
827f4401-8537-417c-90db-6beaa3858d90.jpg,c:\Users\IMG_PRO\Desktop\Image-Processing-Course-2025\Lab6_Hyperparameter-Tuning\data\denoised_lab6_top1\827f4401-8537-417c-90db-6beaa3858d90.jpg
8282231f-bbc8-496d-ac8b-538a637b185f.jpg,c:\Users\IMG_PRO\Desktop\Image-Processing-Course-2025\Lab6_Hyperparameter-Tuning\data\denoised_lab6_top1\8282231f-bbc8-496d-ac8b-538a637b185f.jpg
828761f2-2ae2-4326-b2c2-199fa3e0209a.jpg,c:\Users\IMG_PRO\Desktop\Image-Processing-Course-2025\Lab6_Hyperparameter-Tuning\data\denoised_lab6_top1\828761f2-2ae2-4326-b2c2-199fa3e0209a.jpg
8294b8fc-93a2-4264-b1e7-903c6a8037b3.jpg,c:\Users\IMG_PRO\Desktop\Image-Processing-Course-2025\Lab6_Hyperparameter-Tuning\data\denoised_lab6_top1\8294b8fc-93a2-4264-b1e7-903c6a8037b3.jpg
829d1fee-4964-4f3f-8e1c-0e02a1a85978.jpg,c:\Users\IMG_PRO\Desktop\Image-Processing-Course-2025\Lab6_Hyperparameter-Tuning\data\denoised_lab6_top1\829d1fee-4964-4f3f-8e1c-0e02a1a85978.jpg
82b1700a-51a3-4e18-a515-8deea1644871.jpg,c:\Users\IMG_PRO\Desktop\Image-Processing-Course-2025\Lab6_Hyperparameter-Tuning\data\denoised_lab6_top1\82b1700a-51a3-4e18-a515-8deea1644871.jpg
830de63f-2c52-4f28-92db-8c6badf9d192.jpg,c:\Users\IMG_PRO\Desktop\Image-Processing-Course-2025\Lab6_Hyperparameter-Tuning\data\denoised_lab6_top1\830de63f-2c52-4f28-92db-8c6badf9d192.jpg
835406c0-df92-4af3-b8e0-63f7ba094799.jpg,c:\Users\IMG_PRO\Desktop\Image-Processing-Course-2025\Lab6_Hyperparameter-Tuning\data\denoised_lab6_top1\835406c0-df92-4af3-b8e0-63f7ba094799.jpg
83c3e056-2ee6-4eba-ba38-841a78530995.jpg,c:\Users\IMG_PRO\Desktop\Image-Processing-Course-2025\Lab6_Hyperparameter-Tuning\data\denoised_lab6_top1\83c3e056-2ee6-4eba-ba38-841a78530995.jpg
83cfcc61-23c7-4c37-9eb4-1f0ecafd8d89.jpg,c:\Users\IMG_PRO\Desktop\Image-Processing-Course-2025\Lab6_Hyperparameter-Tuning\data\denoised_lab6_top1\83cfcc61-23c7-4c37-9eb4-1f0ecafd8d89.jpg
83e43c68-1267-4e7e-a32e-feb67f7ccce6.jpg,c:\Users\IMG_PRO\Desktop\Image-Processing-Course-2025\Lab6_Hyperparameter-Tuning\data\denoised_lab6_top1\83e43c68-1267-4e7e-a32e-feb67f7ccce6.jpg
840bc6a8-6543-4dc8-8aa2-9a12b0b32ff9.jpg,c:\Users\IMG_PRO\Desktop\Image-Processing-Course-2025\Lab6_Hyperparameter-Tuning\data\denoised_lab6_top1\840bc6a8-6543-4dc8-8aa2-9a12b0b32ff9.jpg
8429a2f7-2534-4629-ace7-facbac5bcc25.jpg,c:\Users\IMG_PRO\Desktop\Image-Processing-Course-2025\Lab6_Hyperparameter-Tuning\data\denoised_lab6_top1\8429a2f7-2534-4629-ace7-facbac5bcc25.jpg
8445d9db-ceea-4d02-a72c-8d83f3c2121d.jpg,c:\Users\IMG_PRO\Desktop\Image-Processing-Course-2025\Lab6_Hyperparameter-Tuning\data\denoised_lab6_top1\8445d9db-ceea-4d02-a72c-8d83f3c2121d.jpg
84dcc287-2ec5-4590-9a3c-b51bf2bf09d4.jpg,c:\Users\IMG_PRO\Desktop\Image-Processing-Course-2025\Lab6_Hyperparameter-Tuning\data\denoised_lab6_top1\84dcc287-2ec5-4590-9a3c-b51bf2bf09d4.jpg
84ee3e11-b237-4af3-8c82-fe47238c9785.jpg,c:\Users\IMG_PRO\Desktop\Image-Processing-Course-2025\Lab6_Hyperparameter-Tuning\data\denoised_lab6_top1\84ee3e11-b237-4af3-8c82-fe47238c9785.jpg
85094e81-2875-4b85-8c45-f21171141880.jpg,c:\Users\IMG_PRO\Desktop\Image-Processing-Course-2025\Lab6_Hyperparameter-Tuning\data\denoised_lab6_top1\85094e81-2875-4b85-8c45-f21171141880.jpg
8544c81c-0de2-43c5-9672-2dc17074eb2e.jpg,c:\Users\IMG_PRO\Desktop\Image-Processing-Course-2025\Lab6_Hyperparameter-Tuning\data\denoised_lab6_top1\8544c81c-0de2-43c5-9672-2dc17074eb2e.jpg
85620a95-61f8-4732-8961-6db1a13c5490.jpg,c:\Users\IMG_PRO\Desktop\Image-Processing-Course-2025\Lab6_Hyperparameter-Tuning\data\denoised_lab6_top1\85620a95-61f8-4732-8961-6db1a13c5490.jpg
85ad91c5-dd7e-47e1-a7a7-997e6c406446.jpg,c:\Users\IMG_PRO\Desktop\Image-Processing-Course-2025\Lab6_Hyperparameter-Tuning\data\denoised_lab6_top1\85ad91c5-dd7e-47e1-a7a7-997e6c406446.jpg
85b74fc6-6fc2-4731-a181-3c4d46dd3551.jpg,c:\Users\IMG_PRO\Desktop\Image-Processing-Course-2025\Lab6_Hyperparameter-Tuning\data\denoised_lab6_top1\85b74fc6-6fc2-4731-a181-3c4d46dd3551.jpg
85d7942f-d245-4f56-b4c5-35ec55a3e952.jpg,c:\Users\IMG_PRO\Desktop\Image-Processing-Course-2025\Lab6_Hyperparameter-Tuning\data\denoised_lab6_top1\85d7942f-d245-4f56-b4c5-35ec55a3e952.jpg
860a3e10-1835-4b3f-9fab-d89916a54f1d.jpg,c:\Users\IMG_PRO\Desktop\Image-Processing-Course-2025\Lab6_Hyperparameter-Tuning\data\denoised_lab6_top1\860a3e10-1835-4b3f-9fab-d89916a54f1d.jpg
86489a17-9fbf-4b1e-9419-93404700ba76.jpg,c:\Users\IMG_PRO\Desktop\Image-Processing-Course-2025\Lab6_Hyperparameter-Tuning\data\denoised_lab6_top1\86489a17-9fbf-4b1e-9419-93404700ba76.jpg
86a62f80-11e6-4db0-8e94-892670ae57d1.jpg,c:\Users\IMG_PRO\Desktop\Image-Processing-Course-2025\Lab6_Hyperparameter-Tuning\data\denoised_lab6_top1\86a62f80-11e6-4db0-8e94-892670ae57d1.jpg
86aad3c9-3ec1-4ebc-a176-a0f75508cc76.jpg,c:\Users\IMG_PRO\Desktop\Image-Processing-Course-2025\Lab6_Hyperparameter-Tuning\data\denoised_lab6_top1\86aad3c9-3ec1-4ebc-a176-a0f75508cc76.jpg
86ad4f7a-34c5-47e3-9aa4-88f4d0ea0915.jpg,c:\Users\IMG_PRO\Desktop\Image-Processing-Course-2025\Lab6_Hyperparameter-Tuning\data\denoised_lab6_top1\86ad4f7a-34c5-47e3-9aa4-88f4d0ea0915.jpg
87014624-b4ca-45e9-9720-7c0b262afe61.jpg,c:\Users\IMG_PRO\Desktop\Image-Processing-Course-2025\Lab6_Hyperparameter-Tuning\data\denoised_lab6_top1\87014624-b4ca-45e9-9720-7c0b262afe61.jpg
8705215f-1a78-4b89-b1d8-0bd0ff98e72d.jpg,c:\Users\IMG_PRO\Desktop\Image-Processing-Course-2025\Lab6_Hyperparameter-Tuning\data\denoised_lab6_top1\8705215f-1a78-4b89-b1d8-0bd0ff98e72d.jpg
873b912f-dc8b-49db-8b75-614ee6418c12.jpg,c:\Users\IMG_PRO\Desktop\Image-Processing-Course-2025\Lab6_Hyperparameter-Tuning\data\denoised_lab6_top1\873b912f-dc8b-49db-8b75-614ee6418c12.jpg
875777b1-086d-4844-9feb-9af61dfe7c51.jpg,c:\Users\IMG_PRO\Desktop\Image-Processing-Course-2025\Lab6_Hyperparameter-Tuning\data\denoised_lab6_top1\875777b1-086d-4844-9feb-9af61dfe7c51.jpg
876b117f-f90f-4cb5-8175-784729f451ff.jpg,c:\Users\IMG_PRO\Desktop\Image-Processing-Course-2025\Lab6_Hyperparameter-Tuning\data\denoised_lab6_top1\876b117f-f90f-4cb5-8175-784729f451ff.jpg
87aab651-aff8-4027-ada8-9ec897f989ed.jpg,c:\Users\IMG_PRO\Desktop\Image-Processing-Course-2025\Lab6_Hyperparameter-Tuning\data\denoised_lab6_top1\87aab651-aff8-4027-ada8-9ec897f989ed.jpg
87b246eb-5abf-4adb-990a-1051d73ecca6.jpg,c:\Users\IMG_PRO\Desktop\Image-Processing-Course-2025\Lab6_Hyperparameter-Tuning\data\denoised_lab6_top1\87b246eb-5abf-4adb-990a-1051d73ecca6.jpg
87b3fd6d-7b52-46d3-b0c0-67029e66eee2.jpg,c:\Users\IMG_PRO\Desktop\Image-Processing-Course-2025\Lab6_Hyperparameter-Tuning\data\denoised_lab6_top1\87b3fd6d-7b52-46d3-b0c0-67029e66eee2.jpg
87d4dc36-3545-4b1e-b7d3-2a72d1675cb5.jpg,c:\Users\IMG_PRO\Desktop\Image-Processing-Course-2025\Lab6_Hyperparameter-Tuning\data\denoised_lab6_top1\87d4dc36-3545-4b1e-b7d3-2a72d1675cb5.jpg
87d6400a-726f-4ef6-bbc0-a18fdc130e1a.jpg,c:\Users\IMG_PRO\Desktop\Image-Processing-Course-2025\Lab6_Hyperparameter-Tuning\data\denoised_lab6_top1\87d6400a-726f-4ef6-bbc0-a18fdc130e1a.jpg
87e8523d-df80-4ab9-a534-561b99b6555f.jpg,c:\Users\IMG_PRO\Desktop\Image-Processing-Course-2025\Lab6_Hyperparameter-Tuning\data\denoised_lab6_top1\87e8523d-df80-4ab9-a534-561b99b6555f.jpg
87efd1b8-46e9-4653-ac7d-71006882e3b9.jpg,c:\Users\IMG_PRO\Desktop\Image-Processing-Course-2025\Lab6_Hyperparameter-Tuning\data\denoised_lab6_top1\87efd1b8-46e9-4653-ac7d-71006882e3b9.jpg
8802c984-1f57-41cd-9440-c451f7384672.jpg,c:\Users\IMG_PRO\Desktop\Image-Processing-Course-2025\Lab6_Hyperparameter-Tuning\data\denoised_lab6_top1\8802c984-1f57-41cd-9440-c451f7384672.jpg
886094a2-3b91-4649-9461-eac1992f71d4.jpg,c:\Users\IMG_PRO\Desktop\Image-Processing-Course-2025\Lab6_Hyperparameter-Tuning\data\denoised_lab6_top1\886094a2-3b91-4649-9461-eac1992f71d4.jpg
88664174-163d-4a82-9e40-e84eea6f94ba.jpg,c:\Users\IMG_PRO\Desktop\Image-Processing-Course-2025\Lab6_Hyperparameter-Tuning\data\denoised_lab6_top1\88664174-163d-4a82-9e40-e84eea6f94ba.jpg
887f1713-6f26-4e59-898b-5a12b4f7dff8.jpg,c:\Users\IMG_PRO\Desktop\Image-Processing-Course-2025\Lab6_Hyperparameter-Tuning\data\denoised_lab6_top1\887f1713-6f26-4e59-898b-5a12b4f7dff8.jpg
888711f3-ac42-4e65-84d9-fe735a0ca918.jpg,c:\Users\IMG_PRO\Desktop\Image-Processing-Course-2025\Lab6_Hyperparameter-Tuning\data\denoised_lab6_top1\888711f3-ac42-4e65-84d9-fe735a0ca918.jpg
88911f93-69eb-453b-a66c-7b2cee6273d1.jpg,c:\Users\IMG_PRO\Desktop\Image-Processing-Course-2025\Lab6_Hyperparameter-Tuning\data\denoised_lab6_top1\88911f93-69eb-453b-a66c-7b2cee6273d1.jpg
88bf45a6-8dae-4414-b72b-747bd138c63e.jpg,c:\Users\IMG_PRO\Desktop\Image-Processing-Course-2025\Lab6_Hyperparameter-Tuning\data\denoised_lab6_top1\88bf45a6-8dae-4414-b72b-747bd138c63e.jpg
88d2ffe3-cf5f-4731-ae35-5d48206604d2.jpg,c:\Users\IMG_PRO\Desktop\Image-Processing-Course-2025\Lab6_Hyperparameter-Tuning\data\denoised_lab6_top1\88d2ffe3-cf5f-4731-ae35-5d48206604d2.jpg
88d4573c-1a27-4a12-8030-844d661005e1.jpg,c:\Users\IMG_PRO\Desktop\Image-Processing-Course-2025\Lab6_Hyperparameter-Tuning\data\denoised_lab6_top1\88d4573c-1a27-4a12-8030-844d661005e1.jpg
88dfebad-a41e-49d4-b21e-4e59c6cc20bb.jpg,c:\Users\IMG_PRO\Desktop\Image-Processing-Course-2025\Lab6_Hyperparameter-Tuning\data\denoised_lab6_top1\88dfebad-a41e-49d4-b21e-4e59c6cc20bb.jpg
88e026e0-5677-4e92-b2c5-2c91898a2fd7.jpg,c:\Users\IMG_PRO\Desktop\Image-Processing-Course-2025\Lab6_Hyperparameter-Tuning\data\denoised_lab6_top1\88e026e0-5677-4e92-b2c5-2c91898a2fd7.jpg
8929099e-a6ab-40ef-968f-794d33b5b921.jpg,c:\Users\IMG_PRO\Desktop\Image-Processing-Course-2025\Lab6_Hyperparameter-Tuning\data\denoised_lab6_top1\8929099e-a6ab-40ef-968f-794d33b5b921.jpg
8949a8e0-a05b-4d0e-91ab-c574efb9dcc7.jpg,c:\Users\IMG_PRO\Desktop\Image-Processing-Course-2025\Lab6_Hyperparameter-Tuning\data\denoised_lab6_top1\8949a8e0-a05b-4d0e-91ab-c574efb9dcc7.jpg
897ebf51-0d80-41fb-a632-bff443922e28.jpg,c:\Users\IMG_PRO\Desktop\Image-Processing-Course-2025\Lab6_Hyperparameter-Tuning\data\denoised_lab6_top1\897ebf51-0d80-41fb-a632-bff443922e28.jpg
89e0e191-dda5-4981-86df-485e98169090.jpg,c:\Users\IMG_PRO\Desktop\Image-Processing-Course-2025\Lab6_Hyperparameter-Tuning\data\denoised_lab6_top1\89e0e191-dda5-4981-86df-485e98169090.jpg
89e6bb8d-8866-4f4e-87f8-9a1311fdbbf3.jpg,c:\Users\IMG_PRO\Desktop\Image-Processing-Course-2025\Lab6_Hyperparameter-Tuning\data\denoised_lab6_top1\89e6bb8d-8866-4f4e-87f8-9a1311fdbbf3.jpg
8a0d6788-c18c-45ee-b66f-22885fa939fb.jpg,c:\Users\IMG_PRO\Desktop\Image-Processing-Course-2025\Lab6_Hyperparameter-Tuning\data\denoised_lab6_top1\8a0d6788-c18c-45ee-b66f-22885fa939fb.jpg
8a3bc6e6-70ce-4871-97a1-c192f0d2aee0.jpg,c:\Users\IMG_PRO\Desktop\Image-Processing-Course-2025\Lab6_Hyperparameter-Tuning\data\denoised_lab6_top1\8a3bc6e6-70ce-4871-97a1-c192f0d2aee0.jpg
8a415d05-807c-42ef-9176-adfb1a032a5d.jpg,c:\Users\IMG_PRO\Desktop\Image-Processing-Course-2025\Lab6_Hyperparameter-Tuning\data\denoised_lab6_top1\8a415d05-807c-42ef-9176-adfb1a032a5d.jpg
8a42c323-4f2a-476c-b589-56ba97b15e3c.jpg,c:\Users\IMG_PRO\Desktop\Image-Processing-Course-2025\Lab6_Hyperparameter-Tuning\data\denoised_lab6_top1\8a42c323-4f2a-476c-b589-56ba97b15e3c.jpg
8a6579db-26bf-4fcf-8c3f-9c4fa06983be.jpg,c:\Users\IMG_PRO\Desktop\Image-Processing-Course-2025\Lab6_Hyperparameter-Tuning\data\denoised_lab6_top1\8a6579db-26bf-4fcf-8c3f-9c4fa06983be.jpg
8abf9094-18fe-4b9c-a0a8-99f06cb1a5d4.jpg,c:\Users\IMG_PRO\Desktop\Image-Processing-Course-2025\Lab6_Hyperparameter-Tuning\data\denoised_lab6_top1\8abf9094-18fe-4b9c-a0a8-99f06cb1a5d4.jpg
8ace52cc-1191-4bbd-9552-ffce2a133617.jpg,c:\Users\IMG_PRO\Desktop\Image-Processing-Course-2025\Lab6_Hyperparameter-Tuning\data\denoised_lab6_top1\8ace52cc-1191-4bbd-9552-ffce2a133617.jpg
8af91326-5838-475c-a348-2319be3d27af.jpg,c:\Users\IMG_PRO\Desktop\Image-Processing-Course-2025\Lab6_Hyperparameter-Tuning\data\denoised_lab6_top1\8af91326-5838-475c-a348-2319be3d27af.jpg
8b40dff6-67e4-40c9-b8f4-a6c1ea331292.jpg,c:\Users\IMG_PRO\Desktop\Image-Processing-Course-2025\Lab6_Hyperparameter-Tuning\data\denoised_lab6_top1\8b40dff6-67e4-40c9-b8f4-a6c1ea331292.jpg
8b565bff-c12b-422c-bfd2-059fdc48338b.jpg,c:\Users\IMG_PRO\Desktop\Image-Processing-Course-2025\Lab6_Hyperparameter-Tuning\data\denoised_lab6_top1\8b565bff-c12b-422c-bfd2-059fdc48338b.jpg
8b5e6dd2-d719-4c8c-a6dc-6cb526e1d9b0.jpg,c:\Users\IMG_PRO\Desktop\Image-Processing-Course-2025\Lab6_Hyperparameter-Tuning\data\denoised_lab6_top1\8b5e6dd2-d719-4c8c-a6dc-6cb526e1d9b0.jpg
8bd9fe14-7b70-48af-bb92-084c2c8c86cf.jpg,c:\Users\IMG_PRO\Desktop\Image-Processing-Course-2025\Lab6_Hyperparameter-Tuning\data\denoised_lab6_top1\8bd9fe14-7b70-48af-bb92-084c2c8c86cf.jpg
8be76a2d-eed1-4df4-88af-bc4a40211ff6.jpg,c:\Users\IMG_PRO\Desktop\Image-Processing-Course-2025\Lab6_Hyperparameter-Tuning\data\denoised_lab6_top1\8be76a2d-eed1-4df4-88af-bc4a40211ff6.jpg
8c0eb73a-0bbb-48c6-8e41-e44c6075f5ae.jpg,c:\Users\IMG_PRO\Desktop\Image-Processing-Course-2025\Lab6_Hyperparameter-Tuning\data\denoised_lab6_top1\8c0eb73a-0bbb-48c6-8e41-e44c6075f5ae.jpg
8c5d9682-5716-48c2-8206-a9a72c6e3310.jpg,c:\Users\IMG_PRO\Desktop\Image-Processing-Course-2025\Lab6_Hyperparameter-Tuning\data\denoised_lab6_top1\8c5d9682-5716-48c2-8206-a9a72c6e3310.jpg
8c5f640d-6ac1-4313-a976-c75122a1554d.jpg,c:\Users\IMG_PRO\Desktop\Image-Processing-Course-2025\Lab6_Hyperparameter-Tuning\data\denoised_lab6_top1\8c5f640d-6ac1-4313-a976-c75122a1554d.jpg
8cafa861-d5f3-4616-80e1-4d8ccd3a5553.jpg,c:\Users\IMG_PRO\Desktop\Image-Processing-Course-2025\Lab6_Hyperparameter-Tuning\data\denoised_lab6_top1\8cafa861-d5f3-4616-80e1-4d8ccd3a5553.jpg
8d732739-2455-4be4-b00e-02e0598595af.jpg,c:\Users\IMG_PRO\Desktop\Image-Processing-Course-2025\Lab6_Hyperparameter-Tuning\data\denoised_lab6_top1\8d732739-2455-4be4-b00e-02e0598595af.jpg
8dae896b-55a3-4ea7-a006-914ef478d7ea.jpg,c:\Users\IMG_PRO\Desktop\Image-Processing-Course-2025\Lab6_Hyperparameter-Tuning\data\denoised_lab6_top1\8dae896b-55a3-4ea7-a006-914ef478d7ea.jpg
8dc75964-18c2-4399-a35a-f939745b1f71.jpg,c:\Users\IMG_PRO\Desktop\Image-Processing-Course-2025\Lab6_Hyperparameter-Tuning\data\denoised_lab6_top1\8dc75964-18c2-4399-a35a-f939745b1f71.jpg
8dd3e707-6e59-40f8-9b7c-e4c97b4e9708.jpg,c:\Users\IMG_PRO\Desktop\Image-Processing-Course-2025\Lab6_Hyperparameter-Tuning\data\denoised_lab6_top1\8dd3e707-6e59-40f8-9b7c-e4c97b4e9708.jpg
8dfa800f-b65a-439e-ba4e-f561318891bf.jpg,c:\Users\IMG_PRO\Desktop\Image-Processing-Course-2025\Lab6_Hyperparameter-Tuning\data\denoised_lab6_top1\8dfa800f-b65a-439e-ba4e-f561318891bf.jpg
8e07d38d-1bb0-47be-a2f0-7e4c5afd0117.jpg,c:\Users\IMG_PRO\Desktop\Image-Processing-Course-2025\Lab6_Hyperparameter-Tuning\data\denoised_lab6_top1\8e07d38d-1bb0-47be-a2f0-7e4c5afd0117.jpg
8e43b3ce-4bf7-4e4f-aa88-cf458cb4caa9.jpg,c:\Users\IMG_PRO\Desktop\Image-Processing-Course-2025\Lab6_Hyperparameter-Tuning\data\denoised_lab6_top1\8e43b3ce-4bf7-4e4f-aa88-cf458cb4caa9.jpg
8e4654ee-6bf5-4b43-a3b1-170eda543d90.jpg,c:\Users\IMG_PRO\Desktop\Image-Processing-Course-2025\Lab6_Hyperparameter-Tuning\data\denoised_lab6_top1\8e4654ee-6bf5-4b43-a3b1-170eda543d90.jpg
8e498c22-fe34-455a-b239-f558870683c7.jpg,c:\Users\IMG_PRO\Desktop\Image-Processing-Course-2025\Lab6_Hyperparameter-Tuning\data\denoised_lab6_top1\8e498c22-fe34-455a-b239-f558870683c7.jpg
8e60b2a5-7ba6-4434-bc59-5b2d9c332a0f.jpg,c:\Users\IMG_PRO\Desktop\Image-Processing-Course-2025\Lab6_Hyperparameter-Tuning\data\denoised_lab6_top1\8e60b2a5-7ba6-4434-bc59-5b2d9c332a0f.jpg
8e6e2174-578c-435b-a526-6c8a90968046.jpg,c:\Users\IMG_PRO\Desktop\Image-Processing-Course-2025\Lab6_Hyperparameter-Tuning\data\denoised_lab6_top1\8e6e2174-578c-435b-a526-6c8a90968046.jpg
8ea5ad4e-7305-484d-888f-99fd42dbd5f6.jpg,c:\Users\IMG_PRO\Desktop\Image-Processing-Course-2025\Lab6_Hyperparameter-Tuning\data\denoised_lab6_top1\8ea5ad4e-7305-484d-888f-99fd42dbd5f6.jpg
8ed3a619-7f9b-4142-a369-bd4f6b67bb85.jpg,c:\Users\IMG_PRO\Desktop\Image-Processing-Course-2025\Lab6_Hyperparameter-Tuning\data\denoised_lab6_top1\8ed3a619-7f9b-4142-a369-bd4f6b67bb85.jpg
8eeca024-6981-4480-afa0-e8de5d0cba39.jpg,c:\Users\IMG_PRO\Desktop\Image-Processing-Course-2025\Lab6_Hyperparameter-Tuning\data\denoised_lab6_top1\8eeca024-6981-4480-afa0-e8de5d0cba39.jpg
8f20307d-c770-43a7-bb3b-7aa9daf169c7.jpg,c:\Users\IMG_PRO\Desktop\Image-Processing-Course-2025\Lab6_Hyperparameter-Tuning\data\denoised_lab6_top1\8f20307d-c770-43a7-bb3b-7aa9daf169c7.jpg
8f79e0bc-cded-4e7a-9332-13b697f5d5be.jpg,c:\Users\IMG_PRO\Desktop\Image-Processing-Course-2025\Lab6_Hyperparameter-Tuning\data\denoised_lab6_top1\8f79e0bc-cded-4e7a-9332-13b697f5d5be.jpg
8f7aad55-18a1-4591-afc8-f93e296fcf3f.jpg,c:\Users\IMG_PRO\Desktop\Image-Processing-Course-2025\Lab6_Hyperparameter-Tuning\data\denoised_lab6_top1\8f7aad55-18a1-4591-afc8-f93e296fcf3f.jpg
8fa0cbf4-e042-4782-b77a-61e566b08ed7.jpg,c:\Users\IMG_PRO\Desktop\Image-Processing-Course-2025\Lab6_Hyperparameter-Tuning\data\denoised_lab6_top1\8fa0cbf4-e042-4782-b77a-61e566b08ed7.jpg
8fbd3407-afb4-458d-83ab-c9674d641b86.jpg,c:\Users\IMG_PRO\Desktop\Image-Processing-Course-2025\Lab6_Hyperparameter-Tuning\data\denoised_lab6_top1\8fbd3407-afb4-458d-83ab-c9674d641b86.jpg
900e501f-98c1-4683-b763-c920996033b2.jpg,c:\Users\IMG_PRO\Desktop\Image-Processing-Course-2025\Lab6_Hyperparameter-Tuning\data\denoised_lab6_top1\900e501f-98c1-4683-b763-c920996033b2.jpg
9047caca-7955-4659-ac09-765b2bdfdce2.jpg,c:\Users\IMG_PRO\Desktop\Image-Processing-Course-2025\Lab6_Hyperparameter-Tuning\data\denoised_lab6_top1\9047caca-7955-4659-ac09-765b2bdfdce2.jpg
90a86e46-c7b3-4cfd-98a7-d917805f7ce1.jpg,c:\Users\IMG_PRO\Desktop\Image-Processing-Course-2025\Lab6_Hyperparameter-Tuning\data\denoised_lab6_top1\90a86e46-c7b3-4cfd-98a7-d917805f7ce1.jpg
90f61773-81b3-4cdf-aa5a-ba22c22716ae.jpg,c:\Users\IMG_PRO\Desktop\Image-Processing-Course-2025\Lab6_Hyperparameter-Tuning\data\denoised_lab6_top1\90f61773-81b3-4cdf-aa5a-ba22c22716ae.jpg
910b2f45-554c-44d5-859c-5b7f3a1c67e0.jpg,c:\Users\IMG_PRO\Desktop\Image-Processing-Course-2025\Lab6_Hyperparameter-Tuning\data\denoised_lab6_top1\910b2f45-554c-44d5-859c-5b7f3a1c67e0.jpg
91101b88-c761-4a38-b7c3-ea54756d2550.jpg,c:\Users\IMG_PRO\Desktop\Image-Processing-Course-2025\Lab6_Hyperparameter-Tuning\data\denoised_lab6_top1\91101b88-c761-4a38-b7c3-ea54756d2550.jpg
912703f1-38a1-4f6b-ab5a-f44353da32a7.jpg,c:\Users\IMG_PRO\Desktop\Image-Processing-Course-2025\Lab6_Hyperparameter-Tuning\data\denoised_lab6_top1\912703f1-38a1-4f6b-ab5a-f44353da32a7.jpg
912a3fdb-8da5-4eee-b151-fdd31163d082.jpg,c:\Users\IMG_PRO\Desktop\Image-Processing-Course-2025\Lab6_Hyperparameter-Tuning\data\denoised_lab6_top1\912a3fdb-8da5-4eee-b151-fdd31163d082.jpg
913a6cba-410a-44a1-9b68-2c8f6b92621e.jpg,c:\Users\IMG_PRO\Desktop\Image-Processing-Course-2025\Lab6_Hyperparameter-Tuning\data\denoised_lab6_top1\913a6cba-410a-44a1-9b68-2c8f6b92621e.jpg
9157afd3-a85e-41b9-a53c-b22f43d67e79.jpg,c:\Users\IMG_PRO\Desktop\Image-Processing-Course-2025\Lab6_Hyperparameter-Tuning\data\denoised_lab6_top1\9157afd3-a85e-41b9-a53c-b22f43d67e79.jpg
917b29c5-6036-48c8-9107-f153b7bc161c.jpg,c:\Users\IMG_PRO\Desktop\Image-Processing-Course-2025\Lab6_Hyperparameter-Tuning\data\denoised_lab6_top1\917b29c5-6036-48c8-9107-f153b7bc161c.jpg
91ce3e40-65df-41cd-8f42-1fd08f9f5a68.jpg,c:\Users\IMG_PRO\Desktop\Image-Processing-Course-2025\Lab6_Hyperparameter-Tuning\data\denoised_lab6_top1\91ce3e40-65df-41cd-8f42-1fd08f9f5a68.jpg
91eccfeb-a2e0-4224-b666-8d62c4946ae6.jpg,c:\Users\IMG_PRO\Desktop\Image-Processing-Course-2025\Lab6_Hyperparameter-Tuning\data\denoised_lab6_top1\91eccfeb-a2e0-4224-b666-8d62c4946ae6.jpg
92187c04-8127-4ed5-aae5-5759c7d654fb.jpg,c:\Users\IMG_PRO\Desktop\Image-Processing-Course-2025\Lab6_Hyperparameter-Tuning\data\denoised_lab6_top1\92187c04-8127-4ed5-aae5-5759c7d654fb.jpg
92398701-700d-4dfb-87e6-1d02a5f58c34.jpg,c:\Users\IMG_PRO\Desktop\Image-Processing-Course-2025\Lab6_Hyperparameter-Tuning\data\denoised_lab6_top1\92398701-700d-4dfb-87e6-1d02a5f58c34.jpg
92400866-942f-426b-a452-e305603c303c.jpg,c:\Users\IMG_PRO\Desktop\Image-Processing-Course-2025\Lab6_Hyperparameter-Tuning\data\denoised_lab6_top1\92400866-942f-426b-a452-e305603c303c.jpg
9241bb35-845b-4919-ad18-e7e95ab31677.jpg,c:\Users\IMG_PRO\Desktop\Image-Processing-Course-2025\Lab6_Hyperparameter-Tuning\data\denoised_lab6_top1\9241bb35-845b-4919-ad18-e7e95ab31677.jpg
924761bb-130d-4198-91c7-cd8480bb48f9.jpg,c:\Users\IMG_PRO\Desktop\Image-Processing-Course-2025\Lab6_Hyperparameter-Tuning\data\denoised_lab6_top1\924761bb-130d-4198-91c7-cd8480bb48f9.jpg
9264545b-a248-4687-b598-bc91a9e321d9.jpg,c:\Users\IMG_PRO\Desktop\Image-Processing-Course-2025\Lab6_Hyperparameter-Tuning\data\denoised_lab6_top1\9264545b-a248-4687-b598-bc91a9e321d9.jpg
92d36c80-c0a2-46f5-9fba-cff80d525280.jpg,c:\Users\IMG_PRO\Desktop\Image-Processing-Course-2025\Lab6_Hyperparameter-Tuning\data\denoised_lab6_top1\92d36c80-c0a2-46f5-9fba-cff80d525280.jpg
92e08acf-2b94-40a4-8209-1676a34adf29.jpg,c:\Users\IMG_PRO\Desktop\Image-Processing-Course-2025\Lab6_Hyperparameter-Tuning\data\denoised_lab6_top1\92e08acf-2b94-40a4-8209-1676a34adf29.jpg
92e8f2fb-2f41-4706-b67e-79a713201dcc.jpg,c:\Users\IMG_PRO\Desktop\Image-Processing-Course-2025\Lab6_Hyperparameter-Tuning\data\denoised_lab6_top1\92e8f2fb-2f41-4706-b67e-79a713201dcc.jpg
92f4136f-4a09-4a92-9b7b-521e814a8c50.jpg,c:\Users\IMG_PRO\Desktop\Image-Processing-Course-2025\Lab6_Hyperparameter-Tuning\data\denoised_lab6_top1\92f4136f-4a09-4a92-9b7b-521e814a8c50.jpg
931132fd-1c47-4586-8553-2b67afdbaa97.jpg,c:\Users\IMG_PRO\Desktop\Image-Processing-Course-2025\Lab6_Hyperparameter-Tuning\data\denoised_lab6_top1\931132fd-1c47-4586-8553-2b67afdbaa97.jpg
9332ee94-7944-4773-9175-811131b9fd44.jpg,c:\Users\IMG_PRO\Desktop\Image-Processing-Course-2025\Lab6_Hyperparameter-Tuning\data\denoised_lab6_top1\9332ee94-7944-4773-9175-811131b9fd44.jpg
93575565-8428-4049-b2bf-5173a9f655ec.jpg,c:\Users\IMG_PRO\Desktop\Image-Processing-Course-2025\Lab6_Hyperparameter-Tuning\data\denoised_lab6_top1\93575565-8428-4049-b2bf-5173a9f655ec.jpg
93714795-705b-4d37-9c48-e5cea63cf661.jpg,c:\Users\IMG_PRO\Desktop\Image-Processing-Course-2025\Lab6_Hyperparameter-Tuning\data\denoised_lab6_top1\93714795-705b-4d37-9c48-e5cea63cf661.jpg
93eb2111-05d5-4c89-bf67-a50b04356bf3.jpg,c:\Users\IMG_PRO\Desktop\Image-Processing-Course-2025\Lab6_Hyperparameter-Tuning\data\denoised_lab6_top1\93eb2111-05d5-4c89-bf67-a50b04356bf3.jpg
93f5a43a-94d9-48e8-b01f-e8cae96a8a3a.jpg,c:\Users\IMG_PRO\Desktop\Image-Processing-Course-2025\Lab6_Hyperparameter-Tuning\data\denoised_lab6_top1\93f5a43a-94d9-48e8-b01f-e8cae96a8a3a.jpg
93f6c9d0-d8c8-4239-adc7-057edc6a0dd6.jpg,c:\Users\IMG_PRO\Desktop\Image-Processing-Course-2025\Lab6_Hyperparameter-Tuning\data\denoised_lab6_top1\93f6c9d0-d8c8-4239-adc7-057edc6a0dd6.jpg
94191365-56c1-45c1-aba1-2f361ca98581.jpg,c:\Users\IMG_PRO\Desktop\Image-Processing-Course-2025\Lab6_Hyperparameter-Tuning\data\denoised_lab6_top1\94191365-56c1-45c1-aba1-2f361ca98581.jpg
943a467f-e780-4f30-8cc6-fcb7a1eeb7cd.jpg,c:\Users\IMG_PRO\Desktop\Image-Processing-Course-2025\Lab6_Hyperparameter-Tuning\data\denoised_lab6_top1\943a467f-e780-4f30-8cc6-fcb7a1eeb7cd.jpg
94488ab3-cbe2-4a6f-9d01-b6f264f0d1bd.jpg,c:\Users\IMG_PRO\Desktop\Image-Processing-Course-2025\Lab6_Hyperparameter-Tuning\data\denoised_lab6_top1\94488ab3-cbe2-4a6f-9d01-b6f264f0d1bd.jpg
94571045-26f5-4061-998c-a50c91e8e1bf.jpg,c:\Users\IMG_PRO\Desktop\Image-Processing-Course-2025\Lab6_Hyperparameter-Tuning\data\denoised_lab6_top1\94571045-26f5-4061-998c-a50c91e8e1bf.jpg
945d63d4-373b-49ee-8ed3-dc2717ee8193.jpg,c:\Users\IMG_PRO\Desktop\Image-Processing-Course-2025\Lab6_Hyperparameter-Tuning\data\denoised_lab6_top1\945d63d4-373b-49ee-8ed3-dc2717ee8193.jpg
9489b232-6402-40ff-abad-affede66fd33.jpg,c:\Users\IMG_PRO\Desktop\Image-Processing-Course-2025\Lab6_Hyperparameter-Tuning\data\denoised_lab6_top1\9489b232-6402-40ff-abad-affede66fd33.jpg
94f7d645-2f7e-4951-a159-6d039ef2ee42.jpg,c:\Users\IMG_PRO\Desktop\Image-Processing-Course-2025\Lab6_Hyperparameter-Tuning\data\denoised_lab6_top1\94f7d645-2f7e-4951-a159-6d039ef2ee42.jpg
950f30d1-7a95-4fef-b814-f702c2a3fa69.jpg,c:\Users\IMG_PRO\Desktop\Image-Processing-Course-2025\Lab6_Hyperparameter-Tuning\data\denoised_lab6_top1\950f30d1-7a95-4fef-b814-f702c2a3fa69.jpg
951fcb4f-afc7-4758-9dd1-0ce60e896244.jpg,c:\Users\IMG_PRO\Desktop\Image-Processing-Course-2025\Lab6_Hyperparameter-Tuning\data\denoised_lab6_top1\951fcb4f-afc7-4758-9dd1-0ce60e896244.jpg
952944b2-57ef-4cc7-ad9a-5a1f634acd5f.jpg,c:\Users\IMG_PRO\Desktop\Image-Processing-Course-2025\Lab6_Hyperparameter-Tuning\data\denoised_lab6_top1\952944b2-57ef-4cc7-ad9a-5a1f634acd5f.jpg
9539cab9-ca5d-4a92-a87c-47756e7a1e5d.jpg,c:\Users\IMG_PRO\Desktop\Image-Processing-Course-2025\Lab6_Hyperparameter-Tuning\data\denoised_lab6_top1\9539cab9-ca5d-4a92-a87c-47756e7a1e5d.jpg
959a1fc3-b32c-4321-950e-b52360e5de18.jpg,c:\Users\IMG_PRO\Desktop\Image-Processing-Course-2025\Lab6_Hyperparameter-Tuning\data\denoised_lab6_top1\959a1fc3-b32c-4321-950e-b52360e5de18.jpg
95ac70b4-aa36-4575-a376-17c289355d68.jpg,c:\Users\IMG_PRO\Desktop\Image-Processing-Course-2025\Lab6_Hyperparameter-Tuning\data\denoised_lab6_top1\95ac70b4-aa36-4575-a376-17c289355d68.jpg
95f43973-d8d7-4abe-b0f7-d519dd2b02ac.jpg,c:\Users\IMG_PRO\Desktop\Image-Processing-Course-2025\Lab6_Hyperparameter-Tuning\data\denoised_lab6_top1\95f43973-d8d7-4abe-b0f7-d519dd2b02ac.jpg
96076fed-fd02-4dff-9691-dd0ef7febd81.jpg,c:\Users\IMG_PRO\Desktop\Image-Processing-Course-2025\Lab6_Hyperparameter-Tuning\data\denoised_lab6_top1\96076fed-fd02-4dff-9691-dd0ef7febd81.jpg
962046a2-3aa2-4d98-a1d3-cc07548d93e5.jpg,c:\Users\IMG_PRO\Desktop\Image-Processing-Course-2025\Lab6_Hyperparameter-Tuning\data\denoised_lab6_top1\962046a2-3aa2-4d98-a1d3-cc07548d93e5.jpg
9631e606-4c89-48dc-a5ff-0b35db6a5b72.jpg,c:\Users\IMG_PRO\Desktop\Image-Processing-Course-2025\Lab6_Hyperparameter-Tuning\data\denoised_lab6_top1\9631e606-4c89-48dc-a5ff-0b35db6a5b72.jpg
9658e212-7b8d-467c-8ec9-91a841f92efd.jpg,c:\Users\IMG_PRO\Desktop\Image-Processing-Course-2025\Lab6_Hyperparameter-Tuning\data\denoised_lab6_top1\9658e212-7b8d-467c-8ec9-91a841f92efd.jpg
96593dff-0f2e-497c-97b1-b6ffa141307b.jpg,c:\Users\IMG_PRO\Desktop\Image-Processing-Course-2025\Lab6_Hyperparameter-Tuning\data\denoised_lab6_top1\96593dff-0f2e-497c-97b1-b6ffa141307b.jpg
965a9f97-7bc8-4f13-baa4-3c6e78927579.jpg,c:\Users\IMG_PRO\Desktop\Image-Processing-Course-2025\Lab6_Hyperparameter-Tuning\data\denoised_lab6_top1\965a9f97-7bc8-4f13-baa4-3c6e78927579.jpg
965dca40-0f1e-4d3e-8de0-5fce77b0943a.jpg,c:\Users\IMG_PRO\Desktop\Image-Processing-Course-2025\Lab6_Hyperparameter-Tuning\data\denoised_lab6_top1\965dca40-0f1e-4d3e-8de0-5fce77b0943a.jpg
969238d4-2b89-4b67-a256-33d7a04398cb.jpg,c:\Users\IMG_PRO\Desktop\Image-Processing-Course-2025\Lab6_Hyperparameter-Tuning\data\denoised_lab6_top1\969238d4-2b89-4b67-a256-33d7a04398cb.jpg
96b7dbd5-4a58-42be-add0-ed4fe36cbc98.jpg,c:\Users\IMG_PRO\Desktop\Image-Processing-Course-2025\Lab6_Hyperparameter-Tuning\data\denoised_lab6_top1\96b7dbd5-4a58-42be-add0-ed4fe36cbc98.jpg
96bbdcde-6df4-4793-af22-7048518734df.jpg,c:\Users\IMG_PRO\Desktop\Image-Processing-Course-2025\Lab6_Hyperparameter-Tuning\data\denoised_lab6_top1\96bbdcde-6df4-4793-af22-7048518734df.jpg
96d8f0a2-d52f-4338-b6cf-900d02422f24.jpg,c:\Users\IMG_PRO\Desktop\Image-Processing-Course-2025\Lab6_Hyperparameter-Tuning\data\denoised_lab6_top1\96d8f0a2-d52f-4338-b6cf-900d02422f24.jpg
96dc7f6e-6219-4d2b-b511-400422bec229.jpg,c:\Users\IMG_PRO\Desktop\Image-Processing-Course-2025\Lab6_Hyperparameter-Tuning\data\denoised_lab6_top1\96dc7f6e-6219-4d2b-b511-400422bec229.jpg
97624028-0ec3-4c39-b05b-a537c197a2b2.jpg,c:\Users\IMG_PRO\Desktop\Image-Processing-Course-2025\Lab6_Hyperparameter-Tuning\data\denoised_lab6_top1\97624028-0ec3-4c39-b05b-a537c197a2b2.jpg
976afedc-dd93-40b7-bf80-f520b81ffc35.jpg,c:\Users\IMG_PRO\Desktop\Image-Processing-Course-2025\Lab6_Hyperparameter-Tuning\data\denoised_lab6_top1\976afedc-dd93-40b7-bf80-f520b81ffc35.jpg
977f3fd3-b90a-44e7-b6ba-a56f5584e1a7.jpg,c:\Users\IMG_PRO\Desktop\Image-Processing-Course-2025\Lab6_Hyperparameter-Tuning\data\denoised_lab6_top1\977f3fd3-b90a-44e7-b6ba-a56f5584e1a7.jpg
978683f9-6eec-4e83-a6cc-532f480eb7e6.jpg,c:\Users\IMG_PRO\Desktop\Image-Processing-Course-2025\Lab6_Hyperparameter-Tuning\data\denoised_lab6_top1\978683f9-6eec-4e83-a6cc-532f480eb7e6.jpg
978b550b-3788-4893-94c2-78369264bddd.jpg,c:\Users\IMG_PRO\Desktop\Image-Processing-Course-2025\Lab6_Hyperparameter-Tuning\data\denoised_lab6_top1\978b550b-3788-4893-94c2-78369264bddd.jpg
97ce5505-9a1d-403e-9d7c-42363d988d34.jpg,c:\Users\IMG_PRO\Desktop\Image-Processing-Course-2025\Lab6_Hyperparameter-Tuning\data\denoised_lab6_top1\97ce5505-9a1d-403e-9d7c-42363d988d34.jpg
97d528c7-522d-420f-b43e-4484d84992e7.jpg,c:\Users\IMG_PRO\Desktop\Image-Processing-Course-2025\Lab6_Hyperparameter-Tuning\data\denoised_lab6_top1\97d528c7-522d-420f-b43e-4484d84992e7.jpg
98000a94-4a68-4e5e-a3fc-17bb6d425498.jpg,c:\Users\IMG_PRO\Desktop\Image-Processing-Course-2025\Lab6_Hyperparameter-Tuning\data\denoised_lab6_top1\98000a94-4a68-4e5e-a3fc-17bb6d425498.jpg
980989d3-20e6-49a7-b586-724a3b61185f.jpg,c:\Users\IMG_PRO\Desktop\Image-Processing-Course-2025\Lab6_Hyperparameter-Tuning\data\denoised_lab6_top1\980989d3-20e6-49a7-b586-724a3b61185f.jpg
98285d25-0d6c-4892-83cf-d2d5f3181503.jpg,c:\Users\IMG_PRO\Desktop\Image-Processing-Course-2025\Lab6_Hyperparameter-Tuning\data\denoised_lab6_top1\98285d25-0d6c-4892-83cf-d2d5f3181503.jpg
98433d37-3c5e-46bb-a03d-fd6a6df8dd76.jpg,c:\Users\IMG_PRO\Desktop\Image-Processing-Course-2025\Lab6_Hyperparameter-Tuning\data\denoised_lab6_top1\98433d37-3c5e-46bb-a03d-fd6a6df8dd76.jpg
987ef5e3-f372-4180-a176-0d90d42026b1.jpg,c:\Users\IMG_PRO\Desktop\Image-Processing-Course-2025\Lab6_Hyperparameter-Tuning\data\denoised_lab6_top1\987ef5e3-f372-4180-a176-0d90d42026b1.jpg
98d9de10-523c-412a-ae30-689a3e2e1c30.jpg,c:\Users\IMG_PRO\Desktop\Image-Processing-Course-2025\Lab6_Hyperparameter-Tuning\data\denoised_lab6_top1\98d9de10-523c-412a-ae30-689a3e2e1c30.jpg
98fa7faa-ca22-471c-9fa5-665010635539.jpg,c:\Users\IMG_PRO\Desktop\Image-Processing-Course-2025\Lab6_Hyperparameter-Tuning\data\denoised_lab6_top1\98fa7faa-ca22-471c-9fa5-665010635539.jpg
992bd083-1551-4b8a-8ba3-c44ba839f994.jpg,c:\Users\IMG_PRO\Desktop\Image-Processing-Course-2025\Lab6_Hyperparameter-Tuning\data\denoised_lab6_top1\992bd083-1551-4b8a-8ba3-c44ba839f994.jpg
9958ef78-7118-40ab-9c63-5827d4b93f2d.jpg,c:\Users\IMG_PRO\Desktop\Image-Processing-Course-2025\Lab6_Hyperparameter-Tuning\data\denoised_lab6_top1\9958ef78-7118-40ab-9c63-5827d4b93f2d.jpg
998da34d-7bba-4f34-ab03-c38d60e969df.jpg,c:\Users\IMG_PRO\Desktop\Image-Processing-Course-2025\Lab6_Hyperparameter-Tuning\data\denoised_lab6_top1\998da34d-7bba-4f34-ab03-c38d60e969df.jpg
99ef28fd-f6b6-43f1-b18b-6595c185826b.jpg,c:\Users\IMG_PRO\Desktop\Image-Processing-Course-2025\Lab6_Hyperparameter-Tuning\data\denoised_lab6_top1\99ef28fd-f6b6-43f1-b18b-6595c185826b.jpg
9a2064b4-9ddb-4465-962b-5ea7c9a97119.jpg,c:\Users\IMG_PRO\Desktop\Image-Processing-Course-2025\Lab6_Hyperparameter-Tuning\data\denoised_lab6_top1\9a2064b4-9ddb-4465-962b-5ea7c9a97119.jpg
9a476b1f-26c8-4761-9781-68170fbef501.jpg,c:\Users\IMG_PRO\Desktop\Image-Processing-Course-2025\Lab6_Hyperparameter-Tuning\data\denoised_lab6_top1\9a476b1f-26c8-4761-9781-68170fbef501.jpg
9a69170a-d4d3-4563-a415-1598b7bcbf62.jpg,c:\Users\IMG_PRO\Desktop\Image-Processing-Course-2025\Lab6_Hyperparameter-Tuning\data\denoised_lab6_top1\9a69170a-d4d3-4563-a415-1598b7bcbf62.jpg
9b013229-9daa-44c6-86cf-9b8b94aa2d76.jpg,c:\Users\IMG_PRO\Desktop\Image-Processing-Course-2025\Lab6_Hyperparameter-Tuning\data\denoised_lab6_top1\9b013229-9daa-44c6-86cf-9b8b94aa2d76.jpg
9b2fd3b4-8565-45da-ae13-185d112c8338.jpg,c:\Users\IMG_PRO\Desktop\Image-Processing-Course-2025\Lab6_Hyperparameter-Tuning\data\denoised_lab6_top1\9b2fd3b4-8565-45da-ae13-185d112c8338.jpg
9b454f00-590c-4b60-8361-28cc8db185f7.jpg,c:\Users\IMG_PRO\Desktop\Image-Processing-Course-2025\Lab6_Hyperparameter-Tuning\data\denoised_lab6_top1\9b454f00-590c-4b60-8361-28cc8db185f7.jpg
9b53a07d-c2b6-4546-9101-25b16cc00559.jpg,c:\Users\IMG_PRO\Desktop\Image-Processing-Course-2025\Lab6_Hyperparameter-Tuning\data\denoised_lab6_top1\9b53a07d-c2b6-4546-9101-25b16cc00559.jpg
9b80a3b1-f69a-4f37-888d-6a4a368e1a33.jpg,c:\Users\IMG_PRO\Desktop\Image-Processing-Course-2025\Lab6_Hyperparameter-Tuning\data\denoised_lab6_top1\9b80a3b1-f69a-4f37-888d-6a4a368e1a33.jpg
9b9e7289-c223-4414-b64e-1793884caf98.jpg,c:\Users\IMG_PRO\Desktop\Image-Processing-Course-2025\Lab6_Hyperparameter-Tuning\data\denoised_lab6_top1\9b9e7289-c223-4414-b64e-1793884caf98.jpg
9bb2cb1f-9130-44fb-9e88-f24be7a52882.jpg,c:\Users\IMG_PRO\Desktop\Image-Processing-Course-2025\Lab6_Hyperparameter-Tuning\data\denoised_lab6_top1\9bb2cb1f-9130-44fb-9e88-f24be7a52882.jpg
9bf5448e-1a86-4468-9fb9-3a89dd0640a6.jpg,c:\Users\IMG_PRO\Desktop\Image-Processing-Course-2025\Lab6_Hyperparameter-Tuning\data\denoised_lab6_top1\9bf5448e-1a86-4468-9fb9-3a89dd0640a6.jpg
9bfc92e2-db57-408c-9594-d8846a2c6189.jpg,c:\Users\IMG_PRO\Desktop\Image-Processing-Course-2025\Lab6_Hyperparameter-Tuning\data\denoised_lab6_top1\9bfc92e2-db57-408c-9594-d8846a2c6189.jpg
9c0e46d3-8d4e-4518-8316-5bc249ae653c.jpg,c:\Users\IMG_PRO\Desktop\Image-Processing-Course-2025\Lab6_Hyperparameter-Tuning\data\denoised_lab6_top1\9c0e46d3-8d4e-4518-8316-5bc249ae653c.jpg
9c49d1e2-9546-4284-8f53-147986c97605.jpg,c:\Users\IMG_PRO\Desktop\Image-Processing-Course-2025\Lab6_Hyperparameter-Tuning\data\denoised_lab6_top1\9c49d1e2-9546-4284-8f53-147986c97605.jpg
9c909128-4401-4060-bbe6-ff63f74f83b1.jpg,c:\Users\IMG_PRO\Desktop\Image-Processing-Course-2025\Lab6_Hyperparameter-Tuning\data\denoised_lab6_top1\9c909128-4401-4060-bbe6-ff63f74f83b1.jpg
9ccc6ff6-0096-4867-a8d9-bc54f3ce6300.jpg,c:\Users\IMG_PRO\Desktop\Image-Processing-Course-2025\Lab6_Hyperparameter-Tuning\data\denoised_lab6_top1\9ccc6ff6-0096-4867-a8d9-bc54f3ce6300.jpg
9cd33fd1-938c-4ca6-82d6-f0665687491e.jpg,c:\Users\IMG_PRO\Desktop\Image-Processing-Course-2025\Lab6_Hyperparameter-Tuning\data\denoised_lab6_top1\9cd33fd1-938c-4ca6-82d6-f0665687491e.jpg
9d0b16d9-8db6-450b-bacc-4edb3a8890c0.jpg,c:\Users\IMG_PRO\Desktop\Image-Processing-Course-2025\Lab6_Hyperparameter-Tuning\data\denoised_lab6_top1\9d0b16d9-8db6-450b-bacc-4edb3a8890c0.jpg
9d11e7e8-3dfa-4e75-9d4d-7ad444c88874.jpg,c:\Users\IMG_PRO\Desktop\Image-Processing-Course-2025\Lab6_Hyperparameter-Tuning\data\denoised_lab6_top1\9d11e7e8-3dfa-4e75-9d4d-7ad444c88874.jpg
9d200ef4-aeee-4bc3-80da-c2bd62adf43d.jpg,c:\Users\IMG_PRO\Desktop\Image-Processing-Course-2025\Lab6_Hyperparameter-Tuning\data\denoised_lab6_top1\9d200ef4-aeee-4bc3-80da-c2bd62adf43d.jpg
9d312bf4-b4e8-481b-9f41-3f63fc8a9f09.jpg,c:\Users\IMG_PRO\Desktop\Image-Processing-Course-2025\Lab6_Hyperparameter-Tuning\data\denoised_lab6_top1\9d312bf4-b4e8-481b-9f41-3f63fc8a9f09.jpg
9d315c33-2c24-4832-969d-5ab214df4288.jpg,c:\Users\IMG_PRO\Desktop\Image-Processing-Course-2025\Lab6_Hyperparameter-Tuning\data\denoised_lab6_top1\9d315c33-2c24-4832-969d-5ab214df4288.jpg
9d4bc737-b47e-4010-b960-48ca105312d1.jpg,c:\Users\IMG_PRO\Desktop\Image-Processing-Course-2025\Lab6_Hyperparameter-Tuning\data\denoised_lab6_top1\9d4bc737-b47e-4010-b960-48ca105312d1.jpg
9d584c8c-4d86-4ad7-9b08-14aed032e117.jpg,c:\Users\IMG_PRO\Desktop\Image-Processing-Course-2025\Lab6_Hyperparameter-Tuning\data\denoised_lab6_top1\9d584c8c-4d86-4ad7-9b08-14aed032e117.jpg
9dab602b-eb02-448c-9533-f140fbccb3dc.jpg,c:\Users\IMG_PRO\Desktop\Image-Processing-Course-2025\Lab6_Hyperparameter-Tuning\data\denoised_lab6_top1\9dab602b-eb02-448c-9533-f140fbccb3dc.jpg
9daf3a3f-5304-40d0-9bea-59ad0b1e3d15.jpg,c:\Users\IMG_PRO\Desktop\Image-Processing-Course-2025\Lab6_Hyperparameter-Tuning\data\denoised_lab6_top1\9daf3a3f-5304-40d0-9bea-59ad0b1e3d15.jpg
9eab298f-2a8e-425d-944f-67dc2403d2b9.jpg,c:\Users\IMG_PRO\Desktop\Image-Processing-Course-2025\Lab6_Hyperparameter-Tuning\data\denoised_lab6_top1\9eab298f-2a8e-425d-944f-67dc2403d2b9.jpg
9f020866-e360-4909-928f-1e885546e49a.jpg,c:\Users\IMG_PRO\Desktop\Image-Processing-Course-2025\Lab6_Hyperparameter-Tuning\data\denoised_lab6_top1\9f020866-e360-4909-928f-1e885546e49a.jpg
9f1b4dee-84db-4921-bcac-94c9190a9855.jpg,c:\Users\IMG_PRO\Desktop\Image-Processing-Course-2025\Lab6_Hyperparameter-Tuning\data\denoised_lab6_top1\9f1b4dee-84db-4921-bcac-94c9190a9855.jpg
9f3956d6-799e-46b9-b22e-c62f01de6fe0.jpg,c:\Users\IMG_PRO\Desktop\Image-Processing-Course-2025\Lab6_Hyperparameter-Tuning\data\denoised_lab6_top1\9f3956d6-799e-46b9-b22e-c62f01de6fe0.jpg
9f53d812-2866-4b46-87d0-93582b249ca0.jpg,c:\Users\IMG_PRO\Desktop\Image-Processing-Course-2025\Lab6_Hyperparameter-Tuning\data\denoised_lab6_top1\9f53d812-2866-4b46-87d0-93582b249ca0.jpg
9f8b2bdc-02b0-47d9-ac15-72f045cf5ae0.jpg,c:\Users\IMG_PRO\Desktop\Image-Processing-Course-2025\Lab6_Hyperparameter-Tuning\data\denoised_lab6_top1\9f8b2bdc-02b0-47d9-ac15-72f045cf5ae0.jpg
9f9d38a1-c006-4825-b92a-303efc7852b7.jpg,c:\Users\IMG_PRO\Desktop\Image-Processing-Course-2025\Lab6_Hyperparameter-Tuning\data\denoised_lab6_top1\9f9d38a1-c006-4825-b92a-303efc7852b7.jpg
9ff72f2c-99bd-4d91-80f4-77fa88a0f1fd.jpg,c:\Users\IMG_PRO\Desktop\Image-Processing-Course-2025\Lab6_Hyperparameter-Tuning\data\denoised_lab6_top1\9ff72f2c-99bd-4d91-80f4-77fa88a0f1fd.jpg
a004ea06-2dc8-428c-9a60-261880cef254.jpg,c:\Users\IMG_PRO\Desktop\Image-Processing-Course-2025\Lab6_Hyperparameter-Tuning\data\denoised_lab6_top1\a004ea06-2dc8-428c-9a60-261880cef254.jpg
a01da030-756b-4cdc-b9aa-4204d6dab306.jpg,c:\Users\IMG_PRO\Desktop\Image-Processing-Course-2025\Lab6_Hyperparameter-Tuning\data\denoised_lab6_top1\a01da030-756b-4cdc-b9aa-4204d6dab306.jpg
a03be478-0891-413d-8192-ba9f10096a6c.jpg,c:\Users\IMG_PRO\Desktop\Image-Processing-Course-2025\Lab6_Hyperparameter-Tuning\data\denoised_lab6_top1\a03be478-0891-413d-8192-ba9f10096a6c.jpg
a05fb58b-1a9b-4575-9a1b-69c34ba39cca.jpg,c:\Users\IMG_PRO\Desktop\Image-Processing-Course-2025\Lab6_Hyperparameter-Tuning\data\denoised_lab6_top1\a05fb58b-1a9b-4575-9a1b-69c34ba39cca.jpg
a06ddc0b-911e-4418-9ca6-1068c895f45d.jpg,c:\Users\IMG_PRO\Desktop\Image-Processing-Course-2025\Lab6_Hyperparameter-Tuning\data\denoised_lab6_top1\a06ddc0b-911e-4418-9ca6-1068c895f45d.jpg
a0b6c3cc-ba6e-4f08-a336-014d8f4ae9c3.jpg,c:\Users\IMG_PRO\Desktop\Image-Processing-Course-2025\Lab6_Hyperparameter-Tuning\data\denoised_lab6_top1\a0b6c3cc-ba6e-4f08-a336-014d8f4ae9c3.jpg
a0f35be8-96fc-4df4-abef-2d2bef6c461b.jpg,c:\Users\IMG_PRO\Desktop\Image-Processing-Course-2025\Lab6_Hyperparameter-Tuning\data\denoised_lab6_top1\a0f35be8-96fc-4df4-abef-2d2bef6c461b.jpg
a0f4ffbe-1272-4b71-a3b0-790a5de1b3a2.jpg,c:\Users\IMG_PRO\Desktop\Image-Processing-Course-2025\Lab6_Hyperparameter-Tuning\data\denoised_lab6_top1\a0f4ffbe-1272-4b71-a3b0-790a5de1b3a2.jpg
a0fdd9b2-2dc3-40ca-abc2-c78d252aaa4f.jpg,c:\Users\IMG_PRO\Desktop\Image-Processing-Course-2025\Lab6_Hyperparameter-Tuning\data\denoised_lab6_top1\a0fdd9b2-2dc3-40ca-abc2-c78d252aaa4f.jpg
a12f4861-6673-469c-8493-006ee5a1d88d.jpg,c:\Users\IMG_PRO\Desktop\Image-Processing-Course-2025\Lab6_Hyperparameter-Tuning\data\denoised_lab6_top1\a12f4861-6673-469c-8493-006ee5a1d88d.jpg
a1344eac-8ed8-4ad4-9749-7d5a3e470095.jpg,c:\Users\IMG_PRO\Desktop\Image-Processing-Course-2025\Lab6_Hyperparameter-Tuning\data\denoised_lab6_top1\a1344eac-8ed8-4ad4-9749-7d5a3e470095.jpg
a154604f-03a9-4388-bc6c-be7f126475e1.jpg,c:\Users\IMG_PRO\Desktop\Image-Processing-Course-2025\Lab6_Hyperparameter-Tuning\data\denoised_lab6_top1\a154604f-03a9-4388-bc6c-be7f126475e1.jpg
a184a6ea-7d38-47cc-aeaa-e715a115c433.jpg,c:\Users\IMG_PRO\Desktop\Image-Processing-Course-2025\Lab6_Hyperparameter-Tuning\data\denoised_lab6_top1\a184a6ea-7d38-47cc-aeaa-e715a115c433.jpg
a1c736ff-f82c-442d-8f6b-bbf512d09004.jpg,c:\Users\IMG_PRO\Desktop\Image-Processing-Course-2025\Lab6_Hyperparameter-Tuning\data\denoised_lab6_top1\a1c736ff-f82c-442d-8f6b-bbf512d09004.jpg
a1cb1c8a-20fd-4e41-9712-4545e20d982a.jpg,c:\Users\IMG_PRO\Desktop\Image-Processing-Course-2025\Lab6_Hyperparameter-Tuning\data\denoised_lab6_top1\a1cb1c8a-20fd-4e41-9712-4545e20d982a.jpg
a24365fe-e174-4ca6-9371-f67c8d4e44c0.jpg,c:\Users\IMG_PRO\Desktop\Image-Processing-Course-2025\Lab6_Hyperparameter-Tuning\data\denoised_lab6_top1\a24365fe-e174-4ca6-9371-f67c8d4e44c0.jpg
a25525d9-b730-416c-be8b-5c38d835a2d3.jpg,c:\Users\IMG_PRO\Desktop\Image-Processing-Course-2025\Lab6_Hyperparameter-Tuning\data\denoised_lab6_top1\a25525d9-b730-416c-be8b-5c38d835a2d3.jpg
a28c8933-eb0f-4dd0-9802-9b1736887054.jpg,c:\Users\IMG_PRO\Desktop\Image-Processing-Course-2025\Lab6_Hyperparameter-Tuning\data\denoised_lab6_top1\a28c8933-eb0f-4dd0-9802-9b1736887054.jpg
a3091e36-fd6d-43ad-951e-e498c0ff26d8.jpg,c:\Users\IMG_PRO\Desktop\Image-Processing-Course-2025\Lab6_Hyperparameter-Tuning\data\denoised_lab6_top1\a3091e36-fd6d-43ad-951e-e498c0ff26d8.jpg
a32402a8-416e-4890-b340-c244a3c0bfa4.jpg,c:\Users\IMG_PRO\Desktop\Image-Processing-Course-2025\Lab6_Hyperparameter-Tuning\data\denoised_lab6_top1\a32402a8-416e-4890-b340-c244a3c0bfa4.jpg
a32b6e0a-99f5-417d-883d-152ca52a1466.jpg,c:\Users\IMG_PRO\Desktop\Image-Processing-Course-2025\Lab6_Hyperparameter-Tuning\data\denoised_lab6_top1\a32b6e0a-99f5-417d-883d-152ca52a1466.jpg
a32fc22c-dbb5-475c-85c9-7ee16f58b283.jpg,c:\Users\IMG_PRO\Desktop\Image-Processing-Course-2025\Lab6_Hyperparameter-Tuning\data\denoised_lab6_top1\a32fc22c-dbb5-475c-85c9-7ee16f58b283.jpg
a3310231-4c2b-4eaf-a0bb-e18f237d8090.jpg,c:\Users\IMG_PRO\Desktop\Image-Processing-Course-2025\Lab6_Hyperparameter-Tuning\data\denoised_lab6_top1\a3310231-4c2b-4eaf-a0bb-e18f237d8090.jpg
a35749e9-d56e-4c7c-ae2f-6da2f6e69060.jpg,c:\Users\IMG_PRO\Desktop\Image-Processing-Course-2025\Lab6_Hyperparameter-Tuning\data\denoised_lab6_top1\a35749e9-d56e-4c7c-ae2f-6da2f6e69060.jpg
a3631300-6126-4098-84fd-81c3c6e43e3e.jpg,c:\Users\IMG_PRO\Desktop\Image-Processing-Course-2025\Lab6_Hyperparameter-Tuning\data\denoised_lab6_top1\a3631300-6126-4098-84fd-81c3c6e43e3e.jpg
a36b55d1-434d-4e8e-996b-9093a69ac1d5.jpg,c:\Users\IMG_PRO\Desktop\Image-Processing-Course-2025\Lab6_Hyperparameter-Tuning\data\denoised_lab6_top1\a36b55d1-434d-4e8e-996b-9093a69ac1d5.jpg
a3796dfc-a77e-430b-a5fc-1cd4b97d6400.jpg,c:\Users\IMG_PRO\Desktop\Image-Processing-Course-2025\Lab6_Hyperparameter-Tuning\data\denoised_lab6_top1\a3796dfc-a77e-430b-a5fc-1cd4b97d6400.jpg
a37cc3df-e7c4-4d97-8a2d-7a0d882442de.jpg,c:\Users\IMG_PRO\Desktop\Image-Processing-Course-2025\Lab6_Hyperparameter-Tuning\data\denoised_lab6_top1\a37cc3df-e7c4-4d97-8a2d-7a0d882442de.jpg
a3b6d675-7dbe-4876-8d44-cf1bec9ae7b7.jpg,c:\Users\IMG_PRO\Desktop\Image-Processing-Course-2025\Lab6_Hyperparameter-Tuning\data\denoised_lab6_top1\a3b6d675-7dbe-4876-8d44-cf1bec9ae7b7.jpg
a3ead215-ae53-4ebf-997f-473729df4194.jpg,c:\Users\IMG_PRO\Desktop\Image-Processing-Course-2025\Lab6_Hyperparameter-Tuning\data\denoised_lab6_top1\a3ead215-ae53-4ebf-997f-473729df4194.jpg
a41bc500-e9a1-4842-b1f3-dc9503fbf6af.jpg,c:\Users\IMG_PRO\Desktop\Image-Processing-Course-2025\Lab6_Hyperparameter-Tuning\data\denoised_lab6_top1\a41bc500-e9a1-4842-b1f3-dc9503fbf6af.jpg
a4501803-e6e7-47e6-b7de-02794156214a.jpg,c:\Users\IMG_PRO\Desktop\Image-Processing-Course-2025\Lab6_Hyperparameter-Tuning\data\denoised_lab6_top1\a4501803-e6e7-47e6-b7de-02794156214a.jpg
a45998a7-d323-4b3d-ad05-d39f6dbd2d9a.jpg,c:\Users\IMG_PRO\Desktop\Image-Processing-Course-2025\Lab6_Hyperparameter-Tuning\data\denoised_lab6_top1\a45998a7-d323-4b3d-ad05-d39f6dbd2d9a.jpg
a484f36e-cf35-4ee4-88f1-be8e37db6504.jpg,c:\Users\IMG_PRO\Desktop\Image-Processing-Course-2025\Lab6_Hyperparameter-Tuning\data\denoised_lab6_top1\a484f36e-cf35-4ee4-88f1-be8e37db6504.jpg
a4a692c2-35c2-4e99-a87b-0f28cb963211.jpg,c:\Users\IMG_PRO\Desktop\Image-Processing-Course-2025\Lab6_Hyperparameter-Tuning\data\denoised_lab6_top1\a4a692c2-35c2-4e99-a87b-0f28cb963211.jpg
a4a846ea-8c18-4ba2-96b6-cbce0effa2e7.jpg,c:\Users\IMG_PRO\Desktop\Image-Processing-Course-2025\Lab6_Hyperparameter-Tuning\data\denoised_lab6_top1\a4a846ea-8c18-4ba2-96b6-cbce0effa2e7.jpg
a4c57e42-9a8d-49ce-8707-a8928aa75feb.jpg,c:\Users\IMG_PRO\Desktop\Image-Processing-Course-2025\Lab6_Hyperparameter-Tuning\data\denoised_lab6_top1\a4c57e42-9a8d-49ce-8707-a8928aa75feb.jpg
a4dacbe1-878d-440f-b72f-f9153b271851.jpg,c:\Users\IMG_PRO\Desktop\Image-Processing-Course-2025\Lab6_Hyperparameter-Tuning\data\denoised_lab6_top1\a4dacbe1-878d-440f-b72f-f9153b271851.jpg
a50c75d1-b595-4f56-b136-0340f3417223.jpg,c:\Users\IMG_PRO\Desktop\Image-Processing-Course-2025\Lab6_Hyperparameter-Tuning\data\denoised_lab6_top1\a50c75d1-b595-4f56-b136-0340f3417223.jpg
a52dbccd-eac0-4463-9e61-e123ef86fd13.jpg,c:\Users\IMG_PRO\Desktop\Image-Processing-Course-2025\Lab6_Hyperparameter-Tuning\data\denoised_lab6_top1\a52dbccd-eac0-4463-9e61-e123ef86fd13.jpg
a54187fc-6b1d-4213-88ee-69ba05259994.jpg,c:\Users\IMG_PRO\Desktop\Image-Processing-Course-2025\Lab6_Hyperparameter-Tuning\data\denoised_lab6_top1\a54187fc-6b1d-4213-88ee-69ba05259994.jpg
a54bed1e-f1ad-4e1b-8ba3-6f4e6a264f9b.jpg,c:\Users\IMG_PRO\Desktop\Image-Processing-Course-2025\Lab6_Hyperparameter-Tuning\data\denoised_lab6_top1\a54bed1e-f1ad-4e1b-8ba3-6f4e6a264f9b.jpg
a5640814-8667-403b-a822-5a4ddce7f00d.jpg,c:\Users\IMG_PRO\Desktop\Image-Processing-Course-2025\Lab6_Hyperparameter-Tuning\data\denoised_lab6_top1\a5640814-8667-403b-a822-5a4ddce7f00d.jpg
a5649766-05ce-42c8-b271-4a9d3750254f.jpg,c:\Users\IMG_PRO\Desktop\Image-Processing-Course-2025\Lab6_Hyperparameter-Tuning\data\denoised_lab6_top1\a5649766-05ce-42c8-b271-4a9d3750254f.jpg
a56fc3e9-ef62-4dc8-a7b2-6608af6b0f76.jpg,c:\Users\IMG_PRO\Desktop\Image-Processing-Course-2025\Lab6_Hyperparameter-Tuning\data\denoised_lab6_top1\a56fc3e9-ef62-4dc8-a7b2-6608af6b0f76.jpg
a5905ea2-3dff-4299-9328-538d4045ed5b.jpg,c:\Users\IMG_PRO\Desktop\Image-Processing-Course-2025\Lab6_Hyperparameter-Tuning\data\denoised_lab6_top1\a5905ea2-3dff-4299-9328-538d4045ed5b.jpg
a5b18e06-1636-4bd3-9928-30d11f73b867.jpg,c:\Users\IMG_PRO\Desktop\Image-Processing-Course-2025\Lab6_Hyperparameter-Tuning\data\denoised_lab6_top1\a5b18e06-1636-4bd3-9928-30d11f73b867.jpg
a5cea706-61c5-44a9-80e9-f37cb32ca6e3.jpg,c:\Users\IMG_PRO\Desktop\Image-Processing-Course-2025\Lab6_Hyperparameter-Tuning\data\denoised_lab6_top1\a5cea706-61c5-44a9-80e9-f37cb32ca6e3.jpg
a5d08bf2-24e6-4df5-aa21-90a08f94d24d.jpg,c:\Users\IMG_PRO\Desktop\Image-Processing-Course-2025\Lab6_Hyperparameter-Tuning\data\denoised_lab6_top1\a5d08bf2-24e6-4df5-aa21-90a08f94d24d.jpg
a5d7c676-c596-4cc4-9806-ce07190c672f.jpg,c:\Users\IMG_PRO\Desktop\Image-Processing-Course-2025\Lab6_Hyperparameter-Tuning\data\denoised_lab6_top1\a5d7c676-c596-4cc4-9806-ce07190c672f.jpg
a5ec9500-41b7-4e77-a6a4-5cec183a32df.jpg,c:\Users\IMG_PRO\Desktop\Image-Processing-Course-2025\Lab6_Hyperparameter-Tuning\data\denoised_lab6_top1\a5ec9500-41b7-4e77-a6a4-5cec183a32df.jpg
a61e7e8d-dad0-4501-966a-098a1d5c8cd3.jpg,c:\Users\IMG_PRO\Desktop\Image-Processing-Course-2025\Lab6_Hyperparameter-Tuning\data\denoised_lab6_top1\a61e7e8d-dad0-4501-966a-098a1d5c8cd3.jpg
a65a9c6f-0ea1-4430-8ebf-5060a6efa1ba.jpg,c:\Users\IMG_PRO\Desktop\Image-Processing-Course-2025\Lab6_Hyperparameter-Tuning\data\denoised_lab6_top1\a65a9c6f-0ea1-4430-8ebf-5060a6efa1ba.jpg
a664a42c-9fa4-4a7f-a9bf-7af66d94f54e.jpg,c:\Users\IMG_PRO\Desktop\Image-Processing-Course-2025\Lab6_Hyperparameter-Tuning\data\denoised_lab6_top1\a664a42c-9fa4-4a7f-a9bf-7af66d94f54e.jpg
a666b9fd-ef02-4981-8f53-a37da82f5014.jpg,c:\Users\IMG_PRO\Desktop\Image-Processing-Course-2025\Lab6_Hyperparameter-Tuning\data\denoised_lab6_top1\a666b9fd-ef02-4981-8f53-a37da82f5014.jpg
a6706401-4a34-41f6-aee7-060dfbf70f0e.jpg,c:\Users\IMG_PRO\Desktop\Image-Processing-Course-2025\Lab6_Hyperparameter-Tuning\data\denoised_lab6_top1\a6706401-4a34-41f6-aee7-060dfbf70f0e.jpg
a6b5980d-8284-40da-b6e3-49ead81a5a74.jpg,c:\Users\IMG_PRO\Desktop\Image-Processing-Course-2025\Lab6_Hyperparameter-Tuning\data\denoised_lab6_top1\a6b5980d-8284-40da-b6e3-49ead81a5a74.jpg
a6fa2f85-29f9-4993-be51-57a0844d3bdf.jpg,c:\Users\IMG_PRO\Desktop\Image-Processing-Course-2025\Lab6_Hyperparameter-Tuning\data\denoised_lab6_top1\a6fa2f85-29f9-4993-be51-57a0844d3bdf.jpg
a7115063-6e2e-4d88-8f11-475f63977a07.jpg,c:\Users\IMG_PRO\Desktop\Image-Processing-Course-2025\Lab6_Hyperparameter-Tuning\data\denoised_lab6_top1\a7115063-6e2e-4d88-8f11-475f63977a07.jpg
a712d32a-b167-4169-882c-d41a8cdd2182.jpg,c:\Users\IMG_PRO\Desktop\Image-Processing-Course-2025\Lab6_Hyperparameter-Tuning\data\denoised_lab6_top1\a712d32a-b167-4169-882c-d41a8cdd2182.jpg
a7153bd4-b48e-4974-b1a4-c5a8e430531f.jpg,c:\Users\IMG_PRO\Desktop\Image-Processing-Course-2025\Lab6_Hyperparameter-Tuning\data\denoised_lab6_top1\a7153bd4-b48e-4974-b1a4-c5a8e430531f.jpg
a74d539b-b85b-4df5-becf-155aa557ec84.jpg,c:\Users\IMG_PRO\Desktop\Image-Processing-Course-2025\Lab6_Hyperparameter-Tuning\data\denoised_lab6_top1\a74d539b-b85b-4df5-becf-155aa557ec84.jpg
a77fb3b8-59b2-43b5-aa82-8ae3a98b6f10.jpg,c:\Users\IMG_PRO\Desktop\Image-Processing-Course-2025\Lab6_Hyperparameter-Tuning\data\denoised_lab6_top1\a77fb3b8-59b2-43b5-aa82-8ae3a98b6f10.jpg
a79880a8-363a-46a6-a37e-e37b69fb7c02.jpg,c:\Users\IMG_PRO\Desktop\Image-Processing-Course-2025\Lab6_Hyperparameter-Tuning\data\denoised_lab6_top1\a79880a8-363a-46a6-a37e-e37b69fb7c02.jpg
a7a14a51-2541-45c4-9de8-39f872d4ba44.jpg,c:\Users\IMG_PRO\Desktop\Image-Processing-Course-2025\Lab6_Hyperparameter-Tuning\data\denoised_lab6_top1\a7a14a51-2541-45c4-9de8-39f872d4ba44.jpg
a805741e-829b-47dd-ad63-c739a33032db.jpg,c:\Users\IMG_PRO\Desktop\Image-Processing-Course-2025\Lab6_Hyperparameter-Tuning\data\denoised_lab6_top1\a805741e-829b-47dd-ad63-c739a33032db.jpg
a814c503-2e6e-4ba3-bfa5-600c527f1324.jpg,c:\Users\IMG_PRO\Desktop\Image-Processing-Course-2025\Lab6_Hyperparameter-Tuning\data\denoised_lab6_top1\a814c503-2e6e-4ba3-bfa5-600c527f1324.jpg
a83b6b49-59c0-46d6-ab8e-2aeadd246061.jpg,c:\Users\IMG_PRO\Desktop\Image-Processing-Course-2025\Lab6_Hyperparameter-Tuning\data\denoised_lab6_top1\a83b6b49-59c0-46d6-ab8e-2aeadd246061.jpg
a842f60e-8537-4988-9e86-b584ae86f1e0.jpg,c:\Users\IMG_PRO\Desktop\Image-Processing-Course-2025\Lab6_Hyperparameter-Tuning\data\denoised_lab6_top1\a842f60e-8537-4988-9e86-b584ae86f1e0.jpg
a8931d60-6714-426b-9dc6-33e63264fef2.jpg,c:\Users\IMG_PRO\Desktop\Image-Processing-Course-2025\Lab6_Hyperparameter-Tuning\data\denoised_lab6_top1\a8931d60-6714-426b-9dc6-33e63264fef2.jpg
a89bcdf6-9db9-4f07-8d73-92651e20208f.jpg,c:\Users\IMG_PRO\Desktop\Image-Processing-Course-2025\Lab6_Hyperparameter-Tuning\data\denoised_lab6_top1\a89bcdf6-9db9-4f07-8d73-92651e20208f.jpg
a8aad6d1-791c-4690-88ce-02ace9db47f9.jpg,c:\Users\IMG_PRO\Desktop\Image-Processing-Course-2025\Lab6_Hyperparameter-Tuning\data\denoised_lab6_top1\a8aad6d1-791c-4690-88ce-02ace9db47f9.jpg
a8cc9238-dd6d-467d-be3b-3461b280d73a.jpg,c:\Users\IMG_PRO\Desktop\Image-Processing-Course-2025\Lab6_Hyperparameter-Tuning\data\denoised_lab6_top1\a8cc9238-dd6d-467d-be3b-3461b280d73a.jpg
a8d4ddba-1388-4ed9-9a5d-31001237c544.jpg,c:\Users\IMG_PRO\Desktop\Image-Processing-Course-2025\Lab6_Hyperparameter-Tuning\data\denoised_lab6_top1\a8d4ddba-1388-4ed9-9a5d-31001237c544.jpg
a8f15028-9548-4800-85fc-92bbc5bce812.jpg,c:\Users\IMG_PRO\Desktop\Image-Processing-Course-2025\Lab6_Hyperparameter-Tuning\data\denoised_lab6_top1\a8f15028-9548-4800-85fc-92bbc5bce812.jpg
a931d8e6-90a7-4089-859e-bdd868ff834f.jpg,c:\Users\IMG_PRO\Desktop\Image-Processing-Course-2025\Lab6_Hyperparameter-Tuning\data\denoised_lab6_top1\a931d8e6-90a7-4089-859e-bdd868ff834f.jpg
a9324cb3-6e44-4f4c-8661-c4eb242ee8e7.jpg,c:\Users\IMG_PRO\Desktop\Image-Processing-Course-2025\Lab6_Hyperparameter-Tuning\data\denoised_lab6_top1\a9324cb3-6e44-4f4c-8661-c4eb242ee8e7.jpg
a951db03-d367-4795-829c-d914f9f6ba9a.jpg,c:\Users\IMG_PRO\Desktop\Image-Processing-Course-2025\Lab6_Hyperparameter-Tuning\data\denoised_lab6_top1\a951db03-d367-4795-829c-d914f9f6ba9a.jpg
a99743f9-1e88-4bf8-bafb-42c79492e77a.jpg,c:\Users\IMG_PRO\Desktop\Image-Processing-Course-2025\Lab6_Hyperparameter-Tuning\data\denoised_lab6_top1\a99743f9-1e88-4bf8-bafb-42c79492e77a.jpg
a9bd35f0-7452-4bba-a7c6-aaa75d96cf85.jpg,c:\Users\IMG_PRO\Desktop\Image-Processing-Course-2025\Lab6_Hyperparameter-Tuning\data\denoised_lab6_top1\a9bd35f0-7452-4bba-a7c6-aaa75d96cf85.jpg
a9d536ea-17d5-4eb5-a4c2-47ccc7bb0fff.jpg,c:\Users\IMG_PRO\Desktop\Image-Processing-Course-2025\Lab6_Hyperparameter-Tuning\data\denoised_lab6_top1\a9d536ea-17d5-4eb5-a4c2-47ccc7bb0fff.jpg
a9ef089c-1f83-4ee0-a46f-77d5168ab9f0.jpg,c:\Users\IMG_PRO\Desktop\Image-Processing-Course-2025\Lab6_Hyperparameter-Tuning\data\denoised_lab6_top1\a9ef089c-1f83-4ee0-a46f-77d5168ab9f0.jpg
aa2dcc4d-7b99-4db8-9afa-3406a08b5d69.jpg,c:\Users\IMG_PRO\Desktop\Image-Processing-Course-2025\Lab6_Hyperparameter-Tuning\data\denoised_lab6_top1\aa2dcc4d-7b99-4db8-9afa-3406a08b5d69.jpg
aac81342-516a-4d55-a1c9-e88530ea64d0.jpg,c:\Users\IMG_PRO\Desktop\Image-Processing-Course-2025\Lab6_Hyperparameter-Tuning\data\denoised_lab6_top1\aac81342-516a-4d55-a1c9-e88530ea64d0.jpg
aafd3fd5-b6f7-4a08-9f93-6be60e4024ed.jpg,c:\Users\IMG_PRO\Desktop\Image-Processing-Course-2025\Lab6_Hyperparameter-Tuning\data\denoised_lab6_top1\aafd3fd5-b6f7-4a08-9f93-6be60e4024ed.jpg
ab3c8c0b-328f-49db-9aad-1716c81d2bd3.jpg,c:\Users\IMG_PRO\Desktop\Image-Processing-Course-2025\Lab6_Hyperparameter-Tuning\data\denoised_lab6_top1\ab3c8c0b-328f-49db-9aad-1716c81d2bd3.jpg
ab5b9f4b-bce8-4988-b3d3-7336b4969170.jpg,c:\Users\IMG_PRO\Desktop\Image-Processing-Course-2025\Lab6_Hyperparameter-Tuning\data\denoised_lab6_top1\ab5b9f4b-bce8-4988-b3d3-7336b4969170.jpg
ab5e8a4a-b08e-465c-ad48-20c36cb5ec54.jpg,c:\Users\IMG_PRO\Desktop\Image-Processing-Course-2025\Lab6_Hyperparameter-Tuning\data\denoised_lab6_top1\ab5e8a4a-b08e-465c-ad48-20c36cb5ec54.jpg
ab60145c-f3ee-40ee-ba28-4ff5e65d6569.jpg,c:\Users\IMG_PRO\Desktop\Image-Processing-Course-2025\Lab6_Hyperparameter-Tuning\data\denoised_lab6_top1\ab60145c-f3ee-40ee-ba28-4ff5e65d6569.jpg
ab983999-a501-4b89-ada7-9cb0252d7cbb.jpg,c:\Users\IMG_PRO\Desktop\Image-Processing-Course-2025\Lab6_Hyperparameter-Tuning\data\denoised_lab6_top1\ab983999-a501-4b89-ada7-9cb0252d7cbb.jpg
aba1a3d3-4c39-4e87-9d31-527b52bf5ce8.jpg,c:\Users\IMG_PRO\Desktop\Image-Processing-Course-2025\Lab6_Hyperparameter-Tuning\data\denoised_lab6_top1\aba1a3d3-4c39-4e87-9d31-527b52bf5ce8.jpg
aba2fda1-37ea-47f4-9734-e167bb115680.jpg,c:\Users\IMG_PRO\Desktop\Image-Processing-Course-2025\Lab6_Hyperparameter-Tuning\data\denoised_lab6_top1\aba2fda1-37ea-47f4-9734-e167bb115680.jpg
abaa5244-91e0-4b28-b611-c4618c90d8bc.jpg,c:\Users\IMG_PRO\Desktop\Image-Processing-Course-2025\Lab6_Hyperparameter-Tuning\data\denoised_lab6_top1\abaa5244-91e0-4b28-b611-c4618c90d8bc.jpg
abbd69fd-7e28-41de-bbc4-b3f0bcba1866.jpg,c:\Users\IMG_PRO\Desktop\Image-Processing-Course-2025\Lab6_Hyperparameter-Tuning\data\denoised_lab6_top1\abbd69fd-7e28-41de-bbc4-b3f0bcba1866.jpg
abbf31c6-587b-4c02-817c-dfa6087c6a9a.jpg,c:\Users\IMG_PRO\Desktop\Image-Processing-Course-2025\Lab6_Hyperparameter-Tuning\data\denoised_lab6_top1\abbf31c6-587b-4c02-817c-dfa6087c6a9a.jpg
ac5a943c-2cd8-4141-80d2-7950139ef9f6.jpg,c:\Users\IMG_PRO\Desktop\Image-Processing-Course-2025\Lab6_Hyperparameter-Tuning\data\denoised_lab6_top1\ac5a943c-2cd8-4141-80d2-7950139ef9f6.jpg
ac5e363b-cbf7-4fc5-ae81-9ee092ed43ee.jpg,c:\Users\IMG_PRO\Desktop\Image-Processing-Course-2025\Lab6_Hyperparameter-Tuning\data\denoised_lab6_top1\ac5e363b-cbf7-4fc5-ae81-9ee092ed43ee.jpg
ac5f5343-e9ea-45b1-9c5c-6764621d2f3d.jpg,c:\Users\IMG_PRO\Desktop\Image-Processing-Course-2025\Lab6_Hyperparameter-Tuning\data\denoised_lab6_top1\ac5f5343-e9ea-45b1-9c5c-6764621d2f3d.jpg
ac77c7e0-b6e8-49f6-8276-e4b851158550.jpg,c:\Users\IMG_PRO\Desktop\Image-Processing-Course-2025\Lab6_Hyperparameter-Tuning\data\denoised_lab6_top1\ac77c7e0-b6e8-49f6-8276-e4b851158550.jpg
ac813c30-96f8-4ddd-8a39-0bcb7364df94.jpg,c:\Users\IMG_PRO\Desktop\Image-Processing-Course-2025\Lab6_Hyperparameter-Tuning\data\denoised_lab6_top1\ac813c30-96f8-4ddd-8a39-0bcb7364df94.jpg
ac9499ca-7abc-4268-906d-849d3d131f0a.jpg,c:\Users\IMG_PRO\Desktop\Image-Processing-Course-2025\Lab6_Hyperparameter-Tuning\data\denoised_lab6_top1\ac9499ca-7abc-4268-906d-849d3d131f0a.jpg
acb8333d-0280-40fa-8f28-d65f84297af0.jpg,c:\Users\IMG_PRO\Desktop\Image-Processing-Course-2025\Lab6_Hyperparameter-Tuning\data\denoised_lab6_top1\acb8333d-0280-40fa-8f28-d65f84297af0.jpg
acd688b7-3d28-46be-80fe-1a82d6ff9779.jpg,c:\Users\IMG_PRO\Desktop\Image-Processing-Course-2025\Lab6_Hyperparameter-Tuning\data\denoised_lab6_top1\acd688b7-3d28-46be-80fe-1a82d6ff9779.jpg
ace4dfc4-bd81-43a2-bc59-88ae3f853af8.jpg,c:\Users\IMG_PRO\Desktop\Image-Processing-Course-2025\Lab6_Hyperparameter-Tuning\data\denoised_lab6_top1\ace4dfc4-bd81-43a2-bc59-88ae3f853af8.jpg
ad0aa654-6cec-4205-91ca-a37f18f48f80.jpg,c:\Users\IMG_PRO\Desktop\Image-Processing-Course-2025\Lab6_Hyperparameter-Tuning\data\denoised_lab6_top1\ad0aa654-6cec-4205-91ca-a37f18f48f80.jpg
ad0abd8c-f130-4c85-b78f-8901f4dfca34.jpg,c:\Users\IMG_PRO\Desktop\Image-Processing-Course-2025\Lab6_Hyperparameter-Tuning\data\denoised_lab6_top1\ad0abd8c-f130-4c85-b78f-8901f4dfca34.jpg
ad29b586-3b8c-4989-89b5-e667891b4ca5.jpg,c:\Users\IMG_PRO\Desktop\Image-Processing-Course-2025\Lab6_Hyperparameter-Tuning\data\denoised_lab6_top1\ad29b586-3b8c-4989-89b5-e667891b4ca5.jpg
ad7cdb7e-2284-4e2c-b0fe-73d56097e10c.jpg,c:\Users\IMG_PRO\Desktop\Image-Processing-Course-2025\Lab6_Hyperparameter-Tuning\data\denoised_lab6_top1\ad7cdb7e-2284-4e2c-b0fe-73d56097e10c.jpg
ad95d2b1-eac3-4771-a06a-8747c03815c3.jpg,c:\Users\IMG_PRO\Desktop\Image-Processing-Course-2025\Lab6_Hyperparameter-Tuning\data\denoised_lab6_top1\ad95d2b1-eac3-4771-a06a-8747c03815c3.jpg
ada1440f-466c-4484-9b83-24d8155af858.jpg,c:\Users\IMG_PRO\Desktop\Image-Processing-Course-2025\Lab6_Hyperparameter-Tuning\data\denoised_lab6_top1\ada1440f-466c-4484-9b83-24d8155af858.jpg
ada3f1fd-43af-426f-96d5-944c97e9489e.jpg,c:\Users\IMG_PRO\Desktop\Image-Processing-Course-2025\Lab6_Hyperparameter-Tuning\data\denoised_lab6_top1\ada3f1fd-43af-426f-96d5-944c97e9489e.jpg
ae3053ac-b774-4967-addd-70809b7a448d.jpg,c:\Users\IMG_PRO\Desktop\Image-Processing-Course-2025\Lab6_Hyperparameter-Tuning\data\denoised_lab6_top1\ae3053ac-b774-4967-addd-70809b7a448d.jpg
ae8b6829-76a4-4958-b0a5-3a407dac7e1e.jpg,c:\Users\IMG_PRO\Desktop\Image-Processing-Course-2025\Lab6_Hyperparameter-Tuning\data\denoised_lab6_top1\ae8b6829-76a4-4958-b0a5-3a407dac7e1e.jpg
aecf077c-5fd8-4764-ac9a-e934f53ad0b1.jpg,c:\Users\IMG_PRO\Desktop\Image-Processing-Course-2025\Lab6_Hyperparameter-Tuning\data\denoised_lab6_top1\aecf077c-5fd8-4764-ac9a-e934f53ad0b1.jpg
aefc37b3-9cbc-4c40-9da8-70a6d0013b69.jpg,c:\Users\IMG_PRO\Desktop\Image-Processing-Course-2025\Lab6_Hyperparameter-Tuning\data\denoised_lab6_top1\aefc37b3-9cbc-4c40-9da8-70a6d0013b69.jpg
aefd1edf-2318-42d3-94d7-5b12f8f007ac.jpg,c:\Users\IMG_PRO\Desktop\Image-Processing-Course-2025\Lab6_Hyperparameter-Tuning\data\denoised_lab6_top1\aefd1edf-2318-42d3-94d7-5b12f8f007ac.jpg
af07cb5b-4bb7-4a37-91fc-c510afff1e0a.jpg,c:\Users\IMG_PRO\Desktop\Image-Processing-Course-2025\Lab6_Hyperparameter-Tuning\data\denoised_lab6_top1\af07cb5b-4bb7-4a37-91fc-c510afff1e0a.jpg
af1b4231-f039-49b8-9128-829f3e74dc73.jpg,c:\Users\IMG_PRO\Desktop\Image-Processing-Course-2025\Lab6_Hyperparameter-Tuning\data\denoised_lab6_top1\af1b4231-f039-49b8-9128-829f3e74dc73.jpg
af22c92e-09ea-4d48-889b-41a545f1b6d7.jpg,c:\Users\IMG_PRO\Desktop\Image-Processing-Course-2025\Lab6_Hyperparameter-Tuning\data\denoised_lab6_top1\af22c92e-09ea-4d48-889b-41a545f1b6d7.jpg
af2a6e51-335b-4d18-9977-2e08d8c29cab.jpg,c:\Users\IMG_PRO\Desktop\Image-Processing-Course-2025\Lab6_Hyperparameter-Tuning\data\denoised_lab6_top1\af2a6e51-335b-4d18-9977-2e08d8c29cab.jpg
af3f8a0d-7d25-42bc-a653-2b1d7a86163a.jpg,c:\Users\IMG_PRO\Desktop\Image-Processing-Course-2025\Lab6_Hyperparameter-Tuning\data\denoised_lab6_top1\af3f8a0d-7d25-42bc-a653-2b1d7a86163a.jpg
b001cc58-a86c-4291-bc22-8117261e1c48.jpg,c:\Users\IMG_PRO\Desktop\Image-Processing-Course-2025\Lab6_Hyperparameter-Tuning\data\denoised_lab6_top1\b001cc58-a86c-4291-bc22-8117261e1c48.jpg
b037e155-02fe-44f3-b901-54235f7a1286.jpg,c:\Users\IMG_PRO\Desktop\Image-Processing-Course-2025\Lab6_Hyperparameter-Tuning\data\denoised_lab6_top1\b037e155-02fe-44f3-b901-54235f7a1286.jpg
b048b4f1-34ff-4c24-a5bf-b0cd01851737.jpg,c:\Users\IMG_PRO\Desktop\Image-Processing-Course-2025\Lab6_Hyperparameter-Tuning\data\denoised_lab6_top1\b048b4f1-34ff-4c24-a5bf-b0cd01851737.jpg
b083c78f-db68-484e-b12f-f2b7cc8ea9b0.jpg,c:\Users\IMG_PRO\Desktop\Image-Processing-Course-2025\Lab6_Hyperparameter-Tuning\data\denoised_lab6_top1\b083c78f-db68-484e-b12f-f2b7cc8ea9b0.jpg
b0d111f0-c3cd-4d98-a530-790ed7254d62.jpg,c:\Users\IMG_PRO\Desktop\Image-Processing-Course-2025\Lab6_Hyperparameter-Tuning\data\denoised_lab6_top1\b0d111f0-c3cd-4d98-a530-790ed7254d62.jpg
b101b093-4bd5-4aca-bd5b-f3cebbeed8a0.jpg,c:\Users\IMG_PRO\Desktop\Image-Processing-Course-2025\Lab6_Hyperparameter-Tuning\data\denoised_lab6_top1\b101b093-4bd5-4aca-bd5b-f3cebbeed8a0.jpg
b13f2464-bb89-45e5-8b4b-c2299e222dfb.jpg,c:\Users\IMG_PRO\Desktop\Image-Processing-Course-2025\Lab6_Hyperparameter-Tuning\data\denoised_lab6_top1\b13f2464-bb89-45e5-8b4b-c2299e222dfb.jpg
b15a5cf1-842c-456e-a5ac-347596d1b2b9.jpg,c:\Users\IMG_PRO\Desktop\Image-Processing-Course-2025\Lab6_Hyperparameter-Tuning\data\denoised_lab6_top1\b15a5cf1-842c-456e-a5ac-347596d1b2b9.jpg
b1dcf5a4-3c0b-480d-a481-430538380b4b.jpg,c:\Users\IMG_PRO\Desktop\Image-Processing-Course-2025\Lab6_Hyperparameter-Tuning\data\denoised_lab6_top1\b1dcf5a4-3c0b-480d-a481-430538380b4b.jpg
b1dd2ff4-d9f1-4bb9-a374-941d9d7dcbb4.jpg,c:\Users\IMG_PRO\Desktop\Image-Processing-Course-2025\Lab6_Hyperparameter-Tuning\data\denoised_lab6_top1\b1dd2ff4-d9f1-4bb9-a374-941d9d7dcbb4.jpg
b1f87e08-0912-4f6c-9182-4c82b6c17e33.jpg,c:\Users\IMG_PRO\Desktop\Image-Processing-Course-2025\Lab6_Hyperparameter-Tuning\data\denoised_lab6_top1\b1f87e08-0912-4f6c-9182-4c82b6c17e33.jpg
b2190474-4539-49a4-b4b0-65a3cde0a62d.jpg,c:\Users\IMG_PRO\Desktop\Image-Processing-Course-2025\Lab6_Hyperparameter-Tuning\data\denoised_lab6_top1\b2190474-4539-49a4-b4b0-65a3cde0a62d.jpg
b224b48f-8159-49a6-9deb-a5236fe31411.jpg,c:\Users\IMG_PRO\Desktop\Image-Processing-Course-2025\Lab6_Hyperparameter-Tuning\data\denoised_lab6_top1\b224b48f-8159-49a6-9deb-a5236fe31411.jpg
b2566d17-e8ad-4b25-8765-f7f7915ebf00.jpg,c:\Users\IMG_PRO\Desktop\Image-Processing-Course-2025\Lab6_Hyperparameter-Tuning\data\denoised_lab6_top1\b2566d17-e8ad-4b25-8765-f7f7915ebf00.jpg
b299ade7-a842-4494-b1c9-a22e64321795.jpg,c:\Users\IMG_PRO\Desktop\Image-Processing-Course-2025\Lab6_Hyperparameter-Tuning\data\denoised_lab6_top1\b299ade7-a842-4494-b1c9-a22e64321795.jpg
b2b9a84e-9dcd-4590-875e-c32aeb11f5a9.jpg,c:\Users\IMG_PRO\Desktop\Image-Processing-Course-2025\Lab6_Hyperparameter-Tuning\data\denoised_lab6_top1\b2b9a84e-9dcd-4590-875e-c32aeb11f5a9.jpg
b2d1d0fb-f38a-4e4d-a285-fd96ab64f653.jpg,c:\Users\IMG_PRO\Desktop\Image-Processing-Course-2025\Lab6_Hyperparameter-Tuning\data\denoised_lab6_top1\b2d1d0fb-f38a-4e4d-a285-fd96ab64f653.jpg
b2fa1966-e353-4845-95f9-df0116a6bb21.jpg,c:\Users\IMG_PRO\Desktop\Image-Processing-Course-2025\Lab6_Hyperparameter-Tuning\data\denoised_lab6_top1\b2fa1966-e353-4845-95f9-df0116a6bb21.jpg
b30c01a9-f2af-45c9-9fd5-05ac6835d9b7.jpg,c:\Users\IMG_PRO\Desktop\Image-Processing-Course-2025\Lab6_Hyperparameter-Tuning\data\denoised_lab6_top1\b30c01a9-f2af-45c9-9fd5-05ac6835d9b7.jpg
b30dfe8a-e5a6-43d9-a288-71272535328a.jpg,c:\Users\IMG_PRO\Desktop\Image-Processing-Course-2025\Lab6_Hyperparameter-Tuning\data\denoised_lab6_top1\b30dfe8a-e5a6-43d9-a288-71272535328a.jpg
b36681d9-4be3-4e69-a07f-23c5e7d1e6af.jpg,c:\Users\IMG_PRO\Desktop\Image-Processing-Course-2025\Lab6_Hyperparameter-Tuning\data\denoised_lab6_top1\b36681d9-4be3-4e69-a07f-23c5e7d1e6af.jpg
b36d04d3-1409-44fe-8241-229f6c51534a.jpg,c:\Users\IMG_PRO\Desktop\Image-Processing-Course-2025\Lab6_Hyperparameter-Tuning\data\denoised_lab6_top1\b36d04d3-1409-44fe-8241-229f6c51534a.jpg
b36d776d-b097-465a-af4f-525f28bc6f67.jpg,c:\Users\IMG_PRO\Desktop\Image-Processing-Course-2025\Lab6_Hyperparameter-Tuning\data\denoised_lab6_top1\b36d776d-b097-465a-af4f-525f28bc6f67.jpg
b390c727-5aac-4452-99f3-1fbb9040574a.jpg,c:\Users\IMG_PRO\Desktop\Image-Processing-Course-2025\Lab6_Hyperparameter-Tuning\data\denoised_lab6_top1\b390c727-5aac-4452-99f3-1fbb9040574a.jpg
b3a8fb14-2b8a-4f25-9ac5-d2c3546885e6.jpg,c:\Users\IMG_PRO\Desktop\Image-Processing-Course-2025\Lab6_Hyperparameter-Tuning\data\denoised_lab6_top1\b3a8fb14-2b8a-4f25-9ac5-d2c3546885e6.jpg
b3d054b3-26d6-42b9-8347-a953cf24dcba.jpg,c:\Users\IMG_PRO\Desktop\Image-Processing-Course-2025\Lab6_Hyperparameter-Tuning\data\denoised_lab6_top1\b3d054b3-26d6-42b9-8347-a953cf24dcba.jpg
b3dcc398-fba5-4421-9c89-6a4e5903dfd5.jpg,c:\Users\IMG_PRO\Desktop\Image-Processing-Course-2025\Lab6_Hyperparameter-Tuning\data\denoised_lab6_top1\b3dcc398-fba5-4421-9c89-6a4e5903dfd5.jpg
b3e29836-318c-4de5-a129-f395fdd94396.jpg,c:\Users\IMG_PRO\Desktop\Image-Processing-Course-2025\Lab6_Hyperparameter-Tuning\data\denoised_lab6_top1\b3e29836-318c-4de5-a129-f395fdd94396.jpg
b402d66d-d251-435a-88d8-e9f6ac9ded5b.jpg,c:\Users\IMG_PRO\Desktop\Image-Processing-Course-2025\Lab6_Hyperparameter-Tuning\data\denoised_lab6_top1\b402d66d-d251-435a-88d8-e9f6ac9ded5b.jpg
b41595e2-d96d-4a68-bde2-4ff33d58de91.jpg,c:\Users\IMG_PRO\Desktop\Image-Processing-Course-2025\Lab6_Hyperparameter-Tuning\data\denoised_lab6_top1\b41595e2-d96d-4a68-bde2-4ff33d58de91.jpg
b455e17d-8bfd-4a93-a99a-49d574d7948f.jpg,c:\Users\IMG_PRO\Desktop\Image-Processing-Course-2025\Lab6_Hyperparameter-Tuning\data\denoised_lab6_top1\b455e17d-8bfd-4a93-a99a-49d574d7948f.jpg
b469133f-4060-4edd-8697-462047636708.jpg,c:\Users\IMG_PRO\Desktop\Image-Processing-Course-2025\Lab6_Hyperparameter-Tuning\data\denoised_lab6_top1\b469133f-4060-4edd-8697-462047636708.jpg
b4d337d9-6f88-47aa-8d19-e40709732adf.jpg,c:\Users\IMG_PRO\Desktop\Image-Processing-Course-2025\Lab6_Hyperparameter-Tuning\data\denoised_lab6_top1\b4d337d9-6f88-47aa-8d19-e40709732adf.jpg
b4e15ac0-8999-4817-af1c-c4bddd0c0b53.jpg,c:\Users\IMG_PRO\Desktop\Image-Processing-Course-2025\Lab6_Hyperparameter-Tuning\data\denoised_lab6_top1\b4e15ac0-8999-4817-af1c-c4bddd0c0b53.jpg
b4f950d4-c6db-4c5f-8673-1255182f7bee.jpg,c:\Users\IMG_PRO\Desktop\Image-Processing-Course-2025\Lab6_Hyperparameter-Tuning\data\denoised_lab6_top1\b4f950d4-c6db-4c5f-8673-1255182f7bee.jpg
b571fb79-7d28-4e75-9c29-42a7ae5e0291.jpg,c:\Users\IMG_PRO\Desktop\Image-Processing-Course-2025\Lab6_Hyperparameter-Tuning\data\denoised_lab6_top1\b571fb79-7d28-4e75-9c29-42a7ae5e0291.jpg
b5a5b64d-0d25-40aa-aa86-91e4e249d5fe.jpg,c:\Users\IMG_PRO\Desktop\Image-Processing-Course-2025\Lab6_Hyperparameter-Tuning\data\denoised_lab6_top1\b5a5b64d-0d25-40aa-aa86-91e4e249d5fe.jpg
b622fed1-8c22-4f6c-9e3d-b28745ec51f9.jpg,c:\Users\IMG_PRO\Desktop\Image-Processing-Course-2025\Lab6_Hyperparameter-Tuning\data\denoised_lab6_top1\b622fed1-8c22-4f6c-9e3d-b28745ec51f9.jpg
b66b7d15-bcd1-488e-ae9e-e951b2e02fc7.jpg,c:\Users\IMG_PRO\Desktop\Image-Processing-Course-2025\Lab6_Hyperparameter-Tuning\data\denoised_lab6_top1\b66b7d15-bcd1-488e-ae9e-e951b2e02fc7.jpg
b67e359e-b345-4e01-bac6-63ed72617ad9.jpg,c:\Users\IMG_PRO\Desktop\Image-Processing-Course-2025\Lab6_Hyperparameter-Tuning\data\denoised_lab6_top1\b67e359e-b345-4e01-bac6-63ed72617ad9.jpg
b6d76966-b667-4adc-8bb9-666feec04270.jpg,c:\Users\IMG_PRO\Desktop\Image-Processing-Course-2025\Lab6_Hyperparameter-Tuning\data\denoised_lab6_top1\b6d76966-b667-4adc-8bb9-666feec04270.jpg
b70f984b-642a-482c-9169-829a3796a897.jpg,c:\Users\IMG_PRO\Desktop\Image-Processing-Course-2025\Lab6_Hyperparameter-Tuning\data\denoised_lab6_top1\b70f984b-642a-482c-9169-829a3796a897.jpg
b7103f6e-e88f-499e-ac38-b1521e05aa5d.jpg,c:\Users\IMG_PRO\Desktop\Image-Processing-Course-2025\Lab6_Hyperparameter-Tuning\data\denoised_lab6_top1\b7103f6e-e88f-499e-ac38-b1521e05aa5d.jpg
b72726e0-9bd3-4982-9b0a-9727733e8d75.jpg,c:\Users\IMG_PRO\Desktop\Image-Processing-Course-2025\Lab6_Hyperparameter-Tuning\data\denoised_lab6_top1\b72726e0-9bd3-4982-9b0a-9727733e8d75.jpg
b7399a9f-1ac4-447a-9163-08d223a54ebd.jpg,c:\Users\IMG_PRO\Desktop\Image-Processing-Course-2025\Lab6_Hyperparameter-Tuning\data\denoised_lab6_top1\b7399a9f-1ac4-447a-9163-08d223a54ebd.jpg
b76159e9-83f8-40be-97d3-fa057fc886da.jpg,c:\Users\IMG_PRO\Desktop\Image-Processing-Course-2025\Lab6_Hyperparameter-Tuning\data\denoised_lab6_top1\b76159e9-83f8-40be-97d3-fa057fc886da.jpg
b76e5993-df9a-4250-9126-99fa4ca51341.jpg,c:\Users\IMG_PRO\Desktop\Image-Processing-Course-2025\Lab6_Hyperparameter-Tuning\data\denoised_lab6_top1\b76e5993-df9a-4250-9126-99fa4ca51341.jpg
b778a9b7-9ca4-49dc-8c36-629dc281cd87.jpg,c:\Users\IMG_PRO\Desktop\Image-Processing-Course-2025\Lab6_Hyperparameter-Tuning\data\denoised_lab6_top1\b778a9b7-9ca4-49dc-8c36-629dc281cd87.jpg
b7793083-b922-4cca-b41c-c9f04125a72a.jpg,c:\Users\IMG_PRO\Desktop\Image-Processing-Course-2025\Lab6_Hyperparameter-Tuning\data\denoised_lab6_top1\b7793083-b922-4cca-b41c-c9f04125a72a.jpg
b7a3aee8-99de-4d85-8e1a-8b6000bbe4c2.jpg,c:\Users\IMG_PRO\Desktop\Image-Processing-Course-2025\Lab6_Hyperparameter-Tuning\data\denoised_lab6_top1\b7a3aee8-99de-4d85-8e1a-8b6000bbe4c2.jpg
b7b824bb-3dde-48f6-adee-73f40d01c579.jpg,c:\Users\IMG_PRO\Desktop\Image-Processing-Course-2025\Lab6_Hyperparameter-Tuning\data\denoised_lab6_top1\b7b824bb-3dde-48f6-adee-73f40d01c579.jpg
b7d87602-0610-4ed7-89c8-98d4914d1035.jpg,c:\Users\IMG_PRO\Desktop\Image-Processing-Course-2025\Lab6_Hyperparameter-Tuning\data\denoised_lab6_top1\b7d87602-0610-4ed7-89c8-98d4914d1035.jpg
b7e07a77-992e-4482-aa69-76ff01491238.jpg,c:\Users\IMG_PRO\Desktop\Image-Processing-Course-2025\Lab6_Hyperparameter-Tuning\data\denoised_lab6_top1\b7e07a77-992e-4482-aa69-76ff01491238.jpg
b80db113-614c-492b-b594-35e5bafd6296.jpg,c:\Users\IMG_PRO\Desktop\Image-Processing-Course-2025\Lab6_Hyperparameter-Tuning\data\denoised_lab6_top1\b80db113-614c-492b-b594-35e5bafd6296.jpg
b8336c0d-4ec5-45f6-8936-5a4921432c9e.jpg,c:\Users\IMG_PRO\Desktop\Image-Processing-Course-2025\Lab6_Hyperparameter-Tuning\data\denoised_lab6_top1\b8336c0d-4ec5-45f6-8936-5a4921432c9e.jpg
b8365140-062e-4493-8eb7-7c450840d7f1.jpg,c:\Users\IMG_PRO\Desktop\Image-Processing-Course-2025\Lab6_Hyperparameter-Tuning\data\denoised_lab6_top1\b8365140-062e-4493-8eb7-7c450840d7f1.jpg
b898ee83-565d-4105-9fd9-fc60566fbbc1.jpg,c:\Users\IMG_PRO\Desktop\Image-Processing-Course-2025\Lab6_Hyperparameter-Tuning\data\denoised_lab6_top1\b898ee83-565d-4105-9fd9-fc60566fbbc1.jpg
b8a6d5c3-ec88-4bd4-aa4b-a261d2979865.jpg,c:\Users\IMG_PRO\Desktop\Image-Processing-Course-2025\Lab6_Hyperparameter-Tuning\data\denoised_lab6_top1\b8a6d5c3-ec88-4bd4-aa4b-a261d2979865.jpg
b918ed60-bd24-40dd-8bc5-9e81f1c39854.jpg,c:\Users\IMG_PRO\Desktop\Image-Processing-Course-2025\Lab6_Hyperparameter-Tuning\data\denoised_lab6_top1\b918ed60-bd24-40dd-8bc5-9e81f1c39854.jpg
b930b855-62c0-4797-9753-c2c609e40b5c.jpg,c:\Users\IMG_PRO\Desktop\Image-Processing-Course-2025\Lab6_Hyperparameter-Tuning\data\denoised_lab6_top1\b930b855-62c0-4797-9753-c2c609e40b5c.jpg
b9f23384-283f-411f-b01c-da8051d55679.jpg,c:\Users\IMG_PRO\Desktop\Image-Processing-Course-2025\Lab6_Hyperparameter-Tuning\data\denoised_lab6_top1\b9f23384-283f-411f-b01c-da8051d55679.jpg
b9fecf82-e033-4ad5-ba5f-995953fc0b21.jpg,c:\Users\IMG_PRO\Desktop\Image-Processing-Course-2025\Lab6_Hyperparameter-Tuning\data\denoised_lab6_top1\b9fecf82-e033-4ad5-ba5f-995953fc0b21.jpg
ba50f99f-addb-4ee3-b084-be6f392f9dc3.jpg,c:\Users\IMG_PRO\Desktop\Image-Processing-Course-2025\Lab6_Hyperparameter-Tuning\data\denoised_lab6_top1\ba50f99f-addb-4ee3-b084-be6f392f9dc3.jpg
ba707ba5-faf7-43a4-a8cb-d2562b47995c.jpg,c:\Users\IMG_PRO\Desktop\Image-Processing-Course-2025\Lab6_Hyperparameter-Tuning\data\denoised_lab6_top1\ba707ba5-faf7-43a4-a8cb-d2562b47995c.jpg
ba893fb0-f2cb-4227-bce2-41883ff14a97.jpg,c:\Users\IMG_PRO\Desktop\Image-Processing-Course-2025\Lab6_Hyperparameter-Tuning\data\denoised_lab6_top1\ba893fb0-f2cb-4227-bce2-41883ff14a97.jpg
ba8a4c39-0907-4539-937d-fd668e9e6ae7.jpg,c:\Users\IMG_PRO\Desktop\Image-Processing-Course-2025\Lab6_Hyperparameter-Tuning\data\denoised_lab6_top1\ba8a4c39-0907-4539-937d-fd668e9e6ae7.jpg
bac78a48-ffc0-46b3-8c06-1f1cce0c1070.jpg,c:\Users\IMG_PRO\Desktop\Image-Processing-Course-2025\Lab6_Hyperparameter-Tuning\data\denoised_lab6_top1\bac78a48-ffc0-46b3-8c06-1f1cce0c1070.jpg
baf45450-3657-4aa0-8c83-c16123f9cb26.jpg,c:\Users\IMG_PRO\Desktop\Image-Processing-Course-2025\Lab6_Hyperparameter-Tuning\data\denoised_lab6_top1\baf45450-3657-4aa0-8c83-c16123f9cb26.jpg
bb1aef15-3a58-4009-be58-1380a5aa136d.jpg,c:\Users\IMG_PRO\Desktop\Image-Processing-Course-2025\Lab6_Hyperparameter-Tuning\data\denoised_lab6_top1\bb1aef15-3a58-4009-be58-1380a5aa136d.jpg
bb248d1e-0922-46c3-85f5-322b9c641327.jpg,c:\Users\IMG_PRO\Desktop\Image-Processing-Course-2025\Lab6_Hyperparameter-Tuning\data\denoised_lab6_top1\bb248d1e-0922-46c3-85f5-322b9c641327.jpg
bb89f4c6-2553-4868-8b72-b0d5a028f080.jpg,c:\Users\IMG_PRO\Desktop\Image-Processing-Course-2025\Lab6_Hyperparameter-Tuning\data\denoised_lab6_top1\bb89f4c6-2553-4868-8b72-b0d5a028f080.jpg
bbacc4e3-9cad-4245-83b3-b14bc3448591.jpg,c:\Users\IMG_PRO\Desktop\Image-Processing-Course-2025\Lab6_Hyperparameter-Tuning\data\denoised_lab6_top1\bbacc4e3-9cad-4245-83b3-b14bc3448591.jpg
bc03dbd8-a724-4ad9-b3fc-1fe6d0b34b53.jpg,c:\Users\IMG_PRO\Desktop\Image-Processing-Course-2025\Lab6_Hyperparameter-Tuning\data\denoised_lab6_top1\bc03dbd8-a724-4ad9-b3fc-1fe6d0b34b53.jpg
bc1331fa-78f1-4de0-89da-b035e6644c57.jpg,c:\Users\IMG_PRO\Desktop\Image-Processing-Course-2025\Lab6_Hyperparameter-Tuning\data\denoised_lab6_top1\bc1331fa-78f1-4de0-89da-b035e6644c57.jpg
bc3fa32f-afe0-4f79-9513-154b4590f1e2.jpg,c:\Users\IMG_PRO\Desktop\Image-Processing-Course-2025\Lab6_Hyperparameter-Tuning\data\denoised_lab6_top1\bc3fa32f-afe0-4f79-9513-154b4590f1e2.jpg
bc408d1f-f8ee-4540-8cae-a7388a461e5e.jpg,c:\Users\IMG_PRO\Desktop\Image-Processing-Course-2025\Lab6_Hyperparameter-Tuning\data\denoised_lab6_top1\bc408d1f-f8ee-4540-8cae-a7388a461e5e.jpg
bc532d69-6b45-4b11-9770-4cb94423edc6.jpg,c:\Users\IMG_PRO\Desktop\Image-Processing-Course-2025\Lab6_Hyperparameter-Tuning\data\denoised_lab6_top1\bc532d69-6b45-4b11-9770-4cb94423edc6.jpg
bc8550b0-c73b-42b0-af76-8fdd5912f7e2.jpg,c:\Users\IMG_PRO\Desktop\Image-Processing-Course-2025\Lab6_Hyperparameter-Tuning\data\denoised_lab6_top1\bc8550b0-c73b-42b0-af76-8fdd5912f7e2.jpg
bcb6a364-ef63-4d27-9be7-46c5e04168af.jpg,c:\Users\IMG_PRO\Desktop\Image-Processing-Course-2025\Lab6_Hyperparameter-Tuning\data\denoised_lab6_top1\bcb6a364-ef63-4d27-9be7-46c5e04168af.jpg
bcd8e17e-1b7d-4b15-ab17-e02c9781668b.jpg,c:\Users\IMG_PRO\Desktop\Image-Processing-Course-2025\Lab6_Hyperparameter-Tuning\data\denoised_lab6_top1\bcd8e17e-1b7d-4b15-ab17-e02c9781668b.jpg
bcfbb48c-6441-47bd-b837-5d549b5abf6c.jpg,c:\Users\IMG_PRO\Desktop\Image-Processing-Course-2025\Lab6_Hyperparameter-Tuning\data\denoised_lab6_top1\bcfbb48c-6441-47bd-b837-5d549b5abf6c.jpg
bd197913-a013-48fb-9659-31a0f8020cd2.jpg,c:\Users\IMG_PRO\Desktop\Image-Processing-Course-2025\Lab6_Hyperparameter-Tuning\data\denoised_lab6_top1\bd197913-a013-48fb-9659-31a0f8020cd2.jpg
bd3213c2-b24f-4a41-adf7-1db241846986.jpg,c:\Users\IMG_PRO\Desktop\Image-Processing-Course-2025\Lab6_Hyperparameter-Tuning\data\denoised_lab6_top1\bd3213c2-b24f-4a41-adf7-1db241846986.jpg
bd4d0a36-5f73-4130-8e9c-baa071a6ffb5.jpg,c:\Users\IMG_PRO\Desktop\Image-Processing-Course-2025\Lab6_Hyperparameter-Tuning\data\denoised_lab6_top1\bd4d0a36-5f73-4130-8e9c-baa071a6ffb5.jpg
bd50e5c1-a900-4d4a-a813-d52fcdef2383.jpg,c:\Users\IMG_PRO\Desktop\Image-Processing-Course-2025\Lab6_Hyperparameter-Tuning\data\denoised_lab6_top1\bd50e5c1-a900-4d4a-a813-d52fcdef2383.jpg
bd7c3814-0471-4cf7-88dc-0171c8c6f418.jpg,c:\Users\IMG_PRO\Desktop\Image-Processing-Course-2025\Lab6_Hyperparameter-Tuning\data\denoised_lab6_top1\bd7c3814-0471-4cf7-88dc-0171c8c6f418.jpg
bdb07418-1d1e-4d32-8396-2f2ec1baaadd.jpg,c:\Users\IMG_PRO\Desktop\Image-Processing-Course-2025\Lab6_Hyperparameter-Tuning\data\denoised_lab6_top1\bdb07418-1d1e-4d32-8396-2f2ec1baaadd.jpg
bdfeedb5-4196-42e0-8fb9-30ddae4f8dde.jpg,c:\Users\IMG_PRO\Desktop\Image-Processing-Course-2025\Lab6_Hyperparameter-Tuning\data\denoised_lab6_top1\bdfeedb5-4196-42e0-8fb9-30ddae4f8dde.jpg
be1c7740-6a41-4053-af0b-09281a60f2b2.jpg,c:\Users\IMG_PRO\Desktop\Image-Processing-Course-2025\Lab6_Hyperparameter-Tuning\data\denoised_lab6_top1\be1c7740-6a41-4053-af0b-09281a60f2b2.jpg
be7d04f0-fdfc-4af5-9538-8fce982a0898.jpg,c:\Users\IMG_PRO\Desktop\Image-Processing-Course-2025\Lab6_Hyperparameter-Tuning\data\denoised_lab6_top1\be7d04f0-fdfc-4af5-9538-8fce982a0898.jpg
be9d2e2b-2304-4b5f-b01d-2534a681357a.jpg,c:\Users\IMG_PRO\Desktop\Image-Processing-Course-2025\Lab6_Hyperparameter-Tuning\data\denoised_lab6_top1\be9d2e2b-2304-4b5f-b01d-2534a681357a.jpg
bed2cf25-b9bc-4c83-9682-b8554293cad7.jpg,c:\Users\IMG_PRO\Desktop\Image-Processing-Course-2025\Lab6_Hyperparameter-Tuning\data\denoised_lab6_top1\bed2cf25-b9bc-4c83-9682-b8554293cad7.jpg
bf21267a-5b9c-4c27-ad8c-690cf7c9982d.jpg,c:\Users\IMG_PRO\Desktop\Image-Processing-Course-2025\Lab6_Hyperparameter-Tuning\data\denoised_lab6_top1\bf21267a-5b9c-4c27-ad8c-690cf7c9982d.jpg
bf23d26d-c614-45ca-b4e7-7671b7c1a7a1.jpg,c:\Users\IMG_PRO\Desktop\Image-Processing-Course-2025\Lab6_Hyperparameter-Tuning\data\denoised_lab6_top1\bf23d26d-c614-45ca-b4e7-7671b7c1a7a1.jpg
bf37e0a9-0a0a-404d-977e-cb11763fa439.jpg,c:\Users\IMG_PRO\Desktop\Image-Processing-Course-2025\Lab6_Hyperparameter-Tuning\data\denoised_lab6_top1\bf37e0a9-0a0a-404d-977e-cb11763fa439.jpg
bf57565a-a91a-4f75-a57e-79c0868567c7.jpg,c:\Users\IMG_PRO\Desktop\Image-Processing-Course-2025\Lab6_Hyperparameter-Tuning\data\denoised_lab6_top1\bf57565a-a91a-4f75-a57e-79c0868567c7.jpg
bf6b5318-a11f-4887-9cf9-4de244ff91f7.jpg,c:\Users\IMG_PRO\Desktop\Image-Processing-Course-2025\Lab6_Hyperparameter-Tuning\data\denoised_lab6_top1\bf6b5318-a11f-4887-9cf9-4de244ff91f7.jpg
bf7b454a-e712-4f13-b3b2-bcf3c2db8e2d.jpg,c:\Users\IMG_PRO\Desktop\Image-Processing-Course-2025\Lab6_Hyperparameter-Tuning\data\denoised_lab6_top1\bf7b454a-e712-4f13-b3b2-bcf3c2db8e2d.jpg
bf960cd8-b7c6-4779-8ddb-c8824324b3cd.jpg,c:\Users\IMG_PRO\Desktop\Image-Processing-Course-2025\Lab6_Hyperparameter-Tuning\data\denoised_lab6_top1\bf960cd8-b7c6-4779-8ddb-c8824324b3cd.jpg
bf975b5f-98ca-42fd-be8e-a04bcadce2e9.jpg,c:\Users\IMG_PRO\Desktop\Image-Processing-Course-2025\Lab6_Hyperparameter-Tuning\data\denoised_lab6_top1\bf975b5f-98ca-42fd-be8e-a04bcadce2e9.jpg
bfcee1aa-9159-4882-9af5-b4b0d62d4860.jpg,c:\Users\IMG_PRO\Desktop\Image-Processing-Course-2025\Lab6_Hyperparameter-Tuning\data\denoised_lab6_top1\bfcee1aa-9159-4882-9af5-b4b0d62d4860.jpg
bfd0880f-4ad5-49d2-908c-686c807fdec2.jpg,c:\Users\IMG_PRO\Desktop\Image-Processing-Course-2025\Lab6_Hyperparameter-Tuning\data\denoised_lab6_top1\bfd0880f-4ad5-49d2-908c-686c807fdec2.jpg
bfd8513f-1acb-419a-9749-9a17864f1096.jpg,c:\Users\IMG_PRO\Desktop\Image-Processing-Course-2025\Lab6_Hyperparameter-Tuning\data\denoised_lab6_top1\bfd8513f-1acb-419a-9749-9a17864f1096.jpg
c03f7d34-71c7-4e2a-9396-9bcac7873f0f.jpg,c:\Users\IMG_PRO\Desktop\Image-Processing-Course-2025\Lab6_Hyperparameter-Tuning\data\denoised_lab6_top1\c03f7d34-71c7-4e2a-9396-9bcac7873f0f.jpg
c055d6a3-a30e-4d56-b1e0-51deb9f9d9c1.jpg,c:\Users\IMG_PRO\Desktop\Image-Processing-Course-2025\Lab6_Hyperparameter-Tuning\data\denoised_lab6_top1\c055d6a3-a30e-4d56-b1e0-51deb9f9d9c1.jpg
c05db4cd-7a7f-4161-a589-b2c9399da1c8.jpg,c:\Users\IMG_PRO\Desktop\Image-Processing-Course-2025\Lab6_Hyperparameter-Tuning\data\denoised_lab6_top1\c05db4cd-7a7f-4161-a589-b2c9399da1c8.jpg
c07a81ca-e851-45d1-93b0-47fa548ac100.jpg,c:\Users\IMG_PRO\Desktop\Image-Processing-Course-2025\Lab6_Hyperparameter-Tuning\data\denoised_lab6_top1\c07a81ca-e851-45d1-93b0-47fa548ac100.jpg
c0a8152a-95c7-41d4-9eb2-29e96e2266be.jpg,c:\Users\IMG_PRO\Desktop\Image-Processing-Course-2025\Lab6_Hyperparameter-Tuning\data\denoised_lab6_top1\c0a8152a-95c7-41d4-9eb2-29e96e2266be.jpg
c0b20b64-7bed-4975-b354-a2730844a849.jpg,c:\Users\IMG_PRO\Desktop\Image-Processing-Course-2025\Lab6_Hyperparameter-Tuning\data\denoised_lab6_top1\c0b20b64-7bed-4975-b354-a2730844a849.jpg
c0c4b0f3-7908-4c5b-91f4-fa54ca24c839.jpg,c:\Users\IMG_PRO\Desktop\Image-Processing-Course-2025\Lab6_Hyperparameter-Tuning\data\denoised_lab6_top1\c0c4b0f3-7908-4c5b-91f4-fa54ca24c839.jpg
c0ceab01-ca0f-4709-b769-937f21179b01.jpg,c:\Users\IMG_PRO\Desktop\Image-Processing-Course-2025\Lab6_Hyperparameter-Tuning\data\denoised_lab6_top1\c0ceab01-ca0f-4709-b769-937f21179b01.jpg
c0f672fe-a4dc-4ccb-b2b5-f64e9988dc08.jpg,c:\Users\IMG_PRO\Desktop\Image-Processing-Course-2025\Lab6_Hyperparameter-Tuning\data\denoised_lab6_top1\c0f672fe-a4dc-4ccb-b2b5-f64e9988dc08.jpg
c117dd19-4d81-4044-a289-75dc054fa811.jpg,c:\Users\IMG_PRO\Desktop\Image-Processing-Course-2025\Lab6_Hyperparameter-Tuning\data\denoised_lab6_top1\c117dd19-4d81-4044-a289-75dc054fa811.jpg
c11b0d46-7f39-4b0b-bac4-e2b419d072cc.jpg,c:\Users\IMG_PRO\Desktop\Image-Processing-Course-2025\Lab6_Hyperparameter-Tuning\data\denoised_lab6_top1\c11b0d46-7f39-4b0b-bac4-e2b419d072cc.jpg
c1211ece-c718-4034-b7d6-0d06d4ea519e.jpg,c:\Users\IMG_PRO\Desktop\Image-Processing-Course-2025\Lab6_Hyperparameter-Tuning\data\denoised_lab6_top1\c1211ece-c718-4034-b7d6-0d06d4ea519e.jpg
c17f8b81-49eb-4897-8b51-fd2033c30cc0.jpg,c:\Users\IMG_PRO\Desktop\Image-Processing-Course-2025\Lab6_Hyperparameter-Tuning\data\denoised_lab6_top1\c17f8b81-49eb-4897-8b51-fd2033c30cc0.jpg
c1a7a6f7-80ba-42ce-b1e6-1b5d156a9ba3.jpg,c:\Users\IMG_PRO\Desktop\Image-Processing-Course-2025\Lab6_Hyperparameter-Tuning\data\denoised_lab6_top1\c1a7a6f7-80ba-42ce-b1e6-1b5d156a9ba3.jpg
c1bd57d1-d090-478d-9965-f9c79102e7b4.jpg,c:\Users\IMG_PRO\Desktop\Image-Processing-Course-2025\Lab6_Hyperparameter-Tuning\data\denoised_lab6_top1\c1bd57d1-d090-478d-9965-f9c79102e7b4.jpg
c1d02e3c-b975-4bc1-b129-cdc68976db21.jpg,c:\Users\IMG_PRO\Desktop\Image-Processing-Course-2025\Lab6_Hyperparameter-Tuning\data\denoised_lab6_top1\c1d02e3c-b975-4bc1-b129-cdc68976db21.jpg
c22ee0e3-7676-46de-9962-5b9618e6433f.jpg,c:\Users\IMG_PRO\Desktop\Image-Processing-Course-2025\Lab6_Hyperparameter-Tuning\data\denoised_lab6_top1\c22ee0e3-7676-46de-9962-5b9618e6433f.jpg
c23eb21d-3378-4648-8cca-6995884224f5.jpg,c:\Users\IMG_PRO\Desktop\Image-Processing-Course-2025\Lab6_Hyperparameter-Tuning\data\denoised_lab6_top1\c23eb21d-3378-4648-8cca-6995884224f5.jpg
c26d15dd-4a05-4e24-ac5d-8cdb71d3c0c4.jpg,c:\Users\IMG_PRO\Desktop\Image-Processing-Course-2025\Lab6_Hyperparameter-Tuning\data\denoised_lab6_top1\c26d15dd-4a05-4e24-ac5d-8cdb71d3c0c4.jpg
c2a50090-251a-46a0-9267-ac2b381b23eb.jpg,c:\Users\IMG_PRO\Desktop\Image-Processing-Course-2025\Lab6_Hyperparameter-Tuning\data\denoised_lab6_top1\c2a50090-251a-46a0-9267-ac2b381b23eb.jpg
c2afa26e-02d9-4931-ad46-a3652c727f9d.jpg,c:\Users\IMG_PRO\Desktop\Image-Processing-Course-2025\Lab6_Hyperparameter-Tuning\data\denoised_lab6_top1\c2afa26e-02d9-4931-ad46-a3652c727f9d.jpg
c2b57da2-b15a-4424-928d-f86fe4a6d9dc.jpg,c:\Users\IMG_PRO\Desktop\Image-Processing-Course-2025\Lab6_Hyperparameter-Tuning\data\denoised_lab6_top1\c2b57da2-b15a-4424-928d-f86fe4a6d9dc.jpg
c2d9e04f-5b4d-44a9-85e6-263804376370.jpg,c:\Users\IMG_PRO\Desktop\Image-Processing-Course-2025\Lab6_Hyperparameter-Tuning\data\denoised_lab6_top1\c2d9e04f-5b4d-44a9-85e6-263804376370.jpg
c2fa5afe-15d5-4a3c-929b-0e69a498e381.jpg,c:\Users\IMG_PRO\Desktop\Image-Processing-Course-2025\Lab6_Hyperparameter-Tuning\data\denoised_lab6_top1\c2fa5afe-15d5-4a3c-929b-0e69a498e381.jpg
c30196bd-c9d5-45f1-8e73-bf9f850c8a9c.jpg,c:\Users\IMG_PRO\Desktop\Image-Processing-Course-2025\Lab6_Hyperparameter-Tuning\data\denoised_lab6_top1\c30196bd-c9d5-45f1-8e73-bf9f850c8a9c.jpg
c31afae8-3506-4954-8791-18d83a559128.jpg,c:\Users\IMG_PRO\Desktop\Image-Processing-Course-2025\Lab6_Hyperparameter-Tuning\data\denoised_lab6_top1\c31afae8-3506-4954-8791-18d83a559128.jpg
c3227120-fef9-4671-9716-121b45529265.jpg,c:\Users\IMG_PRO\Desktop\Image-Processing-Course-2025\Lab6_Hyperparameter-Tuning\data\denoised_lab6_top1\c3227120-fef9-4671-9716-121b45529265.jpg
c32ac898-0457-46c1-99c9-e4beea0f6677.jpg,c:\Users\IMG_PRO\Desktop\Image-Processing-Course-2025\Lab6_Hyperparameter-Tuning\data\denoised_lab6_top1\c32ac898-0457-46c1-99c9-e4beea0f6677.jpg
c36101e4-1985-4c6e-acab-bcfa5d0a061e.jpg,c:\Users\IMG_PRO\Desktop\Image-Processing-Course-2025\Lab6_Hyperparameter-Tuning\data\denoised_lab6_top1\c36101e4-1985-4c6e-acab-bcfa5d0a061e.jpg
c379dfbe-3a58-42e6-828f-398a8d47c87d.jpg,c:\Users\IMG_PRO\Desktop\Image-Processing-Course-2025\Lab6_Hyperparameter-Tuning\data\denoised_lab6_top1\c379dfbe-3a58-42e6-828f-398a8d47c87d.jpg
c3e75d4c-3da4-456f-ac07-f7314df31f6c.jpg,c:\Users\IMG_PRO\Desktop\Image-Processing-Course-2025\Lab6_Hyperparameter-Tuning\data\denoised_lab6_top1\c3e75d4c-3da4-456f-ac07-f7314df31f6c.jpg
c45fa6c9-f3ba-4ca6-a1d2-18bfbedc8692.jpg,c:\Users\IMG_PRO\Desktop\Image-Processing-Course-2025\Lab6_Hyperparameter-Tuning\data\denoised_lab6_top1\c45fa6c9-f3ba-4ca6-a1d2-18bfbedc8692.jpg
c4cb66ce-55d4-44f8-99b4-297a035da38c.jpg,c:\Users\IMG_PRO\Desktop\Image-Processing-Course-2025\Lab6_Hyperparameter-Tuning\data\denoised_lab6_top1\c4cb66ce-55d4-44f8-99b4-297a035da38c.jpg
c4cf4b59-b6b0-4823-8e21-34d8a5fac64a.jpg,c:\Users\IMG_PRO\Desktop\Image-Processing-Course-2025\Lab6_Hyperparameter-Tuning\data\denoised_lab6_top1\c4cf4b59-b6b0-4823-8e21-34d8a5fac64a.jpg
c4dfbae1-6827-49ac-a8d9-b01a06978b01.jpg,c:\Users\IMG_PRO\Desktop\Image-Processing-Course-2025\Lab6_Hyperparameter-Tuning\data\denoised_lab6_top1\c4dfbae1-6827-49ac-a8d9-b01a06978b01.jpg
c4fb2921-ab0b-4549-b0b9-8085a222dfcf.jpg,c:\Users\IMG_PRO\Desktop\Image-Processing-Course-2025\Lab6_Hyperparameter-Tuning\data\denoised_lab6_top1\c4fb2921-ab0b-4549-b0b9-8085a222dfcf.jpg
c50764a3-30c9-4875-9510-2fb4d1297c7d.jpg,c:\Users\IMG_PRO\Desktop\Image-Processing-Course-2025\Lab6_Hyperparameter-Tuning\data\denoised_lab6_top1\c50764a3-30c9-4875-9510-2fb4d1297c7d.jpg
c538ff37-5d51-4856-b844-0f9ac1104588.jpg,c:\Users\IMG_PRO\Desktop\Image-Processing-Course-2025\Lab6_Hyperparameter-Tuning\data\denoised_lab6_top1\c538ff37-5d51-4856-b844-0f9ac1104588.jpg
c5427ffa-2868-4353-9ee0-70dd0faecf06.jpg,c:\Users\IMG_PRO\Desktop\Image-Processing-Course-2025\Lab6_Hyperparameter-Tuning\data\denoised_lab6_top1\c5427ffa-2868-4353-9ee0-70dd0faecf06.jpg
c54ff344-0aee-4bec-9929-06e0169f0ee9.jpg,c:\Users\IMG_PRO\Desktop\Image-Processing-Course-2025\Lab6_Hyperparameter-Tuning\data\denoised_lab6_top1\c54ff344-0aee-4bec-9929-06e0169f0ee9.jpg
c551f9f0-b406-4541-b420-cba6e8832935.jpg,c:\Users\IMG_PRO\Desktop\Image-Processing-Course-2025\Lab6_Hyperparameter-Tuning\data\denoised_lab6_top1\c551f9f0-b406-4541-b420-cba6e8832935.jpg
c56011da-9de5-49b4-90b4-b63342543093.jpg,c:\Users\IMG_PRO\Desktop\Image-Processing-Course-2025\Lab6_Hyperparameter-Tuning\data\denoised_lab6_top1\c56011da-9de5-49b4-90b4-b63342543093.jpg
c580f573-70cd-4d66-b76f-18560d6f0dba.jpg,c:\Users\IMG_PRO\Desktop\Image-Processing-Course-2025\Lab6_Hyperparameter-Tuning\data\denoised_lab6_top1\c580f573-70cd-4d66-b76f-18560d6f0dba.jpg
c5bf53c9-1ff5-4bcd-ac85-5659a378b2d6.jpg,c:\Users\IMG_PRO\Desktop\Image-Processing-Course-2025\Lab6_Hyperparameter-Tuning\data\denoised_lab6_top1\c5bf53c9-1ff5-4bcd-ac85-5659a378b2d6.jpg
c5cd0fd9-5293-4dda-8c9f-00bed57d0ac8.jpg,c:\Users\IMG_PRO\Desktop\Image-Processing-Course-2025\Lab6_Hyperparameter-Tuning\data\denoised_lab6_top1\c5cd0fd9-5293-4dda-8c9f-00bed57d0ac8.jpg
c5f08b17-6648-4941-99e9-316f9201b201.jpg,c:\Users\IMG_PRO\Desktop\Image-Processing-Course-2025\Lab6_Hyperparameter-Tuning\data\denoised_lab6_top1\c5f08b17-6648-4941-99e9-316f9201b201.jpg
c6080393-8cd4-43a1-97f6-154ea1a4b66a.jpg,c:\Users\IMG_PRO\Desktop\Image-Processing-Course-2025\Lab6_Hyperparameter-Tuning\data\denoised_lab6_top1\c6080393-8cd4-43a1-97f6-154ea1a4b66a.jpg
c63de77b-1b05-44dd-9ad6-1a90bb4628eb.jpg,c:\Users\IMG_PRO\Desktop\Image-Processing-Course-2025\Lab6_Hyperparameter-Tuning\data\denoised_lab6_top1\c63de77b-1b05-44dd-9ad6-1a90bb4628eb.jpg
c65283e5-6568-4bac-bf2e-562fc1857da1.jpg,c:\Users\IMG_PRO\Desktop\Image-Processing-Course-2025\Lab6_Hyperparameter-Tuning\data\denoised_lab6_top1\c65283e5-6568-4bac-bf2e-562fc1857da1.jpg
c69e6a9f-c817-41a2-b270-3bfa11556aa1.jpg,c:\Users\IMG_PRO\Desktop\Image-Processing-Course-2025\Lab6_Hyperparameter-Tuning\data\denoised_lab6_top1\c69e6a9f-c817-41a2-b270-3bfa11556aa1.jpg
c6a15117-9a2a-47f8-9bed-03edff5a9dec.jpg,c:\Users\IMG_PRO\Desktop\Image-Processing-Course-2025\Lab6_Hyperparameter-Tuning\data\denoised_lab6_top1\c6a15117-9a2a-47f8-9bed-03edff5a9dec.jpg
c6a23c2e-7b45-4db0-baa2-af2af6a99425.jpg,c:\Users\IMG_PRO\Desktop\Image-Processing-Course-2025\Lab6_Hyperparameter-Tuning\data\denoised_lab6_top1\c6a23c2e-7b45-4db0-baa2-af2af6a99425.jpg
c6a478c9-ac7c-4ba5-966a-54da08bedcc9.jpg,c:\Users\IMG_PRO\Desktop\Image-Processing-Course-2025\Lab6_Hyperparameter-Tuning\data\denoised_lab6_top1\c6a478c9-ac7c-4ba5-966a-54da08bedcc9.jpg
c6bd834b-2964-4ea6-a8ae-ba943923d93e.jpg,c:\Users\IMG_PRO\Desktop\Image-Processing-Course-2025\Lab6_Hyperparameter-Tuning\data\denoised_lab6_top1\c6bd834b-2964-4ea6-a8ae-ba943923d93e.jpg
c710f225-1ae2-40e1-9c93-ec038884031d.jpg,c:\Users\IMG_PRO\Desktop\Image-Processing-Course-2025\Lab6_Hyperparameter-Tuning\data\denoised_lab6_top1\c710f225-1ae2-40e1-9c93-ec038884031d.jpg
c720162b-5fc2-487e-b354-9599c15fe50f.jpg,c:\Users\IMG_PRO\Desktop\Image-Processing-Course-2025\Lab6_Hyperparameter-Tuning\data\denoised_lab6_top1\c720162b-5fc2-487e-b354-9599c15fe50f.jpg
c72ddb84-6019-4ba4-aafa-75fda41e90d1.jpg,c:\Users\IMG_PRO\Desktop\Image-Processing-Course-2025\Lab6_Hyperparameter-Tuning\data\denoised_lab6_top1\c72ddb84-6019-4ba4-aafa-75fda41e90d1.jpg
c796c6de-2b4b-471e-bdbc-8dfb83c9155d.jpg,c:\Users\IMG_PRO\Desktop\Image-Processing-Course-2025\Lab6_Hyperparameter-Tuning\data\denoised_lab6_top1\c796c6de-2b4b-471e-bdbc-8dfb83c9155d.jpg
c7d92c72-2b1c-44a0-986b-fca24a4eb600.jpg,c:\Users\IMG_PRO\Desktop\Image-Processing-Course-2025\Lab6_Hyperparameter-Tuning\data\denoised_lab6_top1\c7d92c72-2b1c-44a0-986b-fca24a4eb600.jpg
c8047db8-5eff-47db-9220-869efc65ac39.jpg,c:\Users\IMG_PRO\Desktop\Image-Processing-Course-2025\Lab6_Hyperparameter-Tuning\data\denoised_lab6_top1\c8047db8-5eff-47db-9220-869efc65ac39.jpg
c804efdf-f65d-4f61-89b8-79fd7a9d483f.jpg,c:\Users\IMG_PRO\Desktop\Image-Processing-Course-2025\Lab6_Hyperparameter-Tuning\data\denoised_lab6_top1\c804efdf-f65d-4f61-89b8-79fd7a9d483f.jpg
c817dd69-39bb-45eb-9468-049a9d1a65f3.jpg,c:\Users\IMG_PRO\Desktop\Image-Processing-Course-2025\Lab6_Hyperparameter-Tuning\data\denoised_lab6_top1\c817dd69-39bb-45eb-9468-049a9d1a65f3.jpg
c82f1701-63fa-4550-8f57-e2da040e4708.jpg,c:\Users\IMG_PRO\Desktop\Image-Processing-Course-2025\Lab6_Hyperparameter-Tuning\data\denoised_lab6_top1\c82f1701-63fa-4550-8f57-e2da040e4708.jpg
c8435023-bd3a-4f6c-afdf-6d3533152724.jpg,c:\Users\IMG_PRO\Desktop\Image-Processing-Course-2025\Lab6_Hyperparameter-Tuning\data\denoised_lab6_top1\c8435023-bd3a-4f6c-afdf-6d3533152724.jpg
c84aa85e-6121-4d35-8d0d-6c96a9dd0ca1.jpg,c:\Users\IMG_PRO\Desktop\Image-Processing-Course-2025\Lab6_Hyperparameter-Tuning\data\denoised_lab6_top1\c84aa85e-6121-4d35-8d0d-6c96a9dd0ca1.jpg
c8760482-6031-4a97-a4cf-de00a84a7f73.jpg,c:\Users\IMG_PRO\Desktop\Image-Processing-Course-2025\Lab6_Hyperparameter-Tuning\data\denoised_lab6_top1\c8760482-6031-4a97-a4cf-de00a84a7f73.jpg
c88361aa-729f-4d3a-b2d3-243f8be3a3f0.jpg,c:\Users\IMG_PRO\Desktop\Image-Processing-Course-2025\Lab6_Hyperparameter-Tuning\data\denoised_lab6_top1\c88361aa-729f-4d3a-b2d3-243f8be3a3f0.jpg
c88ad750-287f-47de-9d95-cb7e1823bd0e.jpg,c:\Users\IMG_PRO\Desktop\Image-Processing-Course-2025\Lab6_Hyperparameter-Tuning\data\denoised_lab6_top1\c88ad750-287f-47de-9d95-cb7e1823bd0e.jpg
c88b73ee-a034-49e6-af18-a8819d68d7ed.jpg,c:\Users\IMG_PRO\Desktop\Image-Processing-Course-2025\Lab6_Hyperparameter-Tuning\data\denoised_lab6_top1\c88b73ee-a034-49e6-af18-a8819d68d7ed.jpg
c8c68687-7788-4948-bb0c-1a743cedea68.jpg,c:\Users\IMG_PRO\Desktop\Image-Processing-Course-2025\Lab6_Hyperparameter-Tuning\data\denoised_lab6_top1\c8c68687-7788-4948-bb0c-1a743cedea68.jpg
c8d42a37-50ea-4c00-9fa3-40e42812b095.jpg,c:\Users\IMG_PRO\Desktop\Image-Processing-Course-2025\Lab6_Hyperparameter-Tuning\data\denoised_lab6_top1\c8d42a37-50ea-4c00-9fa3-40e42812b095.jpg
c8d75730-7eb2-4646-a663-588ab9ad5d5b.jpg,c:\Users\IMG_PRO\Desktop\Image-Processing-Course-2025\Lab6_Hyperparameter-Tuning\data\denoised_lab6_top1\c8d75730-7eb2-4646-a663-588ab9ad5d5b.jpg
c8db704b-f666-4d28-8a0b-697f91d6c2f9.jpg,c:\Users\IMG_PRO\Desktop\Image-Processing-Course-2025\Lab6_Hyperparameter-Tuning\data\denoised_lab6_top1\c8db704b-f666-4d28-8a0b-697f91d6c2f9.jpg
c9053d63-b3e8-40ca-bd48-afec094e1af5.jpg,c:\Users\IMG_PRO\Desktop\Image-Processing-Course-2025\Lab6_Hyperparameter-Tuning\data\denoised_lab6_top1\c9053d63-b3e8-40ca-bd48-afec094e1af5.jpg
c91556f4-1017-46bc-8d92-c27131593920.jpg,c:\Users\IMG_PRO\Desktop\Image-Processing-Course-2025\Lab6_Hyperparameter-Tuning\data\denoised_lab6_top1\c91556f4-1017-46bc-8d92-c27131593920.jpg
c933c58d-c841-409f-a34e-07aa1f8b175a.jpg,c:\Users\IMG_PRO\Desktop\Image-Processing-Course-2025\Lab6_Hyperparameter-Tuning\data\denoised_lab6_top1\c933c58d-c841-409f-a34e-07aa1f8b175a.jpg
c935d2e6-bdaf-481b-b9f1-fd020eba5146.jpg,c:\Users\IMG_PRO\Desktop\Image-Processing-Course-2025\Lab6_Hyperparameter-Tuning\data\denoised_lab6_top1\c935d2e6-bdaf-481b-b9f1-fd020eba5146.jpg
c9e66967-b03e-4b45-80b0-105c1f986fcc.jpg,c:\Users\IMG_PRO\Desktop\Image-Processing-Course-2025\Lab6_Hyperparameter-Tuning\data\denoised_lab6_top1\c9e66967-b03e-4b45-80b0-105c1f986fcc.jpg
c9edee03-7444-406a-9d59-505ef90a23e4.jpg,c:\Users\IMG_PRO\Desktop\Image-Processing-Course-2025\Lab6_Hyperparameter-Tuning\data\denoised_lab6_top1\c9edee03-7444-406a-9d59-505ef90a23e4.jpg
ca4238e8-7912-4359-9c1d-aa41d59f850d.jpg,c:\Users\IMG_PRO\Desktop\Image-Processing-Course-2025\Lab6_Hyperparameter-Tuning\data\denoised_lab6_top1\ca4238e8-7912-4359-9c1d-aa41d59f850d.jpg
ca6011d8-37ef-4125-a25d-2d49399aa3a9.jpg,c:\Users\IMG_PRO\Desktop\Image-Processing-Course-2025\Lab6_Hyperparameter-Tuning\data\denoised_lab6_top1\ca6011d8-37ef-4125-a25d-2d49399aa3a9.jpg
caea81a4-5877-4d0f-b48a-8986cc153e27.jpg,c:\Users\IMG_PRO\Desktop\Image-Processing-Course-2025\Lab6_Hyperparameter-Tuning\data\denoised_lab6_top1\caea81a4-5877-4d0f-b48a-8986cc153e27.jpg
caf89364-3892-41c4-bc2a-0a56f5ae0665.jpg,c:\Users\IMG_PRO\Desktop\Image-Processing-Course-2025\Lab6_Hyperparameter-Tuning\data\denoised_lab6_top1\caf89364-3892-41c4-bc2a-0a56f5ae0665.jpg
cb0be46f-0ebc-4e6e-824a-07ee2c8dbdcd.jpg,c:\Users\IMG_PRO\Desktop\Image-Processing-Course-2025\Lab6_Hyperparameter-Tuning\data\denoised_lab6_top1\cb0be46f-0ebc-4e6e-824a-07ee2c8dbdcd.jpg
cb684c95-4883-4cef-aedc-86c9341ebfe8.jpg,c:\Users\IMG_PRO\Desktop\Image-Processing-Course-2025\Lab6_Hyperparameter-Tuning\data\denoised_lab6_top1\cb684c95-4883-4cef-aedc-86c9341ebfe8.jpg
cb6bc46f-fc84-4b57-97fa-ea002370a639.jpg,c:\Users\IMG_PRO\Desktop\Image-Processing-Course-2025\Lab6_Hyperparameter-Tuning\data\denoised_lab6_top1\cb6bc46f-fc84-4b57-97fa-ea002370a639.jpg
cb9a4c56-a0e7-431f-b654-dcba7fea8c0c.jpg,c:\Users\IMG_PRO\Desktop\Image-Processing-Course-2025\Lab6_Hyperparameter-Tuning\data\denoised_lab6_top1\cb9a4c56-a0e7-431f-b654-dcba7fea8c0c.jpg
cb9ece88-47bb-4a40-a7c1-77508c07442b.jpg,c:\Users\IMG_PRO\Desktop\Image-Processing-Course-2025\Lab6_Hyperparameter-Tuning\data\denoised_lab6_top1\cb9ece88-47bb-4a40-a7c1-77508c07442b.jpg
cba12817-7c4e-4946-80ff-df630e924a16.jpg,c:\Users\IMG_PRO\Desktop\Image-Processing-Course-2025\Lab6_Hyperparameter-Tuning\data\denoised_lab6_top1\cba12817-7c4e-4946-80ff-df630e924a16.jpg
cba31a00-b446-447f-9f67-130dea3f225d.jpg,c:\Users\IMG_PRO\Desktop\Image-Processing-Course-2025\Lab6_Hyperparameter-Tuning\data\denoised_lab6_top1\cba31a00-b446-447f-9f67-130dea3f225d.jpg
cbb550b9-eafb-41c5-a811-2b0b7eaf8ab3.jpg,c:\Users\IMG_PRO\Desktop\Image-Processing-Course-2025\Lab6_Hyperparameter-Tuning\data\denoised_lab6_top1\cbb550b9-eafb-41c5-a811-2b0b7eaf8ab3.jpg
cbc3a53d-4b7c-4408-bf65-bfa96ad994d1.jpg,c:\Users\IMG_PRO\Desktop\Image-Processing-Course-2025\Lab6_Hyperparameter-Tuning\data\denoised_lab6_top1\cbc3a53d-4b7c-4408-bf65-bfa96ad994d1.jpg
cbda2771-127a-4d88-af35-9f4af49d56df.jpg,c:\Users\IMG_PRO\Desktop\Image-Processing-Course-2025\Lab6_Hyperparameter-Tuning\data\denoised_lab6_top1\cbda2771-127a-4d88-af35-9f4af49d56df.jpg
cbddd7f5-71e7-4b1f-acff-191ce60daea8.jpg,c:\Users\IMG_PRO\Desktop\Image-Processing-Course-2025\Lab6_Hyperparameter-Tuning\data\denoised_lab6_top1\cbddd7f5-71e7-4b1f-acff-191ce60daea8.jpg
cc67abdf-62d4-4277-ad1e-46beeda5ffd9.jpg,c:\Users\IMG_PRO\Desktop\Image-Processing-Course-2025\Lab6_Hyperparameter-Tuning\data\denoised_lab6_top1\cc67abdf-62d4-4277-ad1e-46beeda5ffd9.jpg
cc68731f-4250-48df-935e-f25570d10e1a.jpg,c:\Users\IMG_PRO\Desktop\Image-Processing-Course-2025\Lab6_Hyperparameter-Tuning\data\denoised_lab6_top1\cc68731f-4250-48df-935e-f25570d10e1a.jpg
cc7ff8fa-708c-4d80-a3f0-a1d0f0f5463f.jpg,c:\Users\IMG_PRO\Desktop\Image-Processing-Course-2025\Lab6_Hyperparameter-Tuning\data\denoised_lab6_top1\cc7ff8fa-708c-4d80-a3f0-a1d0f0f5463f.jpg
ccaba391-ce1a-4cf5-8808-ff1b1c0626ae.jpg,c:\Users\IMG_PRO\Desktop\Image-Processing-Course-2025\Lab6_Hyperparameter-Tuning\data\denoised_lab6_top1\ccaba391-ce1a-4cf5-8808-ff1b1c0626ae.jpg
cd35e216-9b21-4c4a-b2a2-91fcb9a029dd.jpg,c:\Users\IMG_PRO\Desktop\Image-Processing-Course-2025\Lab6_Hyperparameter-Tuning\data\denoised_lab6_top1\cd35e216-9b21-4c4a-b2a2-91fcb9a029dd.jpg
cd3c636b-9fcc-41d5-ad94-45a41d8b2798.jpg,c:\Users\IMG_PRO\Desktop\Image-Processing-Course-2025\Lab6_Hyperparameter-Tuning\data\denoised_lab6_top1\cd3c636b-9fcc-41d5-ad94-45a41d8b2798.jpg
cd5d9b7e-2101-4b1b-9297-2653f4aa568e.jpg,c:\Users\IMG_PRO\Desktop\Image-Processing-Course-2025\Lab6_Hyperparameter-Tuning\data\denoised_lab6_top1\cd5d9b7e-2101-4b1b-9297-2653f4aa568e.jpg
cd637d44-4c7a-4037-88e0-246ef59b6f69.jpg,c:\Users\IMG_PRO\Desktop\Image-Processing-Course-2025\Lab6_Hyperparameter-Tuning\data\denoised_lab6_top1\cd637d44-4c7a-4037-88e0-246ef59b6f69.jpg
cd73467f-b1f5-43f5-8981-d37cdb0723c4.jpg,c:\Users\IMG_PRO\Desktop\Image-Processing-Course-2025\Lab6_Hyperparameter-Tuning\data\denoised_lab6_top1\cd73467f-b1f5-43f5-8981-d37cdb0723c4.jpg
cde7ad44-3f44-4b3b-860b-a611cbb41321.jpg,c:\Users\IMG_PRO\Desktop\Image-Processing-Course-2025\Lab6_Hyperparameter-Tuning\data\denoised_lab6_top1\cde7ad44-3f44-4b3b-860b-a611cbb41321.jpg
ce4ecf94-d8eb-41d8-ae9d-f05129997e14.jpg,c:\Users\IMG_PRO\Desktop\Image-Processing-Course-2025\Lab6_Hyperparameter-Tuning\data\denoised_lab6_top1\ce4ecf94-d8eb-41d8-ae9d-f05129997e14.jpg
ce5cd2e1-e713-4492-b2b8-139cdb2a9239.jpg,c:\Users\IMG_PRO\Desktop\Image-Processing-Course-2025\Lab6_Hyperparameter-Tuning\data\denoised_lab6_top1\ce5cd2e1-e713-4492-b2b8-139cdb2a9239.jpg
ce9c5ecb-a6f1-4cba-87fd-0965b5e2780b.jpg,c:\Users\IMG_PRO\Desktop\Image-Processing-Course-2025\Lab6_Hyperparameter-Tuning\data\denoised_lab6_top1\ce9c5ecb-a6f1-4cba-87fd-0965b5e2780b.jpg
ceabcebd-e1e7-4bac-990f-cc77a426071d.jpg,c:\Users\IMG_PRO\Desktop\Image-Processing-Course-2025\Lab6_Hyperparameter-Tuning\data\denoised_lab6_top1\ceabcebd-e1e7-4bac-990f-cc77a426071d.jpg
cebd8da7-8654-473b-bf58-527be7630622.jpg,c:\Users\IMG_PRO\Desktop\Image-Processing-Course-2025\Lab6_Hyperparameter-Tuning\data\denoised_lab6_top1\cebd8da7-8654-473b-bf58-527be7630622.jpg
cedea1bb-da02-4271-a680-4085ca8decdf.jpg,c:\Users\IMG_PRO\Desktop\Image-Processing-Course-2025\Lab6_Hyperparameter-Tuning\data\denoised_lab6_top1\cedea1bb-da02-4271-a680-4085ca8decdf.jpg
cee7fd8a-d6ba-42f4-9a15-f196eb51fe6d.jpg,c:\Users\IMG_PRO\Desktop\Image-Processing-Course-2025\Lab6_Hyperparameter-Tuning\data\denoised_lab6_top1\cee7fd8a-d6ba-42f4-9a15-f196eb51fe6d.jpg
cef25ffc-5d73-4a88-98e8-18e6b63c90ab.jpg,c:\Users\IMG_PRO\Desktop\Image-Processing-Course-2025\Lab6_Hyperparameter-Tuning\data\denoised_lab6_top1\cef25ffc-5d73-4a88-98e8-18e6b63c90ab.jpg
cf19b278-7e19-458e-bb66-a4dd16df4789.jpg,c:\Users\IMG_PRO\Desktop\Image-Processing-Course-2025\Lab6_Hyperparameter-Tuning\data\denoised_lab6_top1\cf19b278-7e19-458e-bb66-a4dd16df4789.jpg
cf2b5d8a-90ec-41a2-ab2e-4cd90dbbea82.jpg,c:\Users\IMG_PRO\Desktop\Image-Processing-Course-2025\Lab6_Hyperparameter-Tuning\data\denoised_lab6_top1\cf2b5d8a-90ec-41a2-ab2e-4cd90dbbea82.jpg
cf5e90ef-e543-4960-b5a0-e0085930df7e.jpg,c:\Users\IMG_PRO\Desktop\Image-Processing-Course-2025\Lab6_Hyperparameter-Tuning\data\denoised_lab6_top1\cf5e90ef-e543-4960-b5a0-e0085930df7e.jpg
cf663016-7569-455b-b3aa-2c7e1c0e1347.jpg,c:\Users\IMG_PRO\Desktop\Image-Processing-Course-2025\Lab6_Hyperparameter-Tuning\data\denoised_lab6_top1\cf663016-7569-455b-b3aa-2c7e1c0e1347.jpg
cf87b845-6d95-4598-9f35-90dfc46b73c8.jpg,c:\Users\IMG_PRO\Desktop\Image-Processing-Course-2025\Lab6_Hyperparameter-Tuning\data\denoised_lab6_top1\cf87b845-6d95-4598-9f35-90dfc46b73c8.jpg
cf9617cf-ab46-4e90-bc64-fd8b50a31db7.jpg,c:\Users\IMG_PRO\Desktop\Image-Processing-Course-2025\Lab6_Hyperparameter-Tuning\data\denoised_lab6_top1\cf9617cf-ab46-4e90-bc64-fd8b50a31db7.jpg
d02c6b8a-de03-4e15-9c81-65a279491709.jpg,c:\Users\IMG_PRO\Desktop\Image-Processing-Course-2025\Lab6_Hyperparameter-Tuning\data\denoised_lab6_top1\d02c6b8a-de03-4e15-9c81-65a279491709.jpg
d04703e9-9b39-4594-ac2d-8ef65c57cc64.jpg,c:\Users\IMG_PRO\Desktop\Image-Processing-Course-2025\Lab6_Hyperparameter-Tuning\data\denoised_lab6_top1\d04703e9-9b39-4594-ac2d-8ef65c57cc64.jpg
d04d55d9-b4bd-4f9b-8c7f-e642a692f5c9.jpg,c:\Users\IMG_PRO\Desktop\Image-Processing-Course-2025\Lab6_Hyperparameter-Tuning\data\denoised_lab6_top1\d04d55d9-b4bd-4f9b-8c7f-e642a692f5c9.jpg
d072857c-d0ee-4fa5-b61b-eb09c82f6878.jpg,c:\Users\IMG_PRO\Desktop\Image-Processing-Course-2025\Lab6_Hyperparameter-Tuning\data\denoised_lab6_top1\d072857c-d0ee-4fa5-b61b-eb09c82f6878.jpg
d075746e-f6ec-4d43-8ba1-7310af56eaf2.jpg,c:\Users\IMG_PRO\Desktop\Image-Processing-Course-2025\Lab6_Hyperparameter-Tuning\data\denoised_lab6_top1\d075746e-f6ec-4d43-8ba1-7310af56eaf2.jpg
d0935305-896b-4905-85e0-5cf4f7d362fd.jpg,c:\Users\IMG_PRO\Desktop\Image-Processing-Course-2025\Lab6_Hyperparameter-Tuning\data\denoised_lab6_top1\d0935305-896b-4905-85e0-5cf4f7d362fd.jpg
d0a3308c-7d8b-4669-960e-ab5d8f1bb42f.jpg,c:\Users\IMG_PRO\Desktop\Image-Processing-Course-2025\Lab6_Hyperparameter-Tuning\data\denoised_lab6_top1\d0a3308c-7d8b-4669-960e-ab5d8f1bb42f.jpg
d0ce3088-a5be-4de5-a7cf-ef8c101a0c7e.jpg,c:\Users\IMG_PRO\Desktop\Image-Processing-Course-2025\Lab6_Hyperparameter-Tuning\data\denoised_lab6_top1\d0ce3088-a5be-4de5-a7cf-ef8c101a0c7e.jpg
d1c33691-4232-48cb-abee-8e2184adf14f.jpg,c:\Users\IMG_PRO\Desktop\Image-Processing-Course-2025\Lab6_Hyperparameter-Tuning\data\denoised_lab6_top1\d1c33691-4232-48cb-abee-8e2184adf14f.jpg
d1d589c5-98d1-4517-9cd9-b405c4c65da7.jpg,c:\Users\IMG_PRO\Desktop\Image-Processing-Course-2025\Lab6_Hyperparameter-Tuning\data\denoised_lab6_top1\d1d589c5-98d1-4517-9cd9-b405c4c65da7.jpg
d1de6ebe-100d-4ad1-af58-1163b07c819d.jpg,c:\Users\IMG_PRO\Desktop\Image-Processing-Course-2025\Lab6_Hyperparameter-Tuning\data\denoised_lab6_top1\d1de6ebe-100d-4ad1-af58-1163b07c819d.jpg
d1f26afa-2745-4441-af37-d80fbd44423d.jpg,c:\Users\IMG_PRO\Desktop\Image-Processing-Course-2025\Lab6_Hyperparameter-Tuning\data\denoised_lab6_top1\d1f26afa-2745-4441-af37-d80fbd44423d.jpg
d1f8ecd9-3345-4158-8ef5-c27123ca9aab.jpg,c:\Users\IMG_PRO\Desktop\Image-Processing-Course-2025\Lab6_Hyperparameter-Tuning\data\denoised_lab6_top1\d1f8ecd9-3345-4158-8ef5-c27123ca9aab.jpg
d20d38cf-8619-4719-984f-f5168ae0e1bb.jpg,c:\Users\IMG_PRO\Desktop\Image-Processing-Course-2025\Lab6_Hyperparameter-Tuning\data\denoised_lab6_top1\d20d38cf-8619-4719-984f-f5168ae0e1bb.jpg
d2845a84-e644-4a07-81bc-2fb665359ff4.jpg,c:\Users\IMG_PRO\Desktop\Image-Processing-Course-2025\Lab6_Hyperparameter-Tuning\data\denoised_lab6_top1\d2845a84-e644-4a07-81bc-2fb665359ff4.jpg
d29e4f5b-610d-4be1-9153-e5054e62484c.jpg,c:\Users\IMG_PRO\Desktop\Image-Processing-Course-2025\Lab6_Hyperparameter-Tuning\data\denoised_lab6_top1\d29e4f5b-610d-4be1-9153-e5054e62484c.jpg
d2d85597-bf1c-4bec-af2d-7f3f3e52f496.jpg,c:\Users\IMG_PRO\Desktop\Image-Processing-Course-2025\Lab6_Hyperparameter-Tuning\data\denoised_lab6_top1\d2d85597-bf1c-4bec-af2d-7f3f3e52f496.jpg
d2da2473-1219-490e-a1ec-eddb0785f0a1.jpg,c:\Users\IMG_PRO\Desktop\Image-Processing-Course-2025\Lab6_Hyperparameter-Tuning\data\denoised_lab6_top1\d2da2473-1219-490e-a1ec-eddb0785f0a1.jpg
d2ed11e8-6e13-4c32-bdac-db00618fea85.jpg,c:\Users\IMG_PRO\Desktop\Image-Processing-Course-2025\Lab6_Hyperparameter-Tuning\data\denoised_lab6_top1\d2ed11e8-6e13-4c32-bdac-db00618fea85.jpg
d3293105-9672-4db8-aed4-62a74fad71d2.jpg,c:\Users\IMG_PRO\Desktop\Image-Processing-Course-2025\Lab6_Hyperparameter-Tuning\data\denoised_lab6_top1\d3293105-9672-4db8-aed4-62a74fad71d2.jpg
d3401316-3b22-48bc-8d53-b6befd610f51.jpg,c:\Users\IMG_PRO\Desktop\Image-Processing-Course-2025\Lab6_Hyperparameter-Tuning\data\denoised_lab6_top1\d3401316-3b22-48bc-8d53-b6befd610f51.jpg
d37ec247-bd5f-4510-bd4c-410e4bf604c7.jpg,c:\Users\IMG_PRO\Desktop\Image-Processing-Course-2025\Lab6_Hyperparameter-Tuning\data\denoised_lab6_top1\d37ec247-bd5f-4510-bd4c-410e4bf604c7.jpg
d4132a51-1c83-4187-a4e0-901e5add9855.jpg,c:\Users\IMG_PRO\Desktop\Image-Processing-Course-2025\Lab6_Hyperparameter-Tuning\data\denoised_lab6_top1\d4132a51-1c83-4187-a4e0-901e5add9855.jpg
d486eca8-ee94-41a3-abe4-b62aa0189802.jpg,c:\Users\IMG_PRO\Desktop\Image-Processing-Course-2025\Lab6_Hyperparameter-Tuning\data\denoised_lab6_top1\d486eca8-ee94-41a3-abe4-b62aa0189802.jpg
d4a54ab0-c9f0-424d-afca-107e396d1aa9.jpg,c:\Users\IMG_PRO\Desktop\Image-Processing-Course-2025\Lab6_Hyperparameter-Tuning\data\denoised_lab6_top1\d4a54ab0-c9f0-424d-afca-107e396d1aa9.jpg
d4a7bbdb-aaa2-41c8-a22a-06f7c454ea26.jpg,c:\Users\IMG_PRO\Desktop\Image-Processing-Course-2025\Lab6_Hyperparameter-Tuning\data\denoised_lab6_top1\d4a7bbdb-aaa2-41c8-a22a-06f7c454ea26.jpg
d4db9b38-cfaf-402a-9584-58f829c38ba7.jpg,c:\Users\IMG_PRO\Desktop\Image-Processing-Course-2025\Lab6_Hyperparameter-Tuning\data\denoised_lab6_top1\d4db9b38-cfaf-402a-9584-58f829c38ba7.jpg
d4f90dac-c206-451f-908f-5138d18e979a.jpg,c:\Users\IMG_PRO\Desktop\Image-Processing-Course-2025\Lab6_Hyperparameter-Tuning\data\denoised_lab6_top1\d4f90dac-c206-451f-908f-5138d18e979a.jpg
d4fdfa49-6847-42e0-8a4b-e1da1e60f8f0.jpg,c:\Users\IMG_PRO\Desktop\Image-Processing-Course-2025\Lab6_Hyperparameter-Tuning\data\denoised_lab6_top1\d4fdfa49-6847-42e0-8a4b-e1da1e60f8f0.jpg
d5b0dcd0-794a-482d-bcb8-b7655b8cb3d4.jpg,c:\Users\IMG_PRO\Desktop\Image-Processing-Course-2025\Lab6_Hyperparameter-Tuning\data\denoised_lab6_top1\d5b0dcd0-794a-482d-bcb8-b7655b8cb3d4.jpg
d5d2873f-74c2-421f-9820-504aefa9c6d1.jpg,c:\Users\IMG_PRO\Desktop\Image-Processing-Course-2025\Lab6_Hyperparameter-Tuning\data\denoised_lab6_top1\d5d2873f-74c2-421f-9820-504aefa9c6d1.jpg
d66dbcb9-8625-4e8e-b35f-e3183cbba6bc.jpg,c:\Users\IMG_PRO\Desktop\Image-Processing-Course-2025\Lab6_Hyperparameter-Tuning\data\denoised_lab6_top1\d66dbcb9-8625-4e8e-b35f-e3183cbba6bc.jpg
d66ff249-a449-4643-aacb-39e7e3311853.jpg,c:\Users\IMG_PRO\Desktop\Image-Processing-Course-2025\Lab6_Hyperparameter-Tuning\data\denoised_lab6_top1\d66ff249-a449-4643-aacb-39e7e3311853.jpg
d6aacfad-850b-44e9-9965-f10072466aec.jpg,c:\Users\IMG_PRO\Desktop\Image-Processing-Course-2025\Lab6_Hyperparameter-Tuning\data\denoised_lab6_top1\d6aacfad-850b-44e9-9965-f10072466aec.jpg
d6aafe6a-4a79-4453-aaf1-34a06e06d5e1.jpg,c:\Users\IMG_PRO\Desktop\Image-Processing-Course-2025\Lab6_Hyperparameter-Tuning\data\denoised_lab6_top1\d6aafe6a-4a79-4453-aaf1-34a06e06d5e1.jpg
d6d0b25c-0aff-447d-9a3e-80406228111f.jpg,c:\Users\IMG_PRO\Desktop\Image-Processing-Course-2025\Lab6_Hyperparameter-Tuning\data\denoised_lab6_top1\d6d0b25c-0aff-447d-9a3e-80406228111f.jpg
d6fab63f-d7dc-43b0-b1eb-16f282630c3f.jpg,c:\Users\IMG_PRO\Desktop\Image-Processing-Course-2025\Lab6_Hyperparameter-Tuning\data\denoised_lab6_top1\d6fab63f-d7dc-43b0-b1eb-16f282630c3f.jpg
d713fe2c-401d-41b5-9752-4374a77be972.jpg,c:\Users\IMG_PRO\Desktop\Image-Processing-Course-2025\Lab6_Hyperparameter-Tuning\data\denoised_lab6_top1\d713fe2c-401d-41b5-9752-4374a77be972.jpg
d7605f5c-db1f-4c58-a06f-9e282c680a8f.jpg,c:\Users\IMG_PRO\Desktop\Image-Processing-Course-2025\Lab6_Hyperparameter-Tuning\data\denoised_lab6_top1\d7605f5c-db1f-4c58-a06f-9e282c680a8f.jpg
d76b06bd-01d9-4b79-acfd-97fee6a842f6.jpg,c:\Users\IMG_PRO\Desktop\Image-Processing-Course-2025\Lab6_Hyperparameter-Tuning\data\denoised_lab6_top1\d76b06bd-01d9-4b79-acfd-97fee6a842f6.jpg
d78961fd-3a28-4ff2-892e-99e7b63180db.jpg,c:\Users\IMG_PRO\Desktop\Image-Processing-Course-2025\Lab6_Hyperparameter-Tuning\data\denoised_lab6_top1\d78961fd-3a28-4ff2-892e-99e7b63180db.jpg
d7c64410-51bc-479c-80f1-9f1c6b38a034.jpg,c:\Users\IMG_PRO\Desktop\Image-Processing-Course-2025\Lab6_Hyperparameter-Tuning\data\denoised_lab6_top1\d7c64410-51bc-479c-80f1-9f1c6b38a034.jpg
d7d384f1-da1b-4497-88b3-ed855ee7038b.jpg,c:\Users\IMG_PRO\Desktop\Image-Processing-Course-2025\Lab6_Hyperparameter-Tuning\data\denoised_lab6_top1\d7d384f1-da1b-4497-88b3-ed855ee7038b.jpg
d81af999-d84d-4e46-91e7-4b013bba08c5.jpg,c:\Users\IMG_PRO\Desktop\Image-Processing-Course-2025\Lab6_Hyperparameter-Tuning\data\denoised_lab6_top1\d81af999-d84d-4e46-91e7-4b013bba08c5.jpg
d81afa96-9da3-4025-baa2-ad41f4aa0918.jpg,c:\Users\IMG_PRO\Desktop\Image-Processing-Course-2025\Lab6_Hyperparameter-Tuning\data\denoised_lab6_top1\d81afa96-9da3-4025-baa2-ad41f4aa0918.jpg
d83baafa-4ceb-4965-8f80-0206d7cc6e80.jpg,c:\Users\IMG_PRO\Desktop\Image-Processing-Course-2025\Lab6_Hyperparameter-Tuning\data\denoised_lab6_top1\d83baafa-4ceb-4965-8f80-0206d7cc6e80.jpg
d84197ff-e380-4c8f-9076-8824d2ec92de.jpg,c:\Users\IMG_PRO\Desktop\Image-Processing-Course-2025\Lab6_Hyperparameter-Tuning\data\denoised_lab6_top1\d84197ff-e380-4c8f-9076-8824d2ec92de.jpg
d85bf415-17b6-4a9e-93cf-f476327c3173.jpg,c:\Users\IMG_PRO\Desktop\Image-Processing-Course-2025\Lab6_Hyperparameter-Tuning\data\denoised_lab6_top1\d85bf415-17b6-4a9e-93cf-f476327c3173.jpg
d86fd379-842c-48eb-8c85-5441d24433df.jpg,c:\Users\IMG_PRO\Desktop\Image-Processing-Course-2025\Lab6_Hyperparameter-Tuning\data\denoised_lab6_top1\d86fd379-842c-48eb-8c85-5441d24433df.jpg
d886fbf4-98ac-475a-a37a-934b4e73445e.jpg,c:\Users\IMG_PRO\Desktop\Image-Processing-Course-2025\Lab6_Hyperparameter-Tuning\data\denoised_lab6_top1\d886fbf4-98ac-475a-a37a-934b4e73445e.jpg
d898cd41-34d7-477a-bfad-44ae1153e012.jpg,c:\Users\IMG_PRO\Desktop\Image-Processing-Course-2025\Lab6_Hyperparameter-Tuning\data\denoised_lab6_top1\d898cd41-34d7-477a-bfad-44ae1153e012.jpg
d98a8a22-544b-44b3-aa89-1abad4d02e4b.jpg,c:\Users\IMG_PRO\Desktop\Image-Processing-Course-2025\Lab6_Hyperparameter-Tuning\data\denoised_lab6_top1\d98a8a22-544b-44b3-aa89-1abad4d02e4b.jpg
d99c6e63-9e85-450e-9201-8b4f961f5402.jpg,c:\Users\IMG_PRO\Desktop\Image-Processing-Course-2025\Lab6_Hyperparameter-Tuning\data\denoised_lab6_top1\d99c6e63-9e85-450e-9201-8b4f961f5402.jpg
d9a95254-8e92-4ce6-833b-90b0472f19ba.jpg,c:\Users\IMG_PRO\Desktop\Image-Processing-Course-2025\Lab6_Hyperparameter-Tuning\data\denoised_lab6_top1\d9a95254-8e92-4ce6-833b-90b0472f19ba.jpg
d9d69961-b661-447b-9443-8e2dd09c6129.jpg,c:\Users\IMG_PRO\Desktop\Image-Processing-Course-2025\Lab6_Hyperparameter-Tuning\data\denoised_lab6_top1\d9d69961-b661-447b-9443-8e2dd09c6129.jpg
d9e3b5b2-da4f-43ba-bd6a-912037c10179.jpg,c:\Users\IMG_PRO\Desktop\Image-Processing-Course-2025\Lab6_Hyperparameter-Tuning\data\denoised_lab6_top1\d9e3b5b2-da4f-43ba-bd6a-912037c10179.jpg
d9fbad41-bec0-43ba-ad35-cad47985f96b.jpg,c:\Users\IMG_PRO\Desktop\Image-Processing-Course-2025\Lab6_Hyperparameter-Tuning\data\denoised_lab6_top1\d9fbad41-bec0-43ba-ad35-cad47985f96b.jpg
da3a97f5-a775-4351-a06d-eeaedb4a9ef2.jpg,c:\Users\IMG_PRO\Desktop\Image-Processing-Course-2025\Lab6_Hyperparameter-Tuning\data\denoised_lab6_top1\da3a97f5-a775-4351-a06d-eeaedb4a9ef2.jpg
da3becd6-8bd8-49f3-a6d1-654bfabf4d55.jpg,c:\Users\IMG_PRO\Desktop\Image-Processing-Course-2025\Lab6_Hyperparameter-Tuning\data\denoised_lab6_top1\da3becd6-8bd8-49f3-a6d1-654bfabf4d55.jpg
da64dc5a-bb19-40e9-8918-aebc136e2e5c.jpg,c:\Users\IMG_PRO\Desktop\Image-Processing-Course-2025\Lab6_Hyperparameter-Tuning\data\denoised_lab6_top1\da64dc5a-bb19-40e9-8918-aebc136e2e5c.jpg
da6b1d2e-e353-4135-aa73-1dd76060090a.jpg,c:\Users\IMG_PRO\Desktop\Image-Processing-Course-2025\Lab6_Hyperparameter-Tuning\data\denoised_lab6_top1\da6b1d2e-e353-4135-aa73-1dd76060090a.jpg
db4ff73e-60f9-416e-9016-1a0730389986.jpg,c:\Users\IMG_PRO\Desktop\Image-Processing-Course-2025\Lab6_Hyperparameter-Tuning\data\denoised_lab6_top1\db4ff73e-60f9-416e-9016-1a0730389986.jpg
db79c4fc-9879-47d1-afb4-1f5687be04c8.jpg,c:\Users\IMG_PRO\Desktop\Image-Processing-Course-2025\Lab6_Hyperparameter-Tuning\data\denoised_lab6_top1\db79c4fc-9879-47d1-afb4-1f5687be04c8.jpg
db7cc29a-3457-453d-9d39-e2b1d0d30f60.jpg,c:\Users\IMG_PRO\Desktop\Image-Processing-Course-2025\Lab6_Hyperparameter-Tuning\data\denoised_lab6_top1\db7cc29a-3457-453d-9d39-e2b1d0d30f60.jpg
db971e39-02b0-4301-840b-7cf912de4b45.jpg,c:\Users\IMG_PRO\Desktop\Image-Processing-Course-2025\Lab6_Hyperparameter-Tuning\data\denoised_lab6_top1\db971e39-02b0-4301-840b-7cf912de4b45.jpg
dbb8170a-ffe1-4d5f-8f4c-0741c99b3c5b.jpg,c:\Users\IMG_PRO\Desktop\Image-Processing-Course-2025\Lab6_Hyperparameter-Tuning\data\denoised_lab6_top1\dbb8170a-ffe1-4d5f-8f4c-0741c99b3c5b.jpg
dbe50c33-4696-41b0-a828-0dd860aba397.jpg,c:\Users\IMG_PRO\Desktop\Image-Processing-Course-2025\Lab6_Hyperparameter-Tuning\data\denoised_lab6_top1\dbe50c33-4696-41b0-a828-0dd860aba397.jpg
dbf117ef-c51c-4db7-9bf5-2b1b97f42e06.jpg,c:\Users\IMG_PRO\Desktop\Image-Processing-Course-2025\Lab6_Hyperparameter-Tuning\data\denoised_lab6_top1\dbf117ef-c51c-4db7-9bf5-2b1b97f42e06.jpg
dbf9041c-9688-4148-851d-58e55c9f34ea.jpg,c:\Users\IMG_PRO\Desktop\Image-Processing-Course-2025\Lab6_Hyperparameter-Tuning\data\denoised_lab6_top1\dbf9041c-9688-4148-851d-58e55c9f34ea.jpg
dbf940ac-c5f3-4920-ba23-d58ffd6118d3.jpg,c:\Users\IMG_PRO\Desktop\Image-Processing-Course-2025\Lab6_Hyperparameter-Tuning\data\denoised_lab6_top1\dbf940ac-c5f3-4920-ba23-d58ffd6118d3.jpg
dc0f9014-0d26-4218-81c9-e5b25dacd9b6.jpg,c:\Users\IMG_PRO\Desktop\Image-Processing-Course-2025\Lab6_Hyperparameter-Tuning\data\denoised_lab6_top1\dc0f9014-0d26-4218-81c9-e5b25dacd9b6.jpg
dc190e7d-ffd3-4ba9-94c7-d8895d94d636.jpg,c:\Users\IMG_PRO\Desktop\Image-Processing-Course-2025\Lab6_Hyperparameter-Tuning\data\denoised_lab6_top1\dc190e7d-ffd3-4ba9-94c7-d8895d94d636.jpg
dc1d1949-d989-4971-bbfb-9160a611891b.jpg,c:\Users\IMG_PRO\Desktop\Image-Processing-Course-2025\Lab6_Hyperparameter-Tuning\data\denoised_lab6_top1\dc1d1949-d989-4971-bbfb-9160a611891b.jpg
dc5fdfbd-6fab-4bff-b040-ee8354f6fd48.jpg,c:\Users\IMG_PRO\Desktop\Image-Processing-Course-2025\Lab6_Hyperparameter-Tuning\data\denoised_lab6_top1\dc5fdfbd-6fab-4bff-b040-ee8354f6fd48.jpg
dc6c66d7-d607-4a8b-937d-345744319295.jpg,c:\Users\IMG_PRO\Desktop\Image-Processing-Course-2025\Lab6_Hyperparameter-Tuning\data\denoised_lab6_top1\dc6c66d7-d607-4a8b-937d-345744319295.jpg
dc99d952-069a-4fa6-ba7c-9c5b7cce5d32.jpg,c:\Users\IMG_PRO\Desktop\Image-Processing-Course-2025\Lab6_Hyperparameter-Tuning\data\denoised_lab6_top1\dc99d952-069a-4fa6-ba7c-9c5b7cce5d32.jpg
dca85788-2aa4-4d1c-94cd-7291e614278e.jpg,c:\Users\IMG_PRO\Desktop\Image-Processing-Course-2025\Lab6_Hyperparameter-Tuning\data\denoised_lab6_top1\dca85788-2aa4-4d1c-94cd-7291e614278e.jpg
dcaa24eb-2b0a-4b8f-a229-c482bf9ecd09.jpg,c:\Users\IMG_PRO\Desktop\Image-Processing-Course-2025\Lab6_Hyperparameter-Tuning\data\denoised_lab6_top1\dcaa24eb-2b0a-4b8f-a229-c482bf9ecd09.jpg
dd05f5ef-89a7-4818-afb9-c381f24a475b.jpg,c:\Users\IMG_PRO\Desktop\Image-Processing-Course-2025\Lab6_Hyperparameter-Tuning\data\denoised_lab6_top1\dd05f5ef-89a7-4818-afb9-c381f24a475b.jpg
dd5252f1-d42e-4cec-bb41-4e0d6b3370bf.jpg,c:\Users\IMG_PRO\Desktop\Image-Processing-Course-2025\Lab6_Hyperparameter-Tuning\data\denoised_lab6_top1\dd5252f1-d42e-4cec-bb41-4e0d6b3370bf.jpg
ddae41f1-e575-4a97-90f7-20fc44f0530a.jpg,c:\Users\IMG_PRO\Desktop\Image-Processing-Course-2025\Lab6_Hyperparameter-Tuning\data\denoised_lab6_top1\ddae41f1-e575-4a97-90f7-20fc44f0530a.jpg
ddaef045-9563-4a9e-b042-8a4477570609.jpg,c:\Users\IMG_PRO\Desktop\Image-Processing-Course-2025\Lab6_Hyperparameter-Tuning\data\denoised_lab6_top1\ddaef045-9563-4a9e-b042-8a4477570609.jpg
ddb7d673-59d1-4f21-a280-09eadaa22402.jpg,c:\Users\IMG_PRO\Desktop\Image-Processing-Course-2025\Lab6_Hyperparameter-Tuning\data\denoised_lab6_top1\ddb7d673-59d1-4f21-a280-09eadaa22402.jpg
ddce1776-6a15-4249-937d-2c2c33a1edf5.jpg,c:\Users\IMG_PRO\Desktop\Image-Processing-Course-2025\Lab6_Hyperparameter-Tuning\data\denoised_lab6_top1\ddce1776-6a15-4249-937d-2c2c33a1edf5.jpg
ddd89698-8fcc-404c-aa6e-e1da5319f598.jpg,c:\Users\IMG_PRO\Desktop\Image-Processing-Course-2025\Lab6_Hyperparameter-Tuning\data\denoised_lab6_top1\ddd89698-8fcc-404c-aa6e-e1da5319f598.jpg
de0d5db9-271d-40d9-b1e3-16a991d1e611.jpg,c:\Users\IMG_PRO\Desktop\Image-Processing-Course-2025\Lab6_Hyperparameter-Tuning\data\denoised_lab6_top1\de0d5db9-271d-40d9-b1e3-16a991d1e611.jpg
de132ac6-f240-4bbd-87b5-56efe3bc4a3b.jpg,c:\Users\IMG_PRO\Desktop\Image-Processing-Course-2025\Lab6_Hyperparameter-Tuning\data\denoised_lab6_top1\de132ac6-f240-4bbd-87b5-56efe3bc4a3b.jpg
de1bbd1a-2adc-4234-b9a3-484ff2276ced.jpg,c:\Users\IMG_PRO\Desktop\Image-Processing-Course-2025\Lab6_Hyperparameter-Tuning\data\denoised_lab6_top1\de1bbd1a-2adc-4234-b9a3-484ff2276ced.jpg
de2ae770-6e71-4a86-bcb8-a586c9a0ebd0.jpg,c:\Users\IMG_PRO\Desktop\Image-Processing-Course-2025\Lab6_Hyperparameter-Tuning\data\denoised_lab6_top1\de2ae770-6e71-4a86-bcb8-a586c9a0ebd0.jpg
de2d7c7f-ea14-4580-9421-4fda8076b880.jpg,c:\Users\IMG_PRO\Desktop\Image-Processing-Course-2025\Lab6_Hyperparameter-Tuning\data\denoised_lab6_top1\de2d7c7f-ea14-4580-9421-4fda8076b880.jpg
dea7492e-bf97-4929-9374-d40581eb70e3.jpg,c:\Users\IMG_PRO\Desktop\Image-Processing-Course-2025\Lab6_Hyperparameter-Tuning\data\denoised_lab6_top1\dea7492e-bf97-4929-9374-d40581eb70e3.jpg
deb128c6-3eda-4487-8b59-de3429f992fd.jpg,c:\Users\IMG_PRO\Desktop\Image-Processing-Course-2025\Lab6_Hyperparameter-Tuning\data\denoised_lab6_top1\deb128c6-3eda-4487-8b59-de3429f992fd.jpg
df11fe2f-f8cd-4298-a1a6-02a8a9ce41f6.jpg,c:\Users\IMG_PRO\Desktop\Image-Processing-Course-2025\Lab6_Hyperparameter-Tuning\data\denoised_lab6_top1\df11fe2f-f8cd-4298-a1a6-02a8a9ce41f6.jpg
df13d58e-a989-42c5-ab89-3b6beb846cab.jpg,c:\Users\IMG_PRO\Desktop\Image-Processing-Course-2025\Lab6_Hyperparameter-Tuning\data\denoised_lab6_top1\df13d58e-a989-42c5-ab89-3b6beb846cab.jpg
df2225cf-48e0-4a76-bd57-575958f4aa4b.jpg,c:\Users\IMG_PRO\Desktop\Image-Processing-Course-2025\Lab6_Hyperparameter-Tuning\data\denoised_lab6_top1\df2225cf-48e0-4a76-bd57-575958f4aa4b.jpg
df8f335d-1307-4ac9-be91-2762c2befec5.jpg,c:\Users\IMG_PRO\Desktop\Image-Processing-Course-2025\Lab6_Hyperparameter-Tuning\data\denoised_lab6_top1\df8f335d-1307-4ac9-be91-2762c2befec5.jpg
df913b27-4c44-4e03-9c61-0b1c31fd4e03.jpg,c:\Users\IMG_PRO\Desktop\Image-Processing-Course-2025\Lab6_Hyperparameter-Tuning\data\denoised_lab6_top1\df913b27-4c44-4e03-9c61-0b1c31fd4e03.jpg
dfe36264-82c2-449f-9122-4a2cb5129d03.jpg,c:\Users\IMG_PRO\Desktop\Image-Processing-Course-2025\Lab6_Hyperparameter-Tuning\data\denoised_lab6_top1\dfe36264-82c2-449f-9122-4a2cb5129d03.jpg
e00e8b3e-2f58-4dcb-acb0-81c4ae6b5fac.jpg,c:\Users\IMG_PRO\Desktop\Image-Processing-Course-2025\Lab6_Hyperparameter-Tuning\data\denoised_lab6_top1\e00e8b3e-2f58-4dcb-acb0-81c4ae6b5fac.jpg
e02a0720-9a26-42b3-918c-8e68ca5d2cd3.jpg,c:\Users\IMG_PRO\Desktop\Image-Processing-Course-2025\Lab6_Hyperparameter-Tuning\data\denoised_lab6_top1\e02a0720-9a26-42b3-918c-8e68ca5d2cd3.jpg
e058b35f-83c5-47a0-a53c-675aca02d863.jpg,c:\Users\IMG_PRO\Desktop\Image-Processing-Course-2025\Lab6_Hyperparameter-Tuning\data\denoised_lab6_top1\e058b35f-83c5-47a0-a53c-675aca02d863.jpg
e09060fe-08f5-4c05-b69b-d03fa1bf55a0.jpg,c:\Users\IMG_PRO\Desktop\Image-Processing-Course-2025\Lab6_Hyperparameter-Tuning\data\denoised_lab6_top1\e09060fe-08f5-4c05-b69b-d03fa1bf55a0.jpg
e0cbd9e6-ffb6-441e-918d-dd8bfa00dc3c.jpg,c:\Users\IMG_PRO\Desktop\Image-Processing-Course-2025\Lab6_Hyperparameter-Tuning\data\denoised_lab6_top1\e0cbd9e6-ffb6-441e-918d-dd8bfa00dc3c.jpg
e11db1d0-2d78-41e3-8435-1b24d7e1bc49.jpg,c:\Users\IMG_PRO\Desktop\Image-Processing-Course-2025\Lab6_Hyperparameter-Tuning\data\denoised_lab6_top1\e11db1d0-2d78-41e3-8435-1b24d7e1bc49.jpg
e12a8221-b10c-4102-be26-042e95fe7258.jpg,c:\Users\IMG_PRO\Desktop\Image-Processing-Course-2025\Lab6_Hyperparameter-Tuning\data\denoised_lab6_top1\e12a8221-b10c-4102-be26-042e95fe7258.jpg
e13412a9-b9c5-4e7e-aae0-434da2d37610.jpg,c:\Users\IMG_PRO\Desktop\Image-Processing-Course-2025\Lab6_Hyperparameter-Tuning\data\denoised_lab6_top1\e13412a9-b9c5-4e7e-aae0-434da2d37610.jpg
e151165d-399b-4b08-9ddb-4ecc7f231d5f.jpg,c:\Users\IMG_PRO\Desktop\Image-Processing-Course-2025\Lab6_Hyperparameter-Tuning\data\denoised_lab6_top1\e151165d-399b-4b08-9ddb-4ecc7f231d5f.jpg
e1617a6d-8d4a-47d5-8b34-c56cb0c889b5.jpg,c:\Users\IMG_PRO\Desktop\Image-Processing-Course-2025\Lab6_Hyperparameter-Tuning\data\denoised_lab6_top1\e1617a6d-8d4a-47d5-8b34-c56cb0c889b5.jpg
e18cca4d-0f81-423d-861b-3973c320af5c.jpg,c:\Users\IMG_PRO\Desktop\Image-Processing-Course-2025\Lab6_Hyperparameter-Tuning\data\denoised_lab6_top1\e18cca4d-0f81-423d-861b-3973c320af5c.jpg
e1b14980-d174-44b5-b414-e467986fe474.jpg,c:\Users\IMG_PRO\Desktop\Image-Processing-Course-2025\Lab6_Hyperparameter-Tuning\data\denoised_lab6_top1\e1b14980-d174-44b5-b414-e467986fe474.jpg
e1dddd11-72b4-4011-91a7-5713f6074498.jpg,c:\Users\IMG_PRO\Desktop\Image-Processing-Course-2025\Lab6_Hyperparameter-Tuning\data\denoised_lab6_top1\e1dddd11-72b4-4011-91a7-5713f6074498.jpg
e208f01d-0c99-4f4c-8ea3-d4095f39a591.jpg,c:\Users\IMG_PRO\Desktop\Image-Processing-Course-2025\Lab6_Hyperparameter-Tuning\data\denoised_lab6_top1\e208f01d-0c99-4f4c-8ea3-d4095f39a591.jpg
e20a8b0c-07e5-4d12-98d7-77e3dc45e096.jpg,c:\Users\IMG_PRO\Desktop\Image-Processing-Course-2025\Lab6_Hyperparameter-Tuning\data\denoised_lab6_top1\e20a8b0c-07e5-4d12-98d7-77e3dc45e096.jpg
e2905a01-ae50-4980-921a-8870bb9c551e.jpg,c:\Users\IMG_PRO\Desktop\Image-Processing-Course-2025\Lab6_Hyperparameter-Tuning\data\denoised_lab6_top1\e2905a01-ae50-4980-921a-8870bb9c551e.jpg
e2a99054-575c-4009-87b5-beefaa7c2a8e.jpg,c:\Users\IMG_PRO\Desktop\Image-Processing-Course-2025\Lab6_Hyperparameter-Tuning\data\denoised_lab6_top1\e2a99054-575c-4009-87b5-beefaa7c2a8e.jpg
e2bde260-ec2d-4abe-bd41-47c520df0954.jpg,c:\Users\IMG_PRO\Desktop\Image-Processing-Course-2025\Lab6_Hyperparameter-Tuning\data\denoised_lab6_top1\e2bde260-ec2d-4abe-bd41-47c520df0954.jpg
e2fd4737-b455-4015-9e07-b9b3a607ee6f.jpg,c:\Users\IMG_PRO\Desktop\Image-Processing-Course-2025\Lab6_Hyperparameter-Tuning\data\denoised_lab6_top1\e2fd4737-b455-4015-9e07-b9b3a607ee6f.jpg
e301459d-47ed-4433-b104-cafaaca4f4e1.jpg,c:\Users\IMG_PRO\Desktop\Image-Processing-Course-2025\Lab6_Hyperparameter-Tuning\data\denoised_lab6_top1\e301459d-47ed-4433-b104-cafaaca4f4e1.jpg
e32c06a6-6431-4761-9224-597f9e73bd43.jpg,c:\Users\IMG_PRO\Desktop\Image-Processing-Course-2025\Lab6_Hyperparameter-Tuning\data\denoised_lab6_top1\e32c06a6-6431-4761-9224-597f9e73bd43.jpg
e398f410-2c15-434b-b5dd-41dab9eb031e.jpg,c:\Users\IMG_PRO\Desktop\Image-Processing-Course-2025\Lab6_Hyperparameter-Tuning\data\denoised_lab6_top1\e398f410-2c15-434b-b5dd-41dab9eb031e.jpg
e3cbe6c0-d13c-4f82-beeb-8fdc3cd4914b.jpg,c:\Users\IMG_PRO\Desktop\Image-Processing-Course-2025\Lab6_Hyperparameter-Tuning\data\denoised_lab6_top1\e3cbe6c0-d13c-4f82-beeb-8fdc3cd4914b.jpg
e3e6ac1b-1e10-4392-b594-b203ba230387.jpg,c:\Users\IMG_PRO\Desktop\Image-Processing-Course-2025\Lab6_Hyperparameter-Tuning\data\denoised_lab6_top1\e3e6ac1b-1e10-4392-b594-b203ba230387.jpg
e3f5550d-b237-4025-96d2-1279d2b3edb9.jpg,c:\Users\IMG_PRO\Desktop\Image-Processing-Course-2025\Lab6_Hyperparameter-Tuning\data\denoised_lab6_top1\e3f5550d-b237-4025-96d2-1279d2b3edb9.jpg
e443e2ba-b6e1-4dd5-b243-bb6753a2d563.jpg,c:\Users\IMG_PRO\Desktop\Image-Processing-Course-2025\Lab6_Hyperparameter-Tuning\data\denoised_lab6_top1\e443e2ba-b6e1-4dd5-b243-bb6753a2d563.jpg
e457b53b-01b8-48bb-b2bb-4634d189401c.jpg,c:\Users\IMG_PRO\Desktop\Image-Processing-Course-2025\Lab6_Hyperparameter-Tuning\data\denoised_lab6_top1\e457b53b-01b8-48bb-b2bb-4634d189401c.jpg
e476dcb9-3bf3-4ce7-9f68-e82d19201d14.jpg,c:\Users\IMG_PRO\Desktop\Image-Processing-Course-2025\Lab6_Hyperparameter-Tuning\data\denoised_lab6_top1\e476dcb9-3bf3-4ce7-9f68-e82d19201d14.jpg
e4e1b3e2-9f47-46fc-be96-e8c2e72ba76e.jpg,c:\Users\IMG_PRO\Desktop\Image-Processing-Course-2025\Lab6_Hyperparameter-Tuning\data\denoised_lab6_top1\e4e1b3e2-9f47-46fc-be96-e8c2e72ba76e.jpg
e4fdf86c-30d2-427b-9e29-a267ee4e1568.jpg,c:\Users\IMG_PRO\Desktop\Image-Processing-Course-2025\Lab6_Hyperparameter-Tuning\data\denoised_lab6_top1\e4fdf86c-30d2-427b-9e29-a267ee4e1568.jpg
e5462e6e-418a-45c1-ad45-c9f1edfae2e9.jpg,c:\Users\IMG_PRO\Desktop\Image-Processing-Course-2025\Lab6_Hyperparameter-Tuning\data\denoised_lab6_top1\e5462e6e-418a-45c1-ad45-c9f1edfae2e9.jpg
e54b0dfc-7d41-48c5-a33f-52f6c8d572e5.jpg,c:\Users\IMG_PRO\Desktop\Image-Processing-Course-2025\Lab6_Hyperparameter-Tuning\data\denoised_lab6_top1\e54b0dfc-7d41-48c5-a33f-52f6c8d572e5.jpg
e5506383-e977-4606-9208-34ace0f31ac7.jpg,c:\Users\IMG_PRO\Desktop\Image-Processing-Course-2025\Lab6_Hyperparameter-Tuning\data\denoised_lab6_top1\e5506383-e977-4606-9208-34ace0f31ac7.jpg
e562034b-fd15-43cd-9483-9c076c60e350.jpg,c:\Users\IMG_PRO\Desktop\Image-Processing-Course-2025\Lab6_Hyperparameter-Tuning\data\denoised_lab6_top1\e562034b-fd15-43cd-9483-9c076c60e350.jpg
e56209ea-d8c2-452f-b2ad-e6deeee88802.jpg,c:\Users\IMG_PRO\Desktop\Image-Processing-Course-2025\Lab6_Hyperparameter-Tuning\data\denoised_lab6_top1\e56209ea-d8c2-452f-b2ad-e6deeee88802.jpg
e58b579e-2b5e-4cc4-884e-3c284bdc1691.jpg,c:\Users\IMG_PRO\Desktop\Image-Processing-Course-2025\Lab6_Hyperparameter-Tuning\data\denoised_lab6_top1\e58b579e-2b5e-4cc4-884e-3c284bdc1691.jpg
e58ee710-4019-41ad-a1cf-f87217a547be.jpg,c:\Users\IMG_PRO\Desktop\Image-Processing-Course-2025\Lab6_Hyperparameter-Tuning\data\denoised_lab6_top1\e58ee710-4019-41ad-a1cf-f87217a547be.jpg
e5cb31a5-21b3-4ded-bab4-d6d31f712967.jpg,c:\Users\IMG_PRO\Desktop\Image-Processing-Course-2025\Lab6_Hyperparameter-Tuning\data\denoised_lab6_top1\e5cb31a5-21b3-4ded-bab4-d6d31f712967.jpg
e5ee9fc8-2fb2-4412-bfaa-3790088cb233.jpg,c:\Users\IMG_PRO\Desktop\Image-Processing-Course-2025\Lab6_Hyperparameter-Tuning\data\denoised_lab6_top1\e5ee9fc8-2fb2-4412-bfaa-3790088cb233.jpg
e5f87564-d21d-4cc6-b217-993fd3d9ab1f.jpg,c:\Users\IMG_PRO\Desktop\Image-Processing-Course-2025\Lab6_Hyperparameter-Tuning\data\denoised_lab6_top1\e5f87564-d21d-4cc6-b217-993fd3d9ab1f.jpg
e6147490-73a8-40c1-87ea-ba3bf527d3c0.jpg,c:\Users\IMG_PRO\Desktop\Image-Processing-Course-2025\Lab6_Hyperparameter-Tuning\data\denoised_lab6_top1\e6147490-73a8-40c1-87ea-ba3bf527d3c0.jpg
e6318fb2-a4c1-4ee0-ae46-8f49d0ff3c07.jpg,c:\Users\IMG_PRO\Desktop\Image-Processing-Course-2025\Lab6_Hyperparameter-Tuning\data\denoised_lab6_top1\e6318fb2-a4c1-4ee0-ae46-8f49d0ff3c07.jpg
e643a16c-c241-4ff6-a53a-9348fe6e47d8.jpg,c:\Users\IMG_PRO\Desktop\Image-Processing-Course-2025\Lab6_Hyperparameter-Tuning\data\denoised_lab6_top1\e643a16c-c241-4ff6-a53a-9348fe6e47d8.jpg
e64f6aab-d75d-46bc-b9c0-d4481e82a53e.jpg,c:\Users\IMG_PRO\Desktop\Image-Processing-Course-2025\Lab6_Hyperparameter-Tuning\data\denoised_lab6_top1\e64f6aab-d75d-46bc-b9c0-d4481e82a53e.jpg
e68bbfe2-b4eb-4a93-8941-a001f585cc95.jpg,c:\Users\IMG_PRO\Desktop\Image-Processing-Course-2025\Lab6_Hyperparameter-Tuning\data\denoised_lab6_top1\e68bbfe2-b4eb-4a93-8941-a001f585cc95.jpg
e6b6f219-9f65-4cf3-8ece-4642dee71a92.jpg,c:\Users\IMG_PRO\Desktop\Image-Processing-Course-2025\Lab6_Hyperparameter-Tuning\data\denoised_lab6_top1\e6b6f219-9f65-4cf3-8ece-4642dee71a92.jpg
e6fd9b52-27d2-4591-9926-d46933d77291.jpg,c:\Users\IMG_PRO\Desktop\Image-Processing-Course-2025\Lab6_Hyperparameter-Tuning\data\denoised_lab6_top1\e6fd9b52-27d2-4591-9926-d46933d77291.jpg
e7061aa9-4024-46cc-b06a-75bae30b4aab.jpg,c:\Users\IMG_PRO\Desktop\Image-Processing-Course-2025\Lab6_Hyperparameter-Tuning\data\denoised_lab6_top1\e7061aa9-4024-46cc-b06a-75bae30b4aab.jpg
e70e6ac6-17c8-451b-b101-4e9defd5809d.jpg,c:\Users\IMG_PRO\Desktop\Image-Processing-Course-2025\Lab6_Hyperparameter-Tuning\data\denoised_lab6_top1\e70e6ac6-17c8-451b-b101-4e9defd5809d.jpg
e717f5ff-fceb-4764-b80c-e93ba639313e.jpg,c:\Users\IMG_PRO\Desktop\Image-Processing-Course-2025\Lab6_Hyperparameter-Tuning\data\denoised_lab6_top1\e717f5ff-fceb-4764-b80c-e93ba639313e.jpg
e71f3a8b-e9f9-4255-9695-d5f7dd11f5a7.jpg,c:\Users\IMG_PRO\Desktop\Image-Processing-Course-2025\Lab6_Hyperparameter-Tuning\data\denoised_lab6_top1\e71f3a8b-e9f9-4255-9695-d5f7dd11f5a7.jpg
e72f5c69-a5d5-4d7a-b925-fa63b867a17e.jpg,c:\Users\IMG_PRO\Desktop\Image-Processing-Course-2025\Lab6_Hyperparameter-Tuning\data\denoised_lab6_top1\e72f5c69-a5d5-4d7a-b925-fa63b867a17e.jpg
e73a01b5-4723-4f2a-bd51-1586b61ef085.jpg,c:\Users\IMG_PRO\Desktop\Image-Processing-Course-2025\Lab6_Hyperparameter-Tuning\data\denoised_lab6_top1\e73a01b5-4723-4f2a-bd51-1586b61ef085.jpg
e753eaea-c381-40e1-b5e1-b2af7aa6ef53.jpg,c:\Users\IMG_PRO\Desktop\Image-Processing-Course-2025\Lab6_Hyperparameter-Tuning\data\denoised_lab6_top1\e753eaea-c381-40e1-b5e1-b2af7aa6ef53.jpg
e7694eb6-e078-44ef-929c-5b1cd5ac8192.jpg,c:\Users\IMG_PRO\Desktop\Image-Processing-Course-2025\Lab6_Hyperparameter-Tuning\data\denoised_lab6_top1\e7694eb6-e078-44ef-929c-5b1cd5ac8192.jpg
e7927895-52c7-4fb4-8166-e3204e1ca6d5.jpg,c:\Users\IMG_PRO\Desktop\Image-Processing-Course-2025\Lab6_Hyperparameter-Tuning\data\denoised_lab6_top1\e7927895-52c7-4fb4-8166-e3204e1ca6d5.jpg
e7a125ec-0a5c-4d9a-92f3-75dd295b9568.jpg,c:\Users\IMG_PRO\Desktop\Image-Processing-Course-2025\Lab6_Hyperparameter-Tuning\data\denoised_lab6_top1\e7a125ec-0a5c-4d9a-92f3-75dd295b9568.jpg
e8081ec4-f98b-42e3-a902-7085c679d6df.jpg,c:\Users\IMG_PRO\Desktop\Image-Processing-Course-2025\Lab6_Hyperparameter-Tuning\data\denoised_lab6_top1\e8081ec4-f98b-42e3-a902-7085c679d6df.jpg
e83e91b9-417b-48d8-ab9d-c38755602995.jpg,c:\Users\IMG_PRO\Desktop\Image-Processing-Course-2025\Lab6_Hyperparameter-Tuning\data\denoised_lab6_top1\e83e91b9-417b-48d8-ab9d-c38755602995.jpg
e868b114-908a-499b-bdc8-ae49ce96d917.jpg,c:\Users\IMG_PRO\Desktop\Image-Processing-Course-2025\Lab6_Hyperparameter-Tuning\data\denoised_lab6_top1\e868b114-908a-499b-bdc8-ae49ce96d917.jpg
e885048b-b5cb-4958-8de4-c17d1f407525.jpg,c:\Users\IMG_PRO\Desktop\Image-Processing-Course-2025\Lab6_Hyperparameter-Tuning\data\denoised_lab6_top1\e885048b-b5cb-4958-8de4-c17d1f407525.jpg
e8975340-e8bf-402a-80df-b2e32be03dcb.jpg,c:\Users\IMG_PRO\Desktop\Image-Processing-Course-2025\Lab6_Hyperparameter-Tuning\data\denoised_lab6_top1\e8975340-e8bf-402a-80df-b2e32be03dcb.jpg
e8c82551-55ec-46ba-89f8-abba91e03f70.jpg,c:\Users\IMG_PRO\Desktop\Image-Processing-Course-2025\Lab6_Hyperparameter-Tuning\data\denoised_lab6_top1\e8c82551-55ec-46ba-89f8-abba91e03f70.jpg
e924670a-c550-41f5-b4e7-c2cebe32d47e.jpg,c:\Users\IMG_PRO\Desktop\Image-Processing-Course-2025\Lab6_Hyperparameter-Tuning\data\denoised_lab6_top1\e924670a-c550-41f5-b4e7-c2cebe32d47e.jpg
e93d0558-9ec1-4b4d-af1e-8b5c0ffebd8d.jpg,c:\Users\IMG_PRO\Desktop\Image-Processing-Course-2025\Lab6_Hyperparameter-Tuning\data\denoised_lab6_top1\e93d0558-9ec1-4b4d-af1e-8b5c0ffebd8d.jpg
e966e099-3835-40e8-9a12-978827bca759.jpg,c:\Users\IMG_PRO\Desktop\Image-Processing-Course-2025\Lab6_Hyperparameter-Tuning\data\denoised_lab6_top1\e966e099-3835-40e8-9a12-978827bca759.jpg
e9875da4-e3e3-43fd-a2b8-319d3bb6ad53.jpg,c:\Users\IMG_PRO\Desktop\Image-Processing-Course-2025\Lab6_Hyperparameter-Tuning\data\denoised_lab6_top1\e9875da4-e3e3-43fd-a2b8-319d3bb6ad53.jpg
e9bfff21-8a99-481e-91d3-6c92e67d2e11.jpg,c:\Users\IMG_PRO\Desktop\Image-Processing-Course-2025\Lab6_Hyperparameter-Tuning\data\denoised_lab6_top1\e9bfff21-8a99-481e-91d3-6c92e67d2e11.jpg
ea06c611-cc22-4430-a084-d2fdc4d5728f.jpg,c:\Users\IMG_PRO\Desktop\Image-Processing-Course-2025\Lab6_Hyperparameter-Tuning\data\denoised_lab6_top1\ea06c611-cc22-4430-a084-d2fdc4d5728f.jpg
ea34baf6-1667-4757-ab52-7ab37f7796f2.jpg,c:\Users\IMG_PRO\Desktop\Image-Processing-Course-2025\Lab6_Hyperparameter-Tuning\data\denoised_lab6_top1\ea34baf6-1667-4757-ab52-7ab37f7796f2.jpg
ea3992fe-bbe1-44c7-842a-be598fc7d047.jpg,c:\Users\IMG_PRO\Desktop\Image-Processing-Course-2025\Lab6_Hyperparameter-Tuning\data\denoised_lab6_top1\ea3992fe-bbe1-44c7-842a-be598fc7d047.jpg
ea4dc2d5-7d98-45c1-b1a5-8cde12b2ae48.jpg,c:\Users\IMG_PRO\Desktop\Image-Processing-Course-2025\Lab6_Hyperparameter-Tuning\data\denoised_lab6_top1\ea4dc2d5-7d98-45c1-b1a5-8cde12b2ae48.jpg
ea5a5c2c-a6b6-48a0-819e-c28fe9ae7cf1.jpg,c:\Users\IMG_PRO\Desktop\Image-Processing-Course-2025\Lab6_Hyperparameter-Tuning\data\denoised_lab6_top1\ea5a5c2c-a6b6-48a0-819e-c28fe9ae7cf1.jpg
ea784a25-1701-49c0-86de-a5d12e736330.jpg,c:\Users\IMG_PRO\Desktop\Image-Processing-Course-2025\Lab6_Hyperparameter-Tuning\data\denoised_lab6_top1\ea784a25-1701-49c0-86de-a5d12e736330.jpg
ea7ab6b4-7b63-427e-96be-a64f61331e51.jpg,c:\Users\IMG_PRO\Desktop\Image-Processing-Course-2025\Lab6_Hyperparameter-Tuning\data\denoised_lab6_top1\ea7ab6b4-7b63-427e-96be-a64f61331e51.jpg
ea8c3bec-3de3-43cb-aa08-7dac28d132da.jpg,c:\Users\IMG_PRO\Desktop\Image-Processing-Course-2025\Lab6_Hyperparameter-Tuning\data\denoised_lab6_top1\ea8c3bec-3de3-43cb-aa08-7dac28d132da.jpg
ea9508e7-4da1-431c-b108-a787eb258650.jpg,c:\Users\IMG_PRO\Desktop\Image-Processing-Course-2025\Lab6_Hyperparameter-Tuning\data\denoised_lab6_top1\ea9508e7-4da1-431c-b108-a787eb258650.jpg
eaa3065e-e442-4e12-bff0-ccca77f2cffa.jpg,c:\Users\IMG_PRO\Desktop\Image-Processing-Course-2025\Lab6_Hyperparameter-Tuning\data\denoised_lab6_top1\eaa3065e-e442-4e12-bff0-ccca77f2cffa.jpg
eac85d6f-0c55-4b48-ad4d-62b71c02f976.jpg,c:\Users\IMG_PRO\Desktop\Image-Processing-Course-2025\Lab6_Hyperparameter-Tuning\data\denoised_lab6_top1\eac85d6f-0c55-4b48-ad4d-62b71c02f976.jpg
eae552d1-d380-4926-9c41-ecc8f255e6db.jpg,c:\Users\IMG_PRO\Desktop\Image-Processing-Course-2025\Lab6_Hyperparameter-Tuning\data\denoised_lab6_top1\eae552d1-d380-4926-9c41-ecc8f255e6db.jpg
eb1992c5-6f00-422c-afe8-730749e777f3.jpg,c:\Users\IMG_PRO\Desktop\Image-Processing-Course-2025\Lab6_Hyperparameter-Tuning\data\denoised_lab6_top1\eb1992c5-6f00-422c-afe8-730749e777f3.jpg
eb30cace-5847-4d31-911c-d6937bb0ab1a.jpg,c:\Users\IMG_PRO\Desktop\Image-Processing-Course-2025\Lab6_Hyperparameter-Tuning\data\denoised_lab6_top1\eb30cace-5847-4d31-911c-d6937bb0ab1a.jpg
eb675259-b4a8-40fa-8ebb-60ed8f02abf6.jpg,c:\Users\IMG_PRO\Desktop\Image-Processing-Course-2025\Lab6_Hyperparameter-Tuning\data\denoised_lab6_top1\eb675259-b4a8-40fa-8ebb-60ed8f02abf6.jpg
eb67747a-200a-460a-b9dc-f9c6142f5b3c.jpg,c:\Users\IMG_PRO\Desktop\Image-Processing-Course-2025\Lab6_Hyperparameter-Tuning\data\denoised_lab6_top1\eb67747a-200a-460a-b9dc-f9c6142f5b3c.jpg
eb7aa4dd-0c71-40cf-87b8-a93d7b0ae66a.jpg,c:\Users\IMG_PRO\Desktop\Image-Processing-Course-2025\Lab6_Hyperparameter-Tuning\data\denoised_lab6_top1\eb7aa4dd-0c71-40cf-87b8-a93d7b0ae66a.jpg
ebbbd15f-9085-4086-82e5-532a1b693e6f.jpg,c:\Users\IMG_PRO\Desktop\Image-Processing-Course-2025\Lab6_Hyperparameter-Tuning\data\denoised_lab6_top1\ebbbd15f-9085-4086-82e5-532a1b693e6f.jpg
ebc8b136-07a1-49f3-b1ab-ecd2958316fa.jpg,c:\Users\IMG_PRO\Desktop\Image-Processing-Course-2025\Lab6_Hyperparameter-Tuning\data\denoised_lab6_top1\ebc8b136-07a1-49f3-b1ab-ecd2958316fa.jpg
ebcf2902-293f-44a1-98b3-4b6e03981d65.jpg,c:\Users\IMG_PRO\Desktop\Image-Processing-Course-2025\Lab6_Hyperparameter-Tuning\data\denoised_lab6_top1\ebcf2902-293f-44a1-98b3-4b6e03981d65.jpg
ec020520-3746-4cb5-b345-539a9107b055.jpg,c:\Users\IMG_PRO\Desktop\Image-Processing-Course-2025\Lab6_Hyperparameter-Tuning\data\denoised_lab6_top1\ec020520-3746-4cb5-b345-539a9107b055.jpg
ec02d7b6-97b4-41a6-906e-0f6aab08cec1.jpg,c:\Users\IMG_PRO\Desktop\Image-Processing-Course-2025\Lab6_Hyperparameter-Tuning\data\denoised_lab6_top1\ec02d7b6-97b4-41a6-906e-0f6aab08cec1.jpg
ec30877f-9c89-4b2e-bbcd-7f3a20f15d1e.jpg,c:\Users\IMG_PRO\Desktop\Image-Processing-Course-2025\Lab6_Hyperparameter-Tuning\data\denoised_lab6_top1\ec30877f-9c89-4b2e-bbcd-7f3a20f15d1e.jpg
ec3d6ff8-5f0e-4a29-add2-5289f8ce4aed.jpg,c:\Users\IMG_PRO\Desktop\Image-Processing-Course-2025\Lab6_Hyperparameter-Tuning\data\denoised_lab6_top1\ec3d6ff8-5f0e-4a29-add2-5289f8ce4aed.jpg
ec645dff-2c09-45b2-be06-5792747fb9fe.jpg,c:\Users\IMG_PRO\Desktop\Image-Processing-Course-2025\Lab6_Hyperparameter-Tuning\data\denoised_lab6_top1\ec645dff-2c09-45b2-be06-5792747fb9fe.jpg
ecaca950-87f0-45df-8481-5d208917197d.jpg,c:\Users\IMG_PRO\Desktop\Image-Processing-Course-2025\Lab6_Hyperparameter-Tuning\data\denoised_lab6_top1\ecaca950-87f0-45df-8481-5d208917197d.jpg
ecada9e7-6ece-40c8-8ba7-79a77168714d.jpg,c:\Users\IMG_PRO\Desktop\Image-Processing-Course-2025\Lab6_Hyperparameter-Tuning\data\denoised_lab6_top1\ecada9e7-6ece-40c8-8ba7-79a77168714d.jpg
ecdbd649-4472-4fa3-9245-ca5acffd24c0.jpg,c:\Users\IMG_PRO\Desktop\Image-Processing-Course-2025\Lab6_Hyperparameter-Tuning\data\denoised_lab6_top1\ecdbd649-4472-4fa3-9245-ca5acffd24c0.jpg
ecf01b59-5557-485b-aa47-5807ec9e356b.jpg,c:\Users\IMG_PRO\Desktop\Image-Processing-Course-2025\Lab6_Hyperparameter-Tuning\data\denoised_lab6_top1\ecf01b59-5557-485b-aa47-5807ec9e356b.jpg
ed121d7c-d4bf-481d-8886-d935cdfcbabc.jpg,c:\Users\IMG_PRO\Desktop\Image-Processing-Course-2025\Lab6_Hyperparameter-Tuning\data\denoised_lab6_top1\ed121d7c-d4bf-481d-8886-d935cdfcbabc.jpg
ed2c164d-cff3-4ad5-846b-f9ea9cb69170.jpg,c:\Users\IMG_PRO\Desktop\Image-Processing-Course-2025\Lab6_Hyperparameter-Tuning\data\denoised_lab6_top1\ed2c164d-cff3-4ad5-846b-f9ea9cb69170.jpg
ed3cadfb-e9e8-4adc-b8a2-13cefd1cb301.jpg,c:\Users\IMG_PRO\Desktop\Image-Processing-Course-2025\Lab6_Hyperparameter-Tuning\data\denoised_lab6_top1\ed3cadfb-e9e8-4adc-b8a2-13cefd1cb301.jpg
ed4a52df-fe83-4f11-9cbf-503f3f6a7d0e.jpg,c:\Users\IMG_PRO\Desktop\Image-Processing-Course-2025\Lab6_Hyperparameter-Tuning\data\denoised_lab6_top1\ed4a52df-fe83-4f11-9cbf-503f3f6a7d0e.jpg
ed4cc2a8-c0c2-4742-be64-417640df8faf.jpg,c:\Users\IMG_PRO\Desktop\Image-Processing-Course-2025\Lab6_Hyperparameter-Tuning\data\denoised_lab6_top1\ed4cc2a8-c0c2-4742-be64-417640df8faf.jpg
ed80623a-5ec0-4793-a43a-3da9949b8e64.jpg,c:\Users\IMG_PRO\Desktop\Image-Processing-Course-2025\Lab6_Hyperparameter-Tuning\data\denoised_lab6_top1\ed80623a-5ec0-4793-a43a-3da9949b8e64.jpg
ed8b6f6d-0d6a-498b-a743-c2ae96c9cb70.jpg,c:\Users\IMG_PRO\Desktop\Image-Processing-Course-2025\Lab6_Hyperparameter-Tuning\data\denoised_lab6_top1\ed8b6f6d-0d6a-498b-a743-c2ae96c9cb70.jpg
eda6f529-9f46-4c64-8499-90c18ef42e0d.jpg,c:\Users\IMG_PRO\Desktop\Image-Processing-Course-2025\Lab6_Hyperparameter-Tuning\data\denoised_lab6_top1\eda6f529-9f46-4c64-8499-90c18ef42e0d.jpg
edc1123e-861f-46c0-bd40-b0f1538a6260.jpg,c:\Users\IMG_PRO\Desktop\Image-Processing-Course-2025\Lab6_Hyperparameter-Tuning\data\denoised_lab6_top1\edc1123e-861f-46c0-bd40-b0f1538a6260.jpg
edecdf20-31ec-47f8-a7b8-d3845481de81.jpg,c:\Users\IMG_PRO\Desktop\Image-Processing-Course-2025\Lab6_Hyperparameter-Tuning\data\denoised_lab6_top1\edecdf20-31ec-47f8-a7b8-d3845481de81.jpg
edf35e0f-dc03-4131-aa3a-48c53bbbbede.jpg,c:\Users\IMG_PRO\Desktop\Image-Processing-Course-2025\Lab6_Hyperparameter-Tuning\data\denoised_lab6_top1\edf35e0f-dc03-4131-aa3a-48c53bbbbede.jpg
edfa9668-0841-4806-9648-2986c2f583b5.jpg,c:\Users\IMG_PRO\Desktop\Image-Processing-Course-2025\Lab6_Hyperparameter-Tuning\data\denoised_lab6_top1\edfa9668-0841-4806-9648-2986c2f583b5.jpg
ee815b78-8930-421c-ba3f-bbca338fb246.jpg,c:\Users\IMG_PRO\Desktop\Image-Processing-Course-2025\Lab6_Hyperparameter-Tuning\data\denoised_lab6_top1\ee815b78-8930-421c-ba3f-bbca338fb246.jpg
ee85f2a7-4af1-4b86-a5d0-94d4d59eb224.jpg,c:\Users\IMG_PRO\Desktop\Image-Processing-Course-2025\Lab6_Hyperparameter-Tuning\data\denoised_lab6_top1\ee85f2a7-4af1-4b86-a5d0-94d4d59eb224.jpg
ee9114db-f9db-4401-8138-75cd9eb4a376.jpg,c:\Users\IMG_PRO\Desktop\Image-Processing-Course-2025\Lab6_Hyperparameter-Tuning\data\denoised_lab6_top1\ee9114db-f9db-4401-8138-75cd9eb4a376.jpg
ef2bdd9e-2e1b-4447-bf7a-459bfe1e7eb0.jpg,c:\Users\IMG_PRO\Desktop\Image-Processing-Course-2025\Lab6_Hyperparameter-Tuning\data\denoised_lab6_top1\ef2bdd9e-2e1b-4447-bf7a-459bfe1e7eb0.jpg
ef33d8b1-459d-4d2e-aac6-5bd93035b35f.jpg,c:\Users\IMG_PRO\Desktop\Image-Processing-Course-2025\Lab6_Hyperparameter-Tuning\data\denoised_lab6_top1\ef33d8b1-459d-4d2e-aac6-5bd93035b35f.jpg
ef44459f-62bd-42be-ac69-ab7e9793bd91.jpg,c:\Users\IMG_PRO\Desktop\Image-Processing-Course-2025\Lab6_Hyperparameter-Tuning\data\denoised_lab6_top1\ef44459f-62bd-42be-ac69-ab7e9793bd91.jpg
ef4b6869-13c0-4a68-a588-f09581ee9980.jpg,c:\Users\IMG_PRO\Desktop\Image-Processing-Course-2025\Lab6_Hyperparameter-Tuning\data\denoised_lab6_top1\ef4b6869-13c0-4a68-a588-f09581ee9980.jpg
ef8b1c3d-e646-426c-ac90-b7b3c291d03a.jpg,c:\Users\IMG_PRO\Desktop\Image-Processing-Course-2025\Lab6_Hyperparameter-Tuning\data\denoised_lab6_top1\ef8b1c3d-e646-426c-ac90-b7b3c291d03a.jpg
ef9fb8af-5ac4-44b1-bf37-3eed65e14408.jpg,c:\Users\IMG_PRO\Desktop\Image-Processing-Course-2025\Lab6_Hyperparameter-Tuning\data\denoised_lab6_top1\ef9fb8af-5ac4-44b1-bf37-3eed65e14408.jpg
efc2ac3f-719e-42fb-8d40-40e5e1787d27.jpg,c:\Users\IMG_PRO\Desktop\Image-Processing-Course-2025\Lab6_Hyperparameter-Tuning\data\denoised_lab6_top1\efc2ac3f-719e-42fb-8d40-40e5e1787d27.jpg
efd6f0d6-e0ef-4198-aaca-7887b88433d8.jpg,c:\Users\IMG_PRO\Desktop\Image-Processing-Course-2025\Lab6_Hyperparameter-Tuning\data\denoised_lab6_top1\efd6f0d6-e0ef-4198-aaca-7887b88433d8.jpg
effe4456-6d5b-486a-93ce-e93f036214a1.jpg,c:\Users\IMG_PRO\Desktop\Image-Processing-Course-2025\Lab6_Hyperparameter-Tuning\data\denoised_lab6_top1\effe4456-6d5b-486a-93ce-e93f036214a1.jpg
f00824d0-81d7-4882-af51-77cd10e20813.jpg,c:\Users\IMG_PRO\Desktop\Image-Processing-Course-2025\Lab6_Hyperparameter-Tuning\data\denoised_lab6_top1\f00824d0-81d7-4882-af51-77cd10e20813.jpg
f013169b-8536-40b2-93ec-06f18a4ad983.jpg,c:\Users\IMG_PRO\Desktop\Image-Processing-Course-2025\Lab6_Hyperparameter-Tuning\data\denoised_lab6_top1\f013169b-8536-40b2-93ec-06f18a4ad983.jpg
f0234ade-5e85-4cc1-9287-09fc8ebd5e46.jpg,c:\Users\IMG_PRO\Desktop\Image-Processing-Course-2025\Lab6_Hyperparameter-Tuning\data\denoised_lab6_top1\f0234ade-5e85-4cc1-9287-09fc8ebd5e46.jpg
f0a62106-24cc-46f7-abf7-a12b05725701.jpg,c:\Users\IMG_PRO\Desktop\Image-Processing-Course-2025\Lab6_Hyperparameter-Tuning\data\denoised_lab6_top1\f0a62106-24cc-46f7-abf7-a12b05725701.jpg
f0ed80c3-c27e-4108-b07f-d5b527f3544b.jpg,c:\Users\IMG_PRO\Desktop\Image-Processing-Course-2025\Lab6_Hyperparameter-Tuning\data\denoised_lab6_top1\f0ed80c3-c27e-4108-b07f-d5b527f3544b.jpg
f143e284-5c5f-4035-983f-10e619e3e79a.jpg,c:\Users\IMG_PRO\Desktop\Image-Processing-Course-2025\Lab6_Hyperparameter-Tuning\data\denoised_lab6_top1\f143e284-5c5f-4035-983f-10e619e3e79a.jpg
f14a02d6-35df-41c2-84d5-adb36a64025d.jpg,c:\Users\IMG_PRO\Desktop\Image-Processing-Course-2025\Lab6_Hyperparameter-Tuning\data\denoised_lab6_top1\f14a02d6-35df-41c2-84d5-adb36a64025d.jpg
f1d27e3f-ca61-4924-9ff4-b0ce0e8df2c1.jpg,c:\Users\IMG_PRO\Desktop\Image-Processing-Course-2025\Lab6_Hyperparameter-Tuning\data\denoised_lab6_top1\f1d27e3f-ca61-4924-9ff4-b0ce0e8df2c1.jpg
f1f7ea56-ba54-49b5-89fc-cbbce851ab49.jpg,c:\Users\IMG_PRO\Desktop\Image-Processing-Course-2025\Lab6_Hyperparameter-Tuning\data\denoised_lab6_top1\f1f7ea56-ba54-49b5-89fc-cbbce851ab49.jpg
f2131cd2-5582-49e6-b695-402df28983c6.jpg,c:\Users\IMG_PRO\Desktop\Image-Processing-Course-2025\Lab6_Hyperparameter-Tuning\data\denoised_lab6_top1\f2131cd2-5582-49e6-b695-402df28983c6.jpg
f22f3ca1-a898-4509-9601-b3a87486c73b.jpg,c:\Users\IMG_PRO\Desktop\Image-Processing-Course-2025\Lab6_Hyperparameter-Tuning\data\denoised_lab6_top1\f22f3ca1-a898-4509-9601-b3a87486c73b.jpg
f268102b-86ee-4a34-a390-7e556c42f65a.jpg,c:\Users\IMG_PRO\Desktop\Image-Processing-Course-2025\Lab6_Hyperparameter-Tuning\data\denoised_lab6_top1\f268102b-86ee-4a34-a390-7e556c42f65a.jpg
f2be5968-22eb-4ae0-a303-780efa578b6c.jpg,c:\Users\IMG_PRO\Desktop\Image-Processing-Course-2025\Lab6_Hyperparameter-Tuning\data\denoised_lab6_top1\f2be5968-22eb-4ae0-a303-780efa578b6c.jpg
f319ab16-a0d6-47f3-84e4-13b85cb27a46.jpg,c:\Users\IMG_PRO\Desktop\Image-Processing-Course-2025\Lab6_Hyperparameter-Tuning\data\denoised_lab6_top1\f319ab16-a0d6-47f3-84e4-13b85cb27a46.jpg
f32ca02d-fa72-45da-a6bb-c054022588ce.jpg,c:\Users\IMG_PRO\Desktop\Image-Processing-Course-2025\Lab6_Hyperparameter-Tuning\data\denoised_lab6_top1\f32ca02d-fa72-45da-a6bb-c054022588ce.jpg
f35ffbb6-9d29-40a4-9209-063db2412e37.jpg,c:\Users\IMG_PRO\Desktop\Image-Processing-Course-2025\Lab6_Hyperparameter-Tuning\data\denoised_lab6_top1\f35ffbb6-9d29-40a4-9209-063db2412e37.jpg
f3c4d139-961d-4c45-b1f1-3d034a13bb1d.jpg,c:\Users\IMG_PRO\Desktop\Image-Processing-Course-2025\Lab6_Hyperparameter-Tuning\data\denoised_lab6_top1\f3c4d139-961d-4c45-b1f1-3d034a13bb1d.jpg
f3ef63b9-a0ae-43f4-b6be-0ed1bc658fe8.jpg,c:\Users\IMG_PRO\Desktop\Image-Processing-Course-2025\Lab6_Hyperparameter-Tuning\data\denoised_lab6_top1\f3ef63b9-a0ae-43f4-b6be-0ed1bc658fe8.jpg
f41943b0-930f-4ffa-b326-983cd0b1c764.jpg,c:\Users\IMG_PRO\Desktop\Image-Processing-Course-2025\Lab6_Hyperparameter-Tuning\data\denoised_lab6_top1\f41943b0-930f-4ffa-b326-983cd0b1c764.jpg
f44f5860-1f68-4073-8c32-928c0aafa627.jpg,c:\Users\IMG_PRO\Desktop\Image-Processing-Course-2025\Lab6_Hyperparameter-Tuning\data\denoised_lab6_top1\f44f5860-1f68-4073-8c32-928c0aafa627.jpg
f4608820-5fe6-41c7-a14b-676734d36184.jpg,c:\Users\IMG_PRO\Desktop\Image-Processing-Course-2025\Lab6_Hyperparameter-Tuning\data\denoised_lab6_top1\f4608820-5fe6-41c7-a14b-676734d36184.jpg
f4784fa7-ebb9-4af5-a914-cd9899aff623.jpg,c:\Users\IMG_PRO\Desktop\Image-Processing-Course-2025\Lab6_Hyperparameter-Tuning\data\denoised_lab6_top1\f4784fa7-ebb9-4af5-a914-cd9899aff623.jpg
f49989d9-e536-402c-8f73-180a0e812fd4.jpg,c:\Users\IMG_PRO\Desktop\Image-Processing-Course-2025\Lab6_Hyperparameter-Tuning\data\denoised_lab6_top1\f49989d9-e536-402c-8f73-180a0e812fd4.jpg
f4a46b12-4a8f-4537-8edb-7a356f3baf05.jpg,c:\Users\IMG_PRO\Desktop\Image-Processing-Course-2025\Lab6_Hyperparameter-Tuning\data\denoised_lab6_top1\f4a46b12-4a8f-4537-8edb-7a356f3baf05.jpg
f4af5cd8-aeec-4e95-bb59-d1deecc547e6.jpg,c:\Users\IMG_PRO\Desktop\Image-Processing-Course-2025\Lab6_Hyperparameter-Tuning\data\denoised_lab6_top1\f4af5cd8-aeec-4e95-bb59-d1deecc547e6.jpg
f4babf16-565b-4960-b18f-ab9d42d1979f.jpg,c:\Users\IMG_PRO\Desktop\Image-Processing-Course-2025\Lab6_Hyperparameter-Tuning\data\denoised_lab6_top1\f4babf16-565b-4960-b18f-ab9d42d1979f.jpg
f50c1d57-47f5-43c5-8544-1f26ee916a5f.jpg,c:\Users\IMG_PRO\Desktop\Image-Processing-Course-2025\Lab6_Hyperparameter-Tuning\data\denoised_lab6_top1\f50c1d57-47f5-43c5-8544-1f26ee916a5f.jpg
f5360c8f-d889-456d-8112-dfa5272e7086.jpg,c:\Users\IMG_PRO\Desktop\Image-Processing-Course-2025\Lab6_Hyperparameter-Tuning\data\denoised_lab6_top1\f5360c8f-d889-456d-8112-dfa5272e7086.jpg
f551b95d-bc06-475b-9e2c-8a155fb868d1.jpg,c:\Users\IMG_PRO\Desktop\Image-Processing-Course-2025\Lab6_Hyperparameter-Tuning\data\denoised_lab6_top1\f551b95d-bc06-475b-9e2c-8a155fb868d1.jpg
f5666c86-d0e7-4e4f-a356-0654ab15c6fe.jpg,c:\Users\IMG_PRO\Desktop\Image-Processing-Course-2025\Lab6_Hyperparameter-Tuning\data\denoised_lab6_top1\f5666c86-d0e7-4e4f-a356-0654ab15c6fe.jpg
f56fcf19-c5ed-474f-91ed-349e9e16050d.jpg,c:\Users\IMG_PRO\Desktop\Image-Processing-Course-2025\Lab6_Hyperparameter-Tuning\data\denoised_lab6_top1\f56fcf19-c5ed-474f-91ed-349e9e16050d.jpg
f59793ef-1c0f-4185-92e6-f391fcb88571.jpg,c:\Users\IMG_PRO\Desktop\Image-Processing-Course-2025\Lab6_Hyperparameter-Tuning\data\denoised_lab6_top1\f59793ef-1c0f-4185-92e6-f391fcb88571.jpg
f5de2771-3d16-4b71-8e5d-96c5bd35bf12.jpg,c:\Users\IMG_PRO\Desktop\Image-Processing-Course-2025\Lab6_Hyperparameter-Tuning\data\denoised_lab6_top1\f5de2771-3d16-4b71-8e5d-96c5bd35bf12.jpg
f608979b-abfe-4f8b-8706-1305d732381e.jpg,c:\Users\IMG_PRO\Desktop\Image-Processing-Course-2025\Lab6_Hyperparameter-Tuning\data\denoised_lab6_top1\f608979b-abfe-4f8b-8706-1305d732381e.jpg
f61307dd-010c-485d-bf94-1fea15aadd67.jpg,c:\Users\IMG_PRO\Desktop\Image-Processing-Course-2025\Lab6_Hyperparameter-Tuning\data\denoised_lab6_top1\f61307dd-010c-485d-bf94-1fea15aadd67.jpg
f633c4b1-30cc-482d-910d-17073a8661eb.jpg,c:\Users\IMG_PRO\Desktop\Image-Processing-Course-2025\Lab6_Hyperparameter-Tuning\data\denoised_lab6_top1\f633c4b1-30cc-482d-910d-17073a8661eb.jpg
f640a5ae-bd26-4303-9ddc-723e375ec00d.jpg,c:\Users\IMG_PRO\Desktop\Image-Processing-Course-2025\Lab6_Hyperparameter-Tuning\data\denoised_lab6_top1\f640a5ae-bd26-4303-9ddc-723e375ec00d.jpg
f66b77dc-2a60-4d0e-8065-8ed844b1279c.jpg,c:\Users\IMG_PRO\Desktop\Image-Processing-Course-2025\Lab6_Hyperparameter-Tuning\data\denoised_lab6_top1\f66b77dc-2a60-4d0e-8065-8ed844b1279c.jpg
f675db74-d150-41be-ad4b-32bd31a6b1f5.jpg,c:\Users\IMG_PRO\Desktop\Image-Processing-Course-2025\Lab6_Hyperparameter-Tuning\data\denoised_lab6_top1\f675db74-d150-41be-ad4b-32bd31a6b1f5.jpg
f697d1cb-74a8-4544-989e-4b237c7ef053.jpg,c:\Users\IMG_PRO\Desktop\Image-Processing-Course-2025\Lab6_Hyperparameter-Tuning\data\denoised_lab6_top1\f697d1cb-74a8-4544-989e-4b237c7ef053.jpg
f6d6f4f6-53b0-4690-8652-dd89924ea99a.jpg,c:\Users\IMG_PRO\Desktop\Image-Processing-Course-2025\Lab6_Hyperparameter-Tuning\data\denoised_lab6_top1\f6d6f4f6-53b0-4690-8652-dd89924ea99a.jpg
f6f3d5d0-8bbd-42e2-8921-ce8763dea58e.jpg,c:\Users\IMG_PRO\Desktop\Image-Processing-Course-2025\Lab6_Hyperparameter-Tuning\data\denoised_lab6_top1\f6f3d5d0-8bbd-42e2-8921-ce8763dea58e.jpg
f6f9bf4b-90ee-4021-a5c3-a7035358cf9e.jpg,c:\Users\IMG_PRO\Desktop\Image-Processing-Course-2025\Lab6_Hyperparameter-Tuning\data\denoised_lab6_top1\f6f9bf4b-90ee-4021-a5c3-a7035358cf9e.jpg
f71c6aca-d6d8-441a-9918-a082de54fb33.jpg,c:\Users\IMG_PRO\Desktop\Image-Processing-Course-2025\Lab6_Hyperparameter-Tuning\data\denoised_lab6_top1\f71c6aca-d6d8-441a-9918-a082de54fb33.jpg
f742bfb2-79df-4b36-b8e3-b16bec3b4473.jpg,c:\Users\IMG_PRO\Desktop\Image-Processing-Course-2025\Lab6_Hyperparameter-Tuning\data\denoised_lab6_top1\f742bfb2-79df-4b36-b8e3-b16bec3b4473.jpg
f756e63c-31e3-4b33-8d81-744e2d72e139.jpg,c:\Users\IMG_PRO\Desktop\Image-Processing-Course-2025\Lab6_Hyperparameter-Tuning\data\denoised_lab6_top1\f756e63c-31e3-4b33-8d81-744e2d72e139.jpg
f770f3a1-92cd-412a-a0d0-27dd628f7934.jpg,c:\Users\IMG_PRO\Desktop\Image-Processing-Course-2025\Lab6_Hyperparameter-Tuning\data\denoised_lab6_top1\f770f3a1-92cd-412a-a0d0-27dd628f7934.jpg
f77fcb01-b696-422b-a85c-31583150112c.jpg,c:\Users\IMG_PRO\Desktop\Image-Processing-Course-2025\Lab6_Hyperparameter-Tuning\data\denoised_lab6_top1\f77fcb01-b696-422b-a85c-31583150112c.jpg
f7fe21c5-25de-4bca-932b-f7e8e93ff524.jpg,c:\Users\IMG_PRO\Desktop\Image-Processing-Course-2025\Lab6_Hyperparameter-Tuning\data\denoised_lab6_top1\f7fe21c5-25de-4bca-932b-f7e8e93ff524.jpg
f836cf0b-8c37-4503-a8f4-912b3cbe5d3a.jpg,c:\Users\IMG_PRO\Desktop\Image-Processing-Course-2025\Lab6_Hyperparameter-Tuning\data\denoised_lab6_top1\f836cf0b-8c37-4503-a8f4-912b3cbe5d3a.jpg
f88aef9e-9a55-450c-9d2e-e4ce2ff37c5e.jpg,c:\Users\IMG_PRO\Desktop\Image-Processing-Course-2025\Lab6_Hyperparameter-Tuning\data\denoised_lab6_top1\f88aef9e-9a55-450c-9d2e-e4ce2ff37c5e.jpg
f8d1d562-bccb-42f8-af98-74d2d5cf54ee.jpg,c:\Users\IMG_PRO\Desktop\Image-Processing-Course-2025\Lab6_Hyperparameter-Tuning\data\denoised_lab6_top1\f8d1d562-bccb-42f8-af98-74d2d5cf54ee.jpg
f8f88f43-0252-4e77-9b39-f4fb652e98c9.jpg,c:\Users\IMG_PRO\Desktop\Image-Processing-Course-2025\Lab6_Hyperparameter-Tuning\data\denoised_lab6_top1\f8f88f43-0252-4e77-9b39-f4fb652e98c9.jpg
f90daac7-25ea-421c-a5bb-17b284729a1d.jpg,c:\Users\IMG_PRO\Desktop\Image-Processing-Course-2025\Lab6_Hyperparameter-Tuning\data\denoised_lab6_top1\f90daac7-25ea-421c-a5bb-17b284729a1d.jpg
f927ae86-4eee-4367-a1e1-d9db76518ad3.jpg,c:\Users\IMG_PRO\Desktop\Image-Processing-Course-2025\Lab6_Hyperparameter-Tuning\data\denoised_lab6_top1\f927ae86-4eee-4367-a1e1-d9db76518ad3.jpg
f930938a-e487-48d8-8cc7-12a7ab2c05be.jpg,c:\Users\IMG_PRO\Desktop\Image-Processing-Course-2025\Lab6_Hyperparameter-Tuning\data\denoised_lab6_top1\f930938a-e487-48d8-8cc7-12a7ab2c05be.jpg
f9dbf81d-6a08-4917-8acf-20deaf34f99e.jpg,c:\Users\IMG_PRO\Desktop\Image-Processing-Course-2025\Lab6_Hyperparameter-Tuning\data\denoised_lab6_top1\f9dbf81d-6a08-4917-8acf-20deaf34f99e.jpg
f9fd2c8e-7412-48bd-80d9-bdbb912902df.jpg,c:\Users\IMG_PRO\Desktop\Image-Processing-Course-2025\Lab6_Hyperparameter-Tuning\data\denoised_lab6_top1\f9fd2c8e-7412-48bd-80d9-bdbb912902df.jpg
fa0306dc-7f33-4b9d-8fda-3e77ce810ff3.jpg,c:\Users\IMG_PRO\Desktop\Image-Processing-Course-2025\Lab6_Hyperparameter-Tuning\data\denoised_lab6_top1\fa0306dc-7f33-4b9d-8fda-3e77ce810ff3.jpg
fa36812e-5b45-44d4-beba-8253bfc69ea9.jpg,c:\Users\IMG_PRO\Desktop\Image-Processing-Course-2025\Lab6_Hyperparameter-Tuning\data\denoised_lab6_top1\fa36812e-5b45-44d4-beba-8253bfc69ea9.jpg
fa5729db-b644-45a1-9971-49ddca0dcd9f.jpg,c:\Users\IMG_PRO\Desktop\Image-Processing-Course-2025\Lab6_Hyperparameter-Tuning\data\denoised_lab6_top1\fa5729db-b644-45a1-9971-49ddca0dcd9f.jpg
fa708b80-9d9e-472c-8e32-5163c2b02d46.jpg,c:\Users\IMG_PRO\Desktop\Image-Processing-Course-2025\Lab6_Hyperparameter-Tuning\data\denoised_lab6_top1\fa708b80-9d9e-472c-8e32-5163c2b02d46.jpg
fa97fe34-bae8-4c50-89fe-48393ab70d45.jpg,c:\Users\IMG_PRO\Desktop\Image-Processing-Course-2025\Lab6_Hyperparameter-Tuning\data\denoised_lab6_top1\fa97fe34-bae8-4c50-89fe-48393ab70d45.jpg
fac83dc1-346c-4778-8f96-d16213493e4c.jpg,c:\Users\IMG_PRO\Desktop\Image-Processing-Course-2025\Lab6_Hyperparameter-Tuning\data\denoised_lab6_top1\fac83dc1-346c-4778-8f96-d16213493e4c.jpg
fad2e69e-ac27-4256-b807-0de2c69a637b.jpg,c:\Users\IMG_PRO\Desktop\Image-Processing-Course-2025\Lab6_Hyperparameter-Tuning\data\denoised_lab6_top1\fad2e69e-ac27-4256-b807-0de2c69a637b.jpg
fae90eb1-51d6-40f9-bf18-b3f565e9ae60.jpg,c:\Users\IMG_PRO\Desktop\Image-Processing-Course-2025\Lab6_Hyperparameter-Tuning\data\denoised_lab6_top1\fae90eb1-51d6-40f9-bf18-b3f565e9ae60.jpg
fb2b19ad-d371-4087-91b4-2a7c15998d07.jpg,c:\Users\IMG_PRO\Desktop\Image-Processing-Course-2025\Lab6_Hyperparameter-Tuning\data\denoised_lab6_top1\fb2b19ad-d371-4087-91b4-2a7c15998d07.jpg
fb88341d-c139-473f-a12d-c5c761097442.jpg,c:\Users\IMG_PRO\Desktop\Image-Processing-Course-2025\Lab6_Hyperparameter-Tuning\data\denoised_lab6_top1\fb88341d-c139-473f-a12d-c5c761097442.jpg
fb999a87-a355-48d2-ab66-b6bde74c9ebd.jpg,c:\Users\IMG_PRO\Desktop\Image-Processing-Course-2025\Lab6_Hyperparameter-Tuning\data\denoised_lab6_top1\fb999a87-a355-48d2-ab66-b6bde74c9ebd.jpg
fbea9a89-92e9-4c8e-ac2a-52f4c4ec5ab8.jpg,c:\Users\IMG_PRO\Desktop\Image-Processing-Course-2025\Lab6_Hyperparameter-Tuning\data\denoised_lab6_top1\fbea9a89-92e9-4c8e-ac2a-52f4c4ec5ab8.jpg
fbf7261c-0451-4110-9407-3c071463979e.jpg,c:\Users\IMG_PRO\Desktop\Image-Processing-Course-2025\Lab6_Hyperparameter-Tuning\data\denoised_lab6_top1\fbf7261c-0451-4110-9407-3c071463979e.jpg
fc1eb5ce-f799-495d-9a65-a651eb6c3338.jpg,c:\Users\IMG_PRO\Desktop\Image-Processing-Course-2025\Lab6_Hyperparameter-Tuning\data\denoised_lab6_top1\fc1eb5ce-f799-495d-9a65-a651eb6c3338.jpg
fc3be89f-f9ae-4bfe-b9bc-97eaa2369ed4.jpg,c:\Users\IMG_PRO\Desktop\Image-Processing-Course-2025\Lab6_Hyperparameter-Tuning\data\denoised_lab6_top1\fc3be89f-f9ae-4bfe-b9bc-97eaa2369ed4.jpg
fc6ce239-6e6f-47eb-add6-40087976a531.jpg,c:\Users\IMG_PRO\Desktop\Image-Processing-Course-2025\Lab6_Hyperparameter-Tuning\data\denoised_lab6_top1\fc6ce239-6e6f-47eb-add6-40087976a531.jpg
fc9eab74-d08b-458a-8ab8-39f36547fddf.jpg,c:\Users\IMG_PRO\Desktop\Image-Processing-Course-2025\Lab6_Hyperparameter-Tuning\data\denoised_lab6_top1\fc9eab74-d08b-458a-8ab8-39f36547fddf.jpg
fca86f94-6acb-49dc-98c4-a13d8c616d37.jpg,c:\Users\IMG_PRO\Desktop\Image-Processing-Course-2025\Lab6_Hyperparameter-Tuning\data\denoised_lab6_top1\fca86f94-6acb-49dc-98c4-a13d8c616d37.jpg
fcb5ec76-5469-4ed7-bf38-b99c8bd6d49b.jpg,c:\Users\IMG_PRO\Desktop\Image-Processing-Course-2025\Lab6_Hyperparameter-Tuning\data\denoised_lab6_top1\fcb5ec76-5469-4ed7-bf38-b99c8bd6d49b.jpg
fcbdfde7-e452-41ca-b6e5-cfbbdd051002.jpg,c:\Users\IMG_PRO\Desktop\Image-Processing-Course-2025\Lab6_Hyperparameter-Tuning\data\denoised_lab6_top1\fcbdfde7-e452-41ca-b6e5-cfbbdd051002.jpg
fce598ba-71e9-46a5-9c66-77ff4f3eed5c.jpg,c:\Users\IMG_PRO\Desktop\Image-Processing-Course-2025\Lab6_Hyperparameter-Tuning\data\denoised_lab6_top1\fce598ba-71e9-46a5-9c66-77ff4f3eed5c.jpg
fd45ddd4-2649-423c-a9bf-734e0488a207.jpg,c:\Users\IMG_PRO\Desktop\Image-Processing-Course-2025\Lab6_Hyperparameter-Tuning\data\denoised_lab6_top1\fd45ddd4-2649-423c-a9bf-734e0488a207.jpg
fd49899b-52ff-4af2-84c4-94892afb63d2.jpg,c:\Users\IMG_PRO\Desktop\Image-Processing-Course-2025\Lab6_Hyperparameter-Tuning\data\denoised_lab6_top1\fd49899b-52ff-4af2-84c4-94892afb63d2.jpg
fd67a17b-15e8-42f8-bfb0-781b800fdd89.jpg,c:\Users\IMG_PRO\Desktop\Image-Processing-Course-2025\Lab6_Hyperparameter-Tuning\data\denoised_lab6_top1\fd67a17b-15e8-42f8-bfb0-781b800fdd89.jpg
fd8d1ffc-9f8f-403e-b6b9-75b257a701cd.jpg,c:\Users\IMG_PRO\Desktop\Image-Processing-Course-2025\Lab6_Hyperparameter-Tuning\data\denoised_lab6_top1\fd8d1ffc-9f8f-403e-b6b9-75b257a701cd.jpg
fdaa16a5-3499-446e-85c1-a9af1ad4fc2e.jpg,c:\Users\IMG_PRO\Desktop\Image-Processing-Course-2025\Lab6_Hyperparameter-Tuning\data\denoised_lab6_top1\fdaa16a5-3499-446e-85c1-a9af1ad4fc2e.jpg
fdb0eb74-ed60-451a-ad54-8f535295eca6.jpg,c:\Users\IMG_PRO\Desktop\Image-Processing-Course-2025\Lab6_Hyperparameter-Tuning\data\denoised_lab6_top1\fdb0eb74-ed60-451a-ad54-8f535295eca6.jpg
fdd9528c-e1aa-4f10-98a4-1a5ab0e8fd40.jpg,c:\Users\IMG_PRO\Desktop\Image-Processing-Course-2025\Lab6_Hyperparameter-Tuning\data\denoised_lab6_top1\fdd9528c-e1aa-4f10-98a4-1a5ab0e8fd40.jpg
fe04b8f0-65c9-4aed-80c3-7d9e6f84bfb6.jpg,c:\Users\IMG_PRO\Desktop\Image-Processing-Course-2025\Lab6_Hyperparameter-Tuning\data\denoised_lab6_top1\fe04b8f0-65c9-4aed-80c3-7d9e6f84bfb6.jpg
fe3b543f-8b1b-48d3-b03d-6875f643fd3a.jpg,c:\Users\IMG_PRO\Desktop\Image-Processing-Course-2025\Lab6_Hyperparameter-Tuning\data\denoised_lab6_top1\fe3b543f-8b1b-48d3-b03d-6875f643fd3a.jpg
fe4d1c0c-c405-4e99-bf8c-36e361e33ae1.jpg,c:\Users\IMG_PRO\Desktop\Image-Processing-Course-2025\Lab6_Hyperparameter-Tuning\data\denoised_lab6_top1\fe4d1c0c-c405-4e99-bf8c-36e361e33ae1.jpg
fe7dc01b-5b43-4e81-8c1c-cd9160f90c14.jpg,c:\Users\IMG_PRO\Desktop\Image-Processing-Course-2025\Lab6_Hyperparameter-Tuning\data\denoised_lab6_top1\fe7dc01b-5b43-4e81-8c1c-cd9160f90c14.jpg
febd3d70-0e29-495c-9b68-2ce5a4943f0a.jpg,c:\Users\IMG_PRO\Desktop\Image-Processing-Course-2025\Lab6_Hyperparameter-Tuning\data\denoised_lab6_top1\febd3d70-0e29-495c-9b68-2ce5a4943f0a.jpg
feff0ae9-7de8-431d-a6d8-fe2cca178006.jpg,c:\Users\IMG_PRO\Desktop\Image-Processing-Course-2025\Lab6_Hyperparameter-Tuning\data\denoised_lab6_top1\feff0ae9-7de8-431d-a6d8-fe2cca178006.jpg
ff079bb0-0105-41c1-bfe7-5b652fe75551.jpg,c:\Users\IMG_PRO\Desktop\Image-Processing-Course-2025\Lab6_Hyperparameter-Tuning\data\denoised_lab6_top1\ff079bb0-0105-41c1-bfe7-5b652fe75551.jpg
ff2b0ab8-0577-464b-b911-8a605e7156ba.jpg,c:\Users\IMG_PRO\Desktop\Image-Processing-Course-2025\Lab6_Hyperparameter-Tuning\data\denoised_lab6_top1\ff2b0ab8-0577-464b-b911-8a605e7156ba.jpg
ff8ba4d8-295c-4a19-af35-17670935b179.jpg,c:\Users\IMG_PRO\Desktop\Image-Processing-Course-2025\Lab6_Hyperparameter-Tuning\data\denoised_lab6_top1\ff8ba4d8-295c-4a19-af35-17670935b179.jpg
ffab04dd-527a-4aca-b0fd-980a3d4e16c8.jpg,c:\Users\IMG_PRO\Desktop\Image-Processing-Course-2025\Lab6_Hyperparameter-Tuning\data\denoised_lab6_top1\ffab04dd-527a-4aca-b0fd-980a3d4e16c8.jpg
ffcfb3b1-a204-4dc6-b981-3cbfb8977559.jpg,c:\Users\IMG_PRO\Desktop\Image-Processing-Course-2025\Lab6_Hyperparameter-Tuning\data\denoised_lab6_top1\ffcfb3b1-a204-4dc6-b981-3cbfb8977559.jpg
ffd4b549-7947-4b1d-92e0-abdf39e44044.jpg,c:\Users\IMG_PRO\Desktop\Image-Processing-Course-2025\Lab6_Hyperparameter-Tuning\data\denoised_lab6_top1\ffd4b549-7947-4b1d-92e0-abdf39e44044.jpg
ffdf0c28-41d1-49bc-8e9a-8c8e847be903.jpg,c:\Users\IMG_PRO\Desktop\Image-Processing-Course-2025\Lab6_Hyperparameter-Tuning\data\denoised_lab6_top1\ffdf0c28-41d1-49bc-8e9a-8c8e847be903.jpg
ffe55b1e-5e20-43ae-ad66-ad3654b89159.jpg,c:\Users\IMG_PRO\Desktop\Image-Processing-Course-2025\Lab6_Hyperparameter-Tuning\data\denoised_lab6_top1\ffe55b1e-5e20-43ae-ad66-ad3654b89159.jpg
ffec2685-7bcc-4132-b1ae-c0421d6599d7.jpg,c:\Users\IMG_PRO\Desktop\Image-Processing-Course-2025\Lab6_Hyperparameter-Tuning\data\denoised_lab6_top1\ffec2685-7bcc-4132-b1ae-c0421d6599d7.jpg
fff58d85-b9e0-4f4a-a4b4-672d3a627b8c.jpg,c:\Users\IMG_PRO\Desktop\Image-Processing-Course-2025\Lab6_Hyperparameter-Tuning\data\denoised_lab6_top1\fff58d85-b9e0-4f4a-a4b4-672d3a627b8c.jpg
fff71037-8f54-42bc-a7a0-4b79a5d28e71.jpg,c:\Users\IMG_PRO\Desktop\Image-Processing-Course-2025\Lab6_Hyperparameter-Tuning\data\denoised_lab6_top1\fff71037-8f54-42bc-a7a0-4b79a5d28e71.jpg
